Entity,Code,Year,Self-reported life satisfaction (Cantril Ladder),Share of people who say they are 'very happy' or 'rather happy' (IVS),Population,World region according to OWID,Share of people who say they are 'very happy' or 'rather happy' (IVS) (Annotations)
Afghanistan,AFG,2011,4.258,,29347708,Asia,
Afghanistan,AFG,2012,4.04,,30560036,Asia,
Afghanistan,AFG,2014,3.575,,32792528,Asia,
Afghanistan,AFG,2015,3.36,,33831767,Asia,
Afghanistan,AFG,2016,3.794,,34700613,Asia,
Afghanistan,AFG,2017,3.632,,35688941,Asia,
Afghanistan,AFG,2018,3.203,,36743040,Asia,
Afghanistan,AFG,2019,2.5669,,37856125,Asia,
Afghanistan,AFG,2020,2.523,,39068977,Asia,
Afghanistan,AFG,2021,2.404,,40000410,Asia,
Afghanistan,AFG,2022,1.859,,40578847,Asia,
Afghanistan,AFG,2023,1.721,,41454762,Asia,
Afghanistan,AFG,2024,1.364,,41454762,Asia,
Afghanistan,AFG,2025,1.446,,41454762,Asia,
Africa,OWID_AFR,2011,4.4544125,,1099732995,,
Africa,OWID_AFR,2012,4.6191697,,1128396676,,
Africa,OWID_AFR,2014,4.4771976,,1188685762,,
Africa,OWID_AFR,2015,4.3975887,,1219484027,,
Africa,OWID_AFR,2016,4.460724,,1250551239,,
Africa,OWID_AFR,2017,4.4500165,,1282169538,,
Africa,OWID_AFR,2018,4.517406,,1314609397,,
Africa,OWID_AFR,2019,4.463222,,1347162538,,
Africa,OWID_AFR,2020,4.5540376,,1379939686,,
Africa,OWID_AFR,2021,4.5203047,,1412811077,,
Africa,OWID_AFR,2022,4.4283752,,1445862695,,
Africa,OWID_AFR,2023,4.387006,,1479690254,,
Africa,OWID_AFR,2024,4.390881,,1479690254,,
Africa,OWID_AFR,2025,4.4444437,,1479690254,,
Albania,ALB,1998,,33.43343,3210134,Europe,
Albania,ALB,2004,,58.8,3098662,Europe,
Albania,ALB,2010,,66.85212,2928731,Europe,
Albania,ALB,2011,5.134,,2911499,Europe,
Albania,ALB,2012,5.55,,2910003,Europe,
Albania,ALB,2014,4.959,,2903748,Europe,
Albania,ALB,2015,4.655,,2898634,Europe,
Albania,ALB,2016,4.644,,2897868,Europe,
Albania,ALB,2017,4.586,,2898245,Europe,
Albania,ALB,2018,4.719,,2894229,Europe,
Albania,ALB,2019,4.8827,,2885011,Europe,
Albania,ALB,2020,5.117,,2871950,Europe,
Albania,ALB,2021,5.199,,2849641,Europe,
Albania,ALB,2022,5.277,73.9271,2827614,Europe,
Albania,ALB,2023,5.304,,2811660,Europe,
Albania,ALB,2024,5.411,,2811660,Europe,
Albania,ALB,2025,5.662,,2811660,Europe,
Algeria,DZA,2004,,80.73323,32628286,Africa,
Algeria,DZA,2011,5.368,,36903374,Africa,
Algeria,DZA,2012,5.422,,37646165,Africa,
Algeria,DZA,2014,5.605,75.5,39205035,Africa,
Algeria,DZA,2015,6.355,,40019528,Africa,
Algeria,DZA,2016,5.872,,40850719,Africa,
Algeria,DZA,2017,5.295,,41689302,Africa,
Algeria,DZA,2018,5.211,,42505033,Africa,
Algeria,DZA,2019,5.0051,,43294551,Africa,
Algeria,DZA,2020,4.887,,44042094,Africa,
Algeria,DZA,2021,5.122,,44761099,Africa,
Algeria,DZA,2022,5.329,,45477391,Africa,
Algeria,DZA,2023,5.364,,46164222,Africa,
Algeria,DZA,2024,5.571,,46164222,Africa,
Algeria,DZA,2025,5.714,,46164222,Africa,
Andorra,AND,2010,,92.52583,80727,Europe,
Andorra,AND,2022,,95.01992,79722,Europe,
Angola,AGO,2011,4.178,,24218358,Africa,
Angola,AGO,2012,5.589,,25177398,Africa,
Angola,AGO,2014,4.033,,27160767,Africa,
Angola,AGO,2015,3.866,,28157802,Africa,
Angola,AGO,2016,3.795,,29183072,Africa,
Angola,AGO,2017,3.795,,30234836,Africa,
Argentina,ARG,1984,,77.01783,29863090,South America,
Argentina,ARG,1993,,76.34731,34152719,South America,
Argentina,ARG,1998,,81.5944,36372862,South America,
Argentina,ARG,2004,,81.37083,38815915,South America,
Argentina,ARG,2010,,87.6046,41288694,South America,
Argentina,ARG,2011,6.242,,41730655,South America,
Argentina,ARG,2012,6.562,,42161718,South America,
Argentina,ARG,2014,6.574,86.44928,43024071,South America,
Argentina,ARG,2015,6.65,,43477011,South America,
Argentina,ARG,2016,6.599,,43900312,South America,
Argentina,ARG,2017,6.388,,44288898,South America,
Argentina,ARG,2018,6.086,,44654876,South America,
Argentina,ARG,2019,5.9747,,44973469,South America,
Argentina,ARG,2020,5.929,,45191960,South America,
Argentina,ARG,2021,5.967,,45312282,South America,
Argentina,ARG,2022,6.024,85.70853,45407904,South America,
Argentina,ARG,2023,6.188,,45538402,South America,
Argentina,ARG,2024,6.397,,45538402,South America,
Argentina,ARG,2025,6.43,,45538402,South America,
Armenia,ARM,1998,,54.8,3208399,Asia,
Armenia,ARM,2010,,75.88392,2931083,Asia,
Armenia,ARM,2011,4.474,,2923269,Asia,
Armenia,ARM,2012,4.316,,2922529,Asia,
Armenia,ARM,2014,4.35,82.00644,2922433,Asia,
Armenia,ARM,2015,4.36,,2921179,Asia,
Armenia,ARM,2016,4.376,,2918796,Asia,
Armenia,ARM,2017,4.321,,2914966,Asia,
Armenia,ARM,2018,4.559,,2909971,Asia,
Armenia,ARM,2019,4.6768,,2903975,Asia,
Armenia,ARM,2020,5.283,,2890893,Asia,
Armenia,ARM,2021,5.399,,2870339,Asia,
Armenia,ARM,2022,5.342,85.49175,2880880,Asia,
Armenia,ARM,2023,5.455,,2943398,Asia,
Armenia,ARM,2024,5.494,,2943398,Asia,
Armenia,ARM,2025,5.584,,2943398,Asia,
Asia,OWID_ASI,2011,4.982614,,4288350005,,
Asia,OWID_ASI,2012,5.0313606,,4338443538,,
Asia,OWID_ASI,2014,5.0074577,,4435744576,,
Asia,OWID_ASI,2015,4.981026,,4482088489,,
Asia,OWID_ASI,2016,4.9749727,,4527178153,,
Asia,OWID_ASI,2017,4.9183135,,4571224645,,
Asia,OWID_ASI,2018,4.8491173,,4612352852,,
Asia,OWID_ASI,2019,4.7312956,,4651098724,,
Asia,OWID_ASI,2020,4.8435636,,4686811214,,
Asia,OWID_ASI,2021,4.889135,,4716999164,,
Asia,OWID_ASI,2022,5.004606,,4746329727,,
Asia,OWID_ASI,2023,5.078239,,4776659631,,
Asia,OWID_ASI,2024,5.19059,,4776659631,,
Asia,OWID_ASI,2025,5.315357,,4776659631,,
Australia,AUS,1984,,94.73932,15620653,Oceania,
Australia,AUS,1998,,94.26124,18701710,Oceania,
Australia,AUS,2010,,91.50835,22141583,Oceania,
Australia,AUS,2011,7.345,,22479779,Oceania,
Australia,AUS,2012,7.35,,22852648,Oceania,
Australia,AUS,2014,7.284,92.57456,23595599,Oceania,
Australia,AUS,2015,7.313,,23947997,Oceania,
Australia,AUS,2016,7.284,,24329963,Oceania,
Australia,AUS,2017,7.272,,24731044,Oceania,
Australia,AUS,2018,7.228,,25119700,Oceania,
Australia,AUS,2019,7.2228,,25482714,Oceania,
Australia,AUS,2020,7.183,,25743787,Oceania,
Australia,AUS,2021,7.162,,25956417,Oceania,
Australia,AUS,2022,7.095,89.58137,26200987,Oceania,
Australia,AUS,2023,7.057,,26451126,Oceania,
Australia,AUS,2024,6.974,,26451126,Oceania,
Australia,AUS,2025,6.916,,26451126,Oceania,
Austria,AUT,1993,,85.8064,7907492,Europe,
Austria,AUT,2004,,89.53736,8173496,Europe,
Austria,AUT,2010,,87.91252,8365087,Europe,
Austria,AUT,2011,7.227,,8393272,Europe,
Austria,AUT,2012,7.369,,8431599,Europe,
Austria,AUT,2014,7.2,,8547812,Europe,
Austria,AUT,2015,7.119,,8644037,Europe,
Austria,AUT,2016,7.006,,8737920,Europe,
Austria,AUT,2017,7.139,,8798779,Europe,
Austria,AUT,2018,7.246,,8841653,Europe,
Austria,AUT,2019,7.2942,,8880876,Europe,
Austria,AUT,2020,7.268,,8921402,Europe,
Austria,AUT,2021,7.163,,8967053,Europe,
Austria,AUT,2022,7.097,89.06489,9064678,Europe,
Austria,AUT,2023,6.905,,9130434,Europe,
Austria,AUT,2024,6.81,,9130434,Europe,
Austria,AUT,2025,6.845,,9130434,Europe,
Azerbaijan,AZE,1998,,76.62337,8025808,Asia,
Azerbaijan,AZE,2011,4.582,,9256156,Asia,
Azerbaijan,AZE,2012,4.604,,9376179,Asia,
Azerbaijan,AZE,2014,5.212,80.63264,9631136,Asia,
Azerbaijan,AZE,2015,5.291,,9752859,Asia,
Azerbaijan,AZE,2016,5.234,,9868434,Asia,
Azerbaijan,AZE,2017,5.201,,9968510,Asia,
Azerbaijan,AZE,2018,5.208,,10039782,Asia,
Azerbaijan,AZE,2019,5.1648,,10110483,Asia,
Azerbaijan,AZE,2020,5.171,,10181736,Asia,
Azerbaijan,AZE,2021,5.173,,10234372,Asia,
Azerbaijan,AZE,2022,,79.91089,10295307,Asia,
Azerbaijan,AZE,2023,4.893,,10318209,Asia,
Azerbaijan,AZE,2024,4.875,,10318209,Asia,
Azerbaijan,AZE,2025,4.993,,10318209,Asia,
Bahrain,BHR,2011,5.568,,1206733,Asia,
Bahrain,BHR,2012,5.312,,1216307,Asia,
Bahrain,BHR,2014,5.96,,1312857,Asia,
Bahrain,BHR,2015,6.218,,1369656,Asia,
Bahrain,BHR,2016,6.087,,1429609,Asia,
Bahrain,BHR,2017,6.105,,1482003,Asia,
Bahrain,BHR,2018,6.199,,1497634,Asia,
Bahrain,BHR,2019,6.2273,,1485675,Asia,
Bahrain,BHR,2020,6.647,,1483081,Asia,
Bahrain,BHR,2021,6.647,,1501762,Asia,
Bahrain,BHR,2022,6.173,,1533460,Asia,
Bahrain,BHR,2023,5.959,,1569674,Asia,
Bahrain,BHR,2024,6.03,,1569674,Asia,
Bahrain,BHR,2025,6.254,,1569674,Asia,
Bangladesh,BGD,1998,,84.72131,129622332,Asia,
Bangladesh,BGD,2004,,77.4,142902857,Asia,
Bangladesh,BGD,2011,4.807,,153591074,Asia,
Bangladesh,BGD,2012,4.804,,155070110,Asia,
Bangladesh,BGD,2014,4.694,,157964931,Asia,
Bangladesh,BGD,2015,4.643,,159383179,Asia,
Bangladesh,BGD,2016,4.608,,160811934,Asia,
Bangladesh,BGD,2017,4.5,,162186146,Asia,
Bangladesh,BGD,2018,4.456,,163523109,Asia,
Bangladesh,BGD,2019,4.8328,,164913060,Asia,
Bangladesh,BGD,2020,5.025,,166298024,Asia,
Bangladesh,BGD,2021,5.155,,167658855,Asia,
Bangladesh,BGD,2022,4.282,90.66667,169384891,Asia,
Bangladesh,BGD,2023,3.886,,171466986,Asia,
Bangladesh,BGD,2024,3.851,,171466986,Asia,
Bangladesh,BGD,2025,4.319,,171466986,Asia,
Belarus,BLR,1993,,43.84236,10241320,Europe,
Belarus,BLR,1998,,44.88528,10080579,Europe,
Belarus,BLR,2004,,61.9,9735089,Europe,
Belarus,BLR,2010,,75.76498,9490752,Europe,
Belarus,BLR,2011,5.566,,9472738,Europe,
Belarus,BLR,2012,5.504,,9463075,Europe,
Belarus,BLR,2014,5.813,63.72472,9472704,Europe,
Belarus,BLR,2015,5.802,,9487289,Europe,
Belarus,BLR,2016,5.569,,9499066,Europe,
Belarus,BLR,2017,5.483,,9495793,Europe,
Belarus,BLR,2018,5.323,,9480031,Europe,
Belarus,BLR,2019,5.5399,,9435415,Europe,
Belarus,BLR,2020,5.534,,9350943,Europe,
Belarus,BLR,2021,5.821,,9251368,Europe,
Belarus,BLR,2022,,88.54685,9173240,Europe,
Belgium,BEL,1984,,88.16196,9874586,Europe,
Belgium,BEL,1993,,89.69501,10084932,Europe,
Belgium,BEL,2004,,92.04511,10421298,Europe,
Belgium,BEL,2010,,94.34523,10936619,Europe,
Belgium,BEL,2011,7.113,,11038624,Europe,
Belgium,BEL,2012,6.967,,11107522,Europe,
Belgium,BEL,2014,6.937,,11210113,Europe,
Belgium,BEL,2015,6.929,,11275332,Europe,
Belgium,BEL,2016,6.891,,11332707,Europe,
Belgium,BEL,2017,6.927,,11376583,Europe,
Belgium,BEL,2018,6.923,,11428608,Europe,
Belgium,BEL,2019,6.8635,,11490623,Europe,
Belgium,BEL,2020,6.834,,11540102,Europe,
Belgium,BEL,2021,6.805,,11570843,Europe,
Belgium,BEL,2022,6.859,,11641814,Europe,
Belgium,BEL,2023,6.894,,11712891,Europe,
Belgium,BEL,2024,6.91,,11712891,Europe,
Belgium,BEL,2025,6.926,,11712891,Europe,
Belize,BLZ,2011,6.451,,327306,North America,
Belize,BLZ,2015,5.956,,356341,North America,
Belize,BLZ,2016,5.956,,364717,North America,
Belize,BLZ,2017,5.956,,373215,North America,
Belize,BLZ,2024,6.711,,411112,North America,
Belize,BLZ,2025,6.711,,411112,North America,
Benin,BEN,2011,3.493,,10093626,Africa,
Benin,BEN,2012,3.528,,10397659,Africa,
Benin,BEN,2014,3.34,,11030008,Africa,
Benin,BEN,2015,3.484,,11360681,Africa,
Benin,BEN,2016,3.657,,11697845,Africa,
Benin,BEN,2017,4.141,,12039777,Africa,
Benin,BEN,2018,4.883,,12383349,Africa,
Benin,BEN,2019,5.216,,12726760,Africa,
Benin,BEN,2020,5.045,,13070169,Africa,
Benin,BEN,2021,4.623,,13413423,Africa,
Benin,BEN,2022,4.374,,13759507,Africa,
Benin,BEN,2023,4.377,,14111035,Africa,
Benin,BEN,2024,4.357,,14111035,Africa,
Benin,BEN,2025,4.393,,14111035,Africa,
Bhutan,BTN,2014,5.253,,733151,Asia,
Bhutan,BTN,2015,5.196,,740623,Asia,
Bhutan,BTN,2016,5.011,,747878,Asia,
Bhutan,BTN,2017,5.082,,754343,Asia,
Bhutan,BTN,2018,5.082,,759766,Asia,
Bolivia,BOL,2011,5.633,,10348931,South America,
Bolivia,BOL,2012,5.857,,10515814,South America,
Bolivia,BOL,2014,5.89,,10848889,South America,
Bolivia,BOL,2015,5.822,,11014707,South America,
Bolivia,BOL,2016,5.823,,11180020,South America,
Bolivia,BOL,2017,5.752,,11344591,South America,
Bolivia,BOL,2018,5.779,,11508370,South America,
Bolivia,BOL,2019,5.7475,,11671386,South America,
Bolivia,BOL,2020,5.716,,11816301,South America,
Bolivia,BOL,2021,5.6,,11937369,South America,
Bolivia,BOL,2022,5.684,73.00436,12077156,South America,
Bolivia,BOL,2023,5.784,,12244161,South America,
Bolivia,BOL,2024,5.868,,12244161,South America,
Bolivia,BOL,2025,5.835,,12244161,South America,
Bosnia and Herzegovina,BIH,1998,,74.91666,4089357,Europe,
Bosnia and Herzegovina,BIH,2004,,81.83334,4140990,Europe,
Bosnia and Herzegovina,BIH,2010,,85.70629,3811480,Europe,
Bosnia and Herzegovina,BIH,2011,4.857,,3741799,Europe,
Bosnia and Herzegovina,BIH,2012,4.813,,3670109,Europe,
Bosnia and Herzegovina,BIH,2014,4.949,,3564831,Europe,
Bosnia and Herzegovina,BIH,2015,5.163,,3518541,Europe,
Bosnia and Herzegovina,BIH,2016,5.182,,3472997,Europe,
Bosnia and Herzegovina,BIH,2017,5.129,,3428684,Europe,
Bosnia and Herzegovina,BIH,2018,5.386,,3386999,Europe,
Bosnia and Herzegovina,BIH,2019,5.6741,,3345532,Europe,
Bosnia and Herzegovina,BIH,2020,5.813,,3299352,Europe,
Bosnia and Herzegovina,BIH,2021,5.768,,3244912,Europe,
Bosnia and Herzegovina,BIH,2022,5.633,87.04503,3204802,Europe,
Bosnia and Herzegovina,BIH,2023,5.877,,3185072,Europe,
Bosnia and Herzegovina,BIH,2024,6.136,,3185072,Europe,
Bosnia and Herzegovina,BIH,2025,6.381,,3185072,Europe,
Botswana,BWA,2011,4.581,,2073538,Africa,
Botswana,BWA,2012,3.97,,2108617,Africa,
Botswana,BWA,2014,4.332,,2172053,Africa,
Botswana,BWA,2015,3.974,,2203276,Africa,
Botswana,BWA,2016,3.766,,2234784,Africa,
Botswana,BWA,2017,3.59,,2266749,Africa,
Botswana,BWA,2018,3.488,,2299149,Africa,
Botswana,BWA,2019,3.4789,,2332082,Africa,
Botswana,BWA,2020,3.467,,2365895,Africa,
Botswana,BWA,2021,3.471,,2401448,Africa,
Botswana,BWA,2022,3.435,,2439895,Africa,
Botswana,BWA,2023,3.383,,2480242,Africa,
Botswana,BWA,2024,3.438,,2480242,Africa,
Botswana,BWA,2025,3.464,,2480242,Africa,
Brazil,BRA,1993,,75.47924,156794574,South America,
Brazil,BRA,1998,,82.93963,169159651,South America,
Brazil,BRA,2010,,90.36794,193701931,South America,
Brazil,BRA,2011,6.697,,195284736,South America,
Brazil,BRA,2012,6.849,,196876113,South America,
Brazil,BRA,2014,6.983,91.9623,200085126,South America,
Brazil,BRA,2015,6.952,,201675534,South America,
Brazil,BRA,2016,6.635,,203218108,South America,
Brazil,BRA,2017,6.419,,204703440,South America,
Brazil,BRA,2018,6.3,,206107265,South America,
Brazil,BRA,2019,6.3756,,207455459,South America,
Brazil,BRA,2020,6.33,,208660845,South America,
Brazil,BRA,2021,6.293,,209550291,South America,
Brazil,BRA,2022,6.125,89.20344,210306411,South America,
Brazil,BRA,2023,6.272,,211140731,South America,
Brazil,BRA,2024,6.494,,211140731,South America,
Brazil,BRA,2025,6.634,,211140731,South America,
Bulgaria,BGR,1993,,35.39652,8466533,Europe,
Bulgaria,BGR,1998,,55.50373,8138193,Europe,
Bulgaria,BGR,2004,,44.50122,7749430,Europe,
Bulgaria,BGR,2010,,58.15398,7437594,Europe,
Bulgaria,BGR,2011,3.889,,7380023,Europe,
Bulgaria,BGR,2012,3.981,,7317020,Europe,
Bulgaria,BGR,2014,4.218,,7223450,Europe,
Bulgaria,BGR,2015,4.217,,7177515,Europe,
Bulgaria,BGR,2016,4.714,,7127436,Europe,
Bulgaria,BGR,2017,4.933,,7075642,Europe,
Bulgaria,BGR,2018,5.011,,7024745,Europe,
Bulgaria,BGR,2019,5.1015,,6975466,Europe,
Bulgaria,BGR,2020,5.266,,6933656,Europe,
Bulgaria,BGR,2021,5.371,,6877222,Europe,
Bulgaria,BGR,2022,5.466,60.17142,6825862,Europe,
Bulgaria,BGR,2023,5.463,,6795805,Europe,
Bulgaria,BGR,2024,5.554,,6795805,Europe,
Bulgaria,BGR,2025,5.703,,6795805,Europe,
Burkina Faso,BFA,2010,,79.7262,16176503,Africa,
Burkina Faso,BFA,2011,3.926,,16661907,Africa,
Burkina Faso,BFA,2012,4.259,,17172284,Africa,
Burkina Faso,BFA,2014,3.587,,18229466,Africa,
Burkina Faso,BFA,2015,3.739,,18777488,Africa,
Burkina Faso,BFA,2016,4.032,,19334854,Africa,
Burkina Faso,BFA,2017,4.424,,19894413,Africa,
Burkina Faso,BFA,2018,4.587,,20438289,Africa,
Burkina Faso,BFA,2019,4.7687,,20961956,Africa,
Burkina Faso,BFA,2020,4.834,,21478691,Africa,
Burkina Faso,BFA,2021,4.67,,21995249,Africa,
Burkina Faso,BFA,2022,4.638,,22509038,Africa,
Burkina Faso,BFA,2023,4.548,,23025777,Africa,
Burkina Faso,BFA,2024,4.383,,23025777,Africa,
Burkina Faso,BFA,2025,4.455,,23025777,Africa,
Burundi,BDI,2011,3.678,,9717980,Africa,
Burundi,BDI,2012,3.706,,10071033,Africa,
Burundi,BDI,2014,2.906,,10799789,Africa,
Burundi,BDI,2015,2.905,,11047581,Africa,
Burundi,BDI,2016,2.905,,11239459,Africa,
Burundi,BDI,2017,2.905,,11506764,Africa,
Burundi,BDI,2018,3.775,,11859444,Africa,
Burundi,BDI,2019,3.7753,,12255339,Africa,
Burundi,BDI,2020,3.775,,12617041,Africa,
Cambodia,KHM,2011,4.101,,14722587,Asia,
Cambodia,KHM,2012,4.067,,14945090,Asia,
Cambodia,KHM,2014,3.819,,15396771,Asia,
Cambodia,KHM,2015,3.907,,15623253,Asia,
Cambodia,KHM,2016,4.168,,15852802,Asia,
Cambodia,KHM,2017,4.433,,16073374,Asia,
Cambodia,KHM,2018,4.7,,16274522,Asia,
Cambodia,KHM,2019,4.8484,,16481305,Asia,
Cambodia,KHM,2020,4.83,,16725484,Asia,
Cambodia,KHM,2021,4.64,,16974309,Asia,
Cambodia,KHM,2022,4.393,,17201721,Asia,
Cambodia,KHM,2023,4.341,,17423884,Asia,
Cambodia,KHM,2024,4.341,,17423884,Asia,
Cambodia,KHM,2025,4.462,,17423884,Asia,
Cameroon,CMR,2011,4.376,,20232312,Africa,
Cameroon,CMR,2012,4.42,,20809530,Africa,
Cameroon,CMR,2014,4.252,,22059894,Africa,
Cameroon,CMR,2015,4.513,,22763418,Africa,
Cameroon,CMR,2016,4.695,,23454165,Africa,
Cameroon,CMR,2017,4.975,,24128609,Africa,
Cameroon,CMR,2018,5.044,,24806377,Africa,
Cameroon,CMR,2019,5.0849,,25506095,Africa,
Cameroon,CMR,2020,5.142,,26210566,Africa,
Cameroon,CMR,2021,5.048,,26915765,Africa,
Cameroon,CMR,2022,4.973,,27632770,Africa,
Cameroon,CMR,2023,4.874,,28372690,Africa,
Cameroon,CMR,2024,4.887,,28372690,Africa,
Cameroon,CMR,2025,5.083,,28372690,Africa,
Canada,CAN,1984,,95.82815,25670376,North America,
Canada,CAN,1993,,77.50977,28830635,North America,
Canada,CAN,2004,,95.53561,32132680,North America,
Canada,CAN,2010,,95.21655,34196900,North America,
Canada,CAN,2011,7.499,,34555449,North America,
Canada,CAN,2012,7.477,,34922513,North America,
Canada,CAN,2014,7.427,,35634265,North America,
Canada,CAN,2015,7.404,,35962236,North America,
Canada,CAN,2016,7.316,,36353345,North America,
Canada,CAN,2017,7.328,,36808498,North America,
Canada,CAN,2018,7.278,,37294996,North America,
Canada,CAN,2019,7.2321,,37782934,North America,
Canada,CAN,2020,7.103,,38171903,North America,
Canada,CAN,2021,7.025,,38454058,North America,
Canada,CAN,2022,6.961,84.87317,38821259,North America,
Canada,CAN,2023,6.9,,39299098,North America,
Canada,CAN,2024,6.803,,39299098,North America,
Canada,CAN,2025,6.741,,39299098,North America,
Central African Republic,CAF,2011,3.568,,4565023,Africa,
Central African Republic,CAF,2012,3.623,,4610848,Africa,
Central African Republic,CAF,2014,3.678,,4623187,Africa,
Central African Republic,CAF,2016,2.693,,4713663,Africa,
Central African Republic,CAF,2017,3.083,,4793512,Africa,
Central African Republic,CAF,2018,3.083,,4878663,Africa,
Central African Republic,CAF,2019,3.4759,,4944708,Africa,
Chad,TCD,2011,3.919,,12755004,Africa,
Chad,TCD,2012,4.056,,13211006,Africa,
Chad,TCD,2014,3.667,,14188680,Africa,
Chad,TCD,2015,3.763,,14647626,Africa,
Chad,TCD,2016,3.936,,15114652,Africa,
Chad,TCD,2017,4.301,,15622756,Africa,
Chad,TCD,2018,4.35,,16156535,Africa,
Chad,TCD,2019,4.4227,,16685223,Africa,
Chad,TCD,2020,4.355,,17224686,Africa,
Chad,TCD,2021,4.251,,17828274,Africa,
Chad,TCD,2022,4.397,,18455319,Africa,
Chad,TCD,2023,4.471,,19319075,Africa,
Chad,TCD,2024,4.384,,19319075,Africa,
Chad,TCD,2025,4.385,,19319075,Africa,
Chile,CHL,1993,,71.86667,14102276,South America,
Chile,CHL,1998,,79.6184,15127799,South America,
Chile,CHL,2004,,79.83334,16187324,South America,
Chile,CHL,2010,,79.49508,17181463,South America,
Chile,CHL,2011,6.128,,17351810,South America,
Chile,CHL,2012,6.587,,17519116,South America,
Chile,CHL,2014,6.67,84.5,17864192,South America,
Chile,CHL,2015,6.705,,18047630,South America,
Chile,CHL,2016,6.652,,18267225,South America,
Chile,CHL,2017,6.476,,18558868,South America,
Chile,CHL,2018,6.444,,18893185,South America,
Chile,CHL,2019,6.2285,,19197748,South America,
Chile,CHL,2020,6.172,,19370621,South America,
Chile,CHL,2021,6.172,,19456323,South America,
Chile,CHL,2022,6.334,82.6173,19553033,South America,
Chile,CHL,2023,6.36,,19658833,South America,
Chile,CHL,2024,6.361,,19658833,South America,
Chile,CHL,2025,6.302,,19658833,South America,
China,CHN,1993,,66.6,1197308574,Asia,
China,CHN,1998,,83.60001,1250847122,Asia,
China,CHN,2004,,77.8,1302100316,Asia,
China,CHN,2010,,76.71336,1351561505,Asia,
China,CHN,2011,4.68,,1360250658,Asia,
China,CHN,2012,4.978,,1369520866,Asia,
China,CHN,2014,5.14,84.46513,1387951970,Asia,
China,CHN,2015,5.245,,1396134171,Asia,
China,CHN,2016,5.273,,1404052628,Asia,
China,CHN,2017,5.246,,1412354730,Asia,
China,CHN,2018,5.191,,1419008954,Asia,
China,CHN,2019,5.1239,,1423520357,Asia,
China,CHN,2020,5.339,,1426106093,Asia,
China,CHN,2021,5.585,,1426437269,Asia,
China,CHN,2022,5.818,88.94933,1425179562,Asia,
China,CHN,2023,5.973,,1422584930,Asia,
China,CHN,2024,5.921,,1422584930,Asia,
China,CHN,2025,6.074,,1422584930,Asia,
Colombia,COL,1998,,84.31242,37792169,South America,
Colombia,COL,2010,,86.84298,44777325,South America,
Colombia,COL,2011,6.202,,45259614,South America,
Colombia,COL,2012,6.416,,45715807,South America,
Colombia,COL,2014,6.477,91.53439,46565426,South America,
Colombia,COL,2015,6.481,,46969938,South America,
Colombia,COL,2016,6.357,,47437513,South America,
Colombia,COL,2017,6.26,,48131076,South America,
Colombia,COL,2018,6.125,,49024463,South America,
Colombia,COL,2019,6.1634,,49907987,South America,
Colombia,COL,2020,6.012,,50629997,South America,
Colombia,COL,2021,5.781,,51188174,South America,
Colombia,COL,2022,5.63,89.4079,51737944,South America,
Colombia,COL,2023,5.695,,52321152,South America,
Colombia,COL,2024,6.004,,52321152,South America,
Colombia,COL,2025,6.04,,52321152,South America,
Comoros,COM,2011,3.7,,668064,Africa,
Comoros,COM,2012,3.851,,681637,Africa,
Comoros,COM,2014,3.956,,711512,Africa,
Comoros,COM,2015,3.956,,726685,Africa,
Comoros,COM,2018,3.973,,771597,Africa,
Comoros,COM,2019,4.2886,,786582,Africa,
Comoros,COM,2020,4.289,,802172,Africa,
Comoros,COM,2021,4.609,,818178,Africa,
Comoros,COM,2022,3.545,,834191,Africa,
Comoros,COM,2023,3.566,,850390,Africa,
Comoros,COM,2024,3.754,,850390,Africa,
Comoros,COM,2025,3.925,,850390,Africa,
Congo,COG,2011,3.82,,4609728,Africa,
Congo,COG,2012,4.297,,4740457,Africa,
Congo,COG,2014,3.989,,4975887,Africa,
Congo,COG,2015,4.236,,5097583,Africa,
Congo,COG,2016,4.291,,5222545,Africa,
Congo,COG,2017,4.559,,5351013,Africa,
Congo,COG,2018,4.812,,5483128,Africa,
Congo,COG,2019,5.1944,,5616656,Africa,
Congo,COG,2020,5.342,,5752792,Africa,
Congo,COG,2021,5.075,,5892187,Africa,
Congo,COG,2022,5.267,,6035104,Africa,
Congo,COG,2023,5.221,,6182890,Africa,
Congo,COG,2024,5.03,,6182890,Africa,
Congo,COG,2025,4.456,,6182890,Africa,
Costa Rica,CRI,2011,7.251,,4609834,North America,
Costa Rica,CRI,2012,7.257,,4663930,North America,
Costa Rica,CRI,2014,7.226,,4767126,North America,
Costa Rica,CRI,2015,7.087,,4818045,North America,
Costa Rica,CRI,2016,7.079,,4867003,North America,
Costa Rica,CRI,2017,7.072,,4913177,North America,
Costa Rica,CRI,2018,7.167,,4957813,North America,
Costa Rica,CRI,2019,7.1214,,4999549,North America,
Costa Rica,CRI,2020,7.069,,5034323,North America,
Costa Rica,CRI,2021,6.582,,5059991,North America,
Costa Rica,CRI,2022,6.609,,5081764,North America,
Costa Rica,CRI,2023,6.955,,5105526,North America,
Costa Rica,CRI,2024,7.274,,5105526,North America,
Costa Rica,CRI,2025,7.439,,5105526,North America,
Cote d'Ivoire,CIV,2011,4.197,,22982003,Africa,
Cote d'Ivoire,CIV,2014,3.655,,24527393,Africa,
Cote d'Ivoire,CIV,2015,3.916,,25246347,Africa,
Cote d'Ivoire,CIV,2016,4.18,,25989404,Africa,
Cote d'Ivoire,CIV,2017,4.671,,26733376,Africa,
Cote d'Ivoire,CIV,2018,4.944,,27464175,Africa,
Cote d'Ivoire,CIV,2019,5.2333,,28193014,Africa,
Cote d'Ivoire,CIV,2020,5.306,,28915452,Africa,
Cote d'Ivoire,CIV,2021,5.235,,29639737,Africa,
Cote d'Ivoire,CIV,2022,5.053,,30395004,Africa,
Cote d'Ivoire,CIV,2023,5.08,,31165653,Africa,
Cote d'Ivoire,CIV,2024,5.102,,31165653,Africa,
Cote d'Ivoire,CIV,2025,5.148,,31165653,Africa,
Croatia,HRV,1998,,69.39799,4445669,Europe,
Croatia,HRV,2004,,78.41376,4310050,Europe,
Croatia,HRV,2010,,82.0289,4301150,Europe,
Croatia,HRV,2011,5.623,,4280827,Europe,
Croatia,HRV,2012,5.661,,4259233,Europe,
Croatia,HRV,2014,5.759,,4219485,Europe,
Croatia,HRV,2015,5.488,,4183732,Europe,
Croatia,HRV,2016,5.293,,4136438,Europe,
Croatia,HRV,2017,5.321,,4079198,Europe,
Croatia,HRV,2018,5.432,,4024868,Europe,
Croatia,HRV,2019,5.5047,,3986338,Europe,
Croatia,HRV,2020,5.882,,3953956,Europe,
Croatia,HRV,2021,6.125,,3924607,Europe,
Croatia,HRV,2022,6.125,81.63215,3907031,Europe,
Croatia,HRV,2023,5.942,,3896023,Europe,
Croatia,HRV,2024,5.87,,3896023,Europe,
Croatia,HRV,2025,6.009,,3896023,Europe,
Cuba,CUB,2011,5.418,,11301578,North America,
Cyprus,CYP,2010,,86.12249,1127826,Europe,
Cyprus,CYP,2011,6.416,,1146493,Europe,
Cyprus,CYP,2012,6.466,,1165403,Europe,
Cyprus,CYP,2014,5.689,81.70279,1201806,Europe,
Cyprus,CYP,2015,5.546,,1219504,Europe,
Cyprus,CYP,2016,5.621,,1237114,Europe,
Cyprus,CYP,2017,5.762,,1254274,Europe,
Cyprus,CYP,2018,6.046,,1270743,Europe,
Cyprus,CYP,2019,6.159,,1286669,Europe,
Cyprus,CYP,2020,6.223,,1302250,Europe,
Cyprus,CYP,2021,6.221,,1317311,Europe,
Cyprus,CYP,2022,6.13,81.93637,1331376,Europe,
Cyprus,CYP,2023,6.068,,1344981,Europe,
Cyprus,CYP,2024,5.942,,1344981,Europe,
Cyprus,CYP,2025,6.126,,1344981,Europe,
Czechia,CZE,1993,,75.86548,10320404,Europe,
Czechia,CZE,1998,,82.65039,10265430,Europe,
Czechia,CZE,2004,,85.64784,10261453,Europe,
Czechia,CZE,2010,,83.44666,10464035,Europe,
Czechia,CZE,2011,6.36,,10495508,Europe,
Czechia,CZE,2012,6.29,,10507339,Europe,
Czechia,CZE,2014,6.505,,10517223,Europe,
Czechia,CZE,2015,6.596,,10524418,Europe,
Czechia,CZE,2016,6.609,,10531946,Europe,
Czechia,CZE,2017,6.711,,10541343,Europe,
Czechia,CZE,2018,6.852,,10548934,Europe,
Czechia,CZE,2019,6.9109,,10554872,Europe,
Czechia,CZE,2020,6.965,,10550129,Europe,
Czechia,CZE,2021,6.92,,10530683,Europe,
Czechia,CZE,2022,6.845,86.34818,10673216,Europe,
Czechia,CZE,2023,6.822,,10809722,Europe,
Czechia,CZE,2024,6.775,,10809722,Europe,
Czechia,CZE,2025,6.821,,10809722,Europe,
Democratic Republic of Congo,COD,2011,3.984,,70849311,Africa,
Democratic Republic of Congo,COD,2012,4.578,,73254623,Africa,
Democratic Republic of Congo,COD,2014,4.517,,78403248,Africa,
Democratic Republic of Congo,COD,2015,4.272,,81035532,Africa,
Democratic Republic of Congo,COD,2016,4.28,,83956416,Africa,
Democratic Republic of Congo,COD,2017,4.245,,87083400,Africa,
Democratic Republic of Congo,COD,2018,4.418,,90047647,Africa,
Democratic Republic of Congo,COD,2019,4.311,,92947450,Africa,
Democratic Republic of Congo,COD,2022,3.207,,102396974,Africa,
Democratic Republic of Congo,COD,2023,3.295,,105789733,Africa,
Democratic Republic of Congo,COD,2024,3.469,,105789733,Africa,
Democratic Republic of Congo,COD,2025,3.761,,105789733,Africa,
Denmark,DNK,1984,,92.56869,5111831,Europe,
Denmark,DNK,1993,,93.59223,5188638,Europe,
Denmark,DNK,2004,,94.1349,5404594,Europe,
Denmark,DNK,2010,,96.34298,5547865,Europe,
Denmark,DNK,2011,7.856,,5570848,Europe,
Denmark,DNK,2012,7.693,,5591911,Europe,
Denmark,DNK,2014,7.527,,5643795,Europe,
Denmark,DNK,2015,7.526,,5683698,Europe,
Denmark,DNK,2016,7.522,,5728196,Europe,
Denmark,DNK,2017,7.555,,5765164,Europe,
Denmark,DNK,2018,7.6,,5793824,Europe,
Denmark,DNK,2019,7.6456,,5814618,Europe,
Denmark,DNK,2020,7.62,,5831529,Europe,
Denmark,DNK,2021,7.636,,5856774,Europe,
Denmark,DNK,2022,7.586,90.10067,5902901,Europe,
Denmark,DNK,2023,7.583,,5948134,Europe,
Denmark,DNK,2024,7.521,,5948134,Europe,
Denmark,DNK,2025,7.539,,5948134,Europe,
Djibouti,DJI,2011,4.957,,948565,Africa,
Djibouti,DJI,2012,4.69,,966754,Africa,
Djibouti,DJI,2014,4.369,,1002720,Africa,
Dominican Republic,DOM,1998,,72.42207,8310369,North America,
Dominican Republic,DOM,2011,5.036,,9945623,North America,
Dominican Republic,DOM,2012,4.963,,10070409,North America,
Dominican Republic,DOM,2014,4.885,,10315523,North America,
Dominican Republic,DOM,2015,5.155,,10434826,North America,
Dominican Republic,DOM,2016,5.23,,10551430,North America,
Dominican Republic,DOM,2017,5.302,,10666846,North America,
Dominican Republic,DOM,2018,5.425,,10782048,North America,
Dominican Republic,DOM,2019,5.6892,,10894043,North America,
Dominican Republic,DOM,2020,5.545,,11008298,North America,
Dominican Republic,DOM,2021,5.737,,11123480,North America,
Dominican Republic,DOM,2022,5.569,,11230734,North America,
Dominican Republic,DOM,2023,5.823,,11331269,North America,
Dominican Republic,DOM,2024,5.846,,11331269,North America,
Dominican Republic,DOM,2025,6.093,,11331269,North America,
Ecuador,ECU,2011,5.425,,15326232,South America,
Ecuador,ECU,2012,5.865,,15572195,South America,
Ecuador,ECU,2014,5.975,93.01165,16035127,South America,
Ecuador,ECU,2015,5.976,,16266229,South America,
Ecuador,ECU,2016,6.008,,16505142,South America,
Ecuador,ECU,2017,5.973,,16759515,South America,
Ecuador,ECU,2018,6.028,,17049542,South America,
Ecuador,ECU,2019,5.9252,,17340017,South America,
Ecuador,ECU,2020,5.764,,17546058,South America,
Ecuador,ECU,2021,5.533,,17682454,South America,
Ecuador,ECU,2022,5.559,88.05347,17823900,South America,
Ecuador,ECU,2023,5.725,,17980079,South America,
Ecuador,ECU,2024,5.965,,17980079,South America,
Ecuador,ECU,2025,6.144,,17980079,South America,
Egypt,EGY,2004,,89.4,79477441,Africa,
Egypt,EGY,2010,,83.15657,89196073,Africa,
Egypt,EGY,2011,4.853,,91093066,Africa,
Egypt,EGY,2012,4.273,,93161000,Africa,
Egypt,EGY,2014,4.194,25.9533,97528655,Africa,
Egypt,EGY,2015,4.362,,99597334,Africa,
Egypt,EGY,2016,4.735,,101644583,Africa,
Egypt,EGY,2017,4.419,,103696055,Africa,
Egypt,EGY,2018,4.166,,105682092,Africa,
Egypt,EGY,2019,4.1514,,107553159,Africa,
Egypt,EGY,2020,4.283,,109315118,Africa,
Egypt,EGY,2021,4.288,,110957005,Africa,
Egypt,EGY,2022,4.17,71.66666,112618252,Africa,
Egypt,EGY,2023,3.977,,114535772,Africa,
Egypt,EGY,2024,3.817,,114535772,Africa,
Egypt,EGY,2025,3.862,,114535772,Africa,
El Salvador,SLV,1998,,92.02552,5880786,North America,
El Salvador,SLV,2011,5.956,,6090128,North America,
El Salvador,SLV,2012,5.809,,6113977,North America,
El Salvador,SLV,2014,6.13,,6162952,North America,
El Salvador,SLV,2015,6.068,,6183675,North America,
El Salvador,SLV,2016,6.003,,6200808,North America,
El Salvador,SLV,2017,6.167,,6213538,North America,
El Salvador,SLV,2018,6.253,,6219803,North America,
El Salvador,SLV,2019,6.3483,,6222316,North America,
El Salvador,SLV,2020,6.061,,6234679,North America,
El Salvador,SLV,2021,6.12,,6255780,North America,
El Salvador,SLV,2022,6.122,,6280316,North America,
El Salvador,SLV,2023,6.469,,6309629,North America,
El Salvador,SLV,2024,6.492,,6309629,North America,
El Salvador,SLV,2025,6.578,,6309629,North America,
Estonia,EST,1993,,56.74603,1504344,Europe,
Estonia,EST,1998,,63.66308,1411206,Europe,
Estonia,EST,2004,,64.44458,1362682,Europe,
Estonia,EST,2010,,78.81875,1331450,Europe,
Estonia,EST,2011,5.33,,1327366,Europe,
Estonia,EST,2012,5.426,,1322615,Europe,
Estonia,EST,2014,5.429,76.67517,1314457,Europe,
Estonia,EST,2015,5.517,,1314580,Europe,
Estonia,EST,2016,5.611,,1315850,Europe,
Estonia,EST,2017,5.739,,1317430,Europe,
Estonia,EST,2018,5.893,,1321972,Europe,
Estonia,EST,2019,6.0218,,1326822,Europe,
Estonia,EST,2020,6.189,,1329675,Europe,
Estonia,EST,2021,6.341,,1331750,Europe,
Estonia,EST,2022,6.455,84.37757,1350093,Europe,
Estonia,EST,2023,6.448,,1367195,Europe,
Estonia,EST,2024,6.417,,1367195,Europe,
Estonia,EST,2025,6.41,,1367195,Europe,
Eswatini,SWZ,2012,4.867,,1123870,Africa,
Eswatini,SWZ,2014,4.867,,1136305,Africa,
Eswatini,SWZ,2018,4.212,,1168933,Africa,
Eswatini,SWZ,2019,4.3081,,1179885,Africa,
Eswatini,SWZ,2020,4.308,,1192734,Africa,
Eswatini,SWZ,2021,4.396,,1206598,Africa,
Eswatini,SWZ,2023,3.502,,1230507,Africa,
Eswatini,SWZ,2024,3.774,,1230507,Africa,
Eswatini,SWZ,2025,3.909,,1230507,Africa,
Ethiopia,ETH,2010,,63.46667,90538518,Africa,
Ethiopia,ETH,2011,4.064,,93149977,Africa,
Ethiopia,ETH,2012,4.561,,95798771,Africa,
Ethiopia,ETH,2014,4.512,,101115615,Africa,
Ethiopia,ETH,2015,4.508,,103867140,Africa,
Ethiopia,ETH,2016,4.46,,106718163,Africa,
Ethiopia,ETH,2017,4.35,,109666482,Africa,
Ethiopia,ETH,2018,4.286,,112664157,Africa,
Ethiopia,ETH,2019,4.1862,,115737384,Africa,
Ethiopia,ETH,2020,4.275,,118917670,Africa,
Ethiopia,ETH,2021,4.241,,122138588,Africa,
Ethiopia,ETH,2022,4.091,87.47968,125384285,Africa,
Ethiopia,ETH,2023,3.861,,128691695,Africa,
Ethiopia,ETH,2024,3.898,,128691695,Africa,
Ethiopia,ETH,2025,3.985,,128691695,Africa,
Europe,OWID_EUR,2011,6.1294336,,740524016,,
Europe,OWID_EUR,2012,6.0889263,,741642607,,
Europe,OWID_EUR,2014,6.100986,,743860819,,
Europe,OWID_EUR,2015,6.137458,,745474876,,
Europe,OWID_EUR,2016,6.1653132,,747258527,,
Europe,OWID_EUR,2017,6.1796846,,748701837,,
Europe,OWID_EUR,2018,6.2407966,,749853945,,
Europe,OWID_EUR,2019,6.3019915,,750809114,,
Europe,OWID_EUR,2020,6.3371444,,750844584,,
Europe,OWID_EUR,2021,6.3394637,,749949128,,
Europe,OWID_EUR,2022,6.357478,,748314268,,
Europe,OWID_EUR,2023,6.344568,,746966209,,
Europe,OWID_EUR,2024,6.3883176,,746966209,,
Europe,OWID_EUR,2025,6.4048085,,746966209,,
Finland,FIN,1984,,93.02094,4881827,Europe,
Finland,FIN,1993,,86.56462,5066594,Europe,
Finland,FIN,1998,,91.18541,5153545,Europe,
Finland,FIN,2004,,89.53609,5228147,Europe,
Finland,FIN,2010,,88.73833,5363347,Europe,
Finland,FIN,2011,7.579,,5388236,Europe,
Finland,FIN,2012,7.389,,5413978,Europe,
Finland,FIN,2014,7.406,,5461686,Europe,
Finland,FIN,2015,7.413,,5479719,Europe,
Finland,FIN,2016,7.469,,5495468,Europe,
Finland,FIN,2017,7.632,,5508398,Europe,
Finland,FIN,2018,7.769,,5515730,Europe,
Finland,FIN,2019,7.8087,,5521754,Europe,
Finland,FIN,2020,7.842,,5529616,Europe,
Finland,FIN,2021,7.821,,5541069,Europe,
Finland,FIN,2022,7.804,88.91853,5569300,Europe,
Finland,FIN,2023,7.741,,5601185,Europe,
Finland,FIN,2024,7.736,,5601185,Europe,
Finland,FIN,2025,7.764,,5601185,Europe,
France,FRA,1984,,88.92851,55176626,Europe,
France,FRA,1993,,91.41716,57801261,Europe,
France,FRA,2004,,90.68565,61175244,Europe,
France,FRA,2010,,91.03752,63417366,Europe,
France,FRA,2011,6.746,,63733776,Europe,
France,FRA,2012,6.764,,64058465,Europe,
France,FRA,2014,6.575,,64692495,Europe,
France,FRA,2015,6.478,,64916337,Europe,
France,FRA,2016,6.442,,65086853,Europe,
France,FRA,2017,6.489,,65284775,Europe,
France,FRA,2018,6.592,,65519537,Europe,
France,FRA,2019,6.6638,,65729460,Europe,
France,FRA,2020,6.69,,65905273,Europe,
France,FRA,2021,6.687,,66083547,Europe,
France,FRA,2022,6.661,90.87823,66277412,Europe,
France,FRA,2023,6.609,,66438828,Europe,
France,FRA,2024,6.593,,66438828,Europe,
France,FRA,2025,6.586,,66438828,Europe,
Gabon,GAB,2012,4.114,,1846893,Africa,
Gabon,GAB,2014,3.896,,1978400,Africa,
Gabon,GAB,2015,4.121,,2040990,Africa,
Gabon,GAB,2016,4.465,,2100310,Africa,
Gabon,GAB,2017,4.758,,2156902,Africa,
Gabon,GAB,2018,4.799,,2212320,Africa,
Gabon,GAB,2019,4.8293,,2267711,Africa,
Gabon,GAB,2020,4.852,,2322538,Africa,
Gabon,GAB,2021,4.958,,2376729,Africa,
Gabon,GAB,2022,5.035,,2430750,Africa,
Gabon,GAB,2023,5.106,,2484790,Africa,
Gabon,GAB,2024,5.12,,2484790,Africa,
Gabon,GAB,2025,5.167,,2484790,Africa,
Gambia,GMB,2018,4.516,,2399633,Africa,
Gambia,GMB,2019,4.7506,,2456847,Africa,
Gambia,GMB,2020,5.051,,2515744,Africa,
Gambia,GMB,2021,5.164,,2576015,Africa,
Gambia,GMB,2022,4.279,,2636472,Africa,
Gambia,GMB,2023,4.485,,2697846,Africa,
Gambia,GMB,2024,4.423,,2697846,Africa,
Gambia,GMB,2025,4.306,,2697846,Africa,
Georgia,GEO,1998,,65.23904,4576447,Asia,
Georgia,GEO,2010,,66.9804,3895932,Asia,
Georgia,GEO,2011,3.892,,3868724,Asia,
Georgia,GEO,2012,4.187,,3839208,Asia,
Georgia,GEO,2014,4.297,69.55074,3792921,Asia,
Georgia,GEO,2015,4.252,,3791570,Asia,
Georgia,GEO,2016,4.286,,3792061,Asia,
Georgia,GEO,2017,4.34,,3792860,Asia,
Georgia,GEO,2018,4.519,,3794881,Asia,
Georgia,GEO,2019,4.6726,,3796722,Asia,
Georgia,GEO,2020,4.891,,3795680,Asia,
Georgia,GEO,2021,4.973,,3788450,Asia,
Georgia,GEO,2022,5.109,78.81092,3794782,Asia,
Georgia,GEO,2023,5.185,,3807494,Asia,
Georgia,GEO,2024,5.4,,3807494,Asia,
Georgia,GEO,2025,5.517,,3807494,Asia,
Germany,DEU,1984,,79.14165,77998197,Europe,
Germany,DEU,1993,,81.29448,81486771,Europe,
Germany,DEU,1998,,80.55282,82011933,Europe,
Germany,DEU,2004,,83.77943,82092706,Europe,
Germany,DEU,2010,,81.0883,80830916,Europe,
Germany,DEU,2011,6.572,,80857877,Europe,
Germany,DEU,2012,6.672,,80916391,Europe,
Germany,DEU,2014,6.75,84.04735,81376078,Europe,
Germany,DEU,2015,6.994,,82077546,Europe,
Germany,DEU,2016,6.951,,82760102,Europe,
Germany,DEU,2017,6.965,,83104010,Europe,
Germany,DEU,2018,6.985,,83368507,Europe,
Germany,DEU,2019,7.0758,,83559184,Europe,
Germany,DEU,2020,7.155,,83628711,Europe,
Germany,DEU,2021,7.034,,83697080,Europe,
Germany,DEU,2022,6.892,86.399,84086227,Europe,
Germany,DEU,2023,6.719,,84548233,Europe,
Germany,DEU,2024,6.753,,84548233,Europe,
Germany,DEU,2025,6.882,,84548233,Europe,
Ghana,GHA,2010,,78.42242,25475000,Africa,
Ghana,GHA,2011,4.705,,26095091,Africa,
Ghana,GHA,2012,5.091,,26734273,Africa,
Ghana,GHA,2014,4.633,80.802,28041592,Africa,
Ghana,GHA,2015,4.276,,28696071,Africa,
Ghana,GHA,2016,4.12,,29356736,Africa,
Ghana,GHA,2017,4.657,,30008364,Africa,
Ghana,GHA,2018,4.996,,30637592,Africa,
Ghana,GHA,2019,5.148,,31258943,Africa,
Ghana,GHA,2020,5.088,,31887802,Africa,
Ghana,GHA,2021,4.872,,32518662,Africa,
Ghana,GHA,2022,4.605,,33149152,Africa,
Ghana,GHA,2023,4.289,,33787916,Africa,
Ghana,GHA,2024,4.34,,33787916,Africa,
Ghana,GHA,2025,4.554,,33787916,Africa,
Greece,GRC,2004,,72.94221,10947369,Europe,
Greece,GRC,2010,,79.45255,11124666,Europe,
Greece,GRC,2011,6.133,,11108838,Europe,
Greece,GRC,2012,5.435,,11048291,Europe,
Greece,GRC,2014,4.857,,10893169,Europe,
Greece,GRC,2015,5.033,,10820902,Europe,
Greece,GRC,2016,5.227,,10775506,Europe,
Greece,GRC,2017,5.358,,10753532,Europe,
Greece,GRC,2018,5.287,,10730846,Europe,
Greece,GRC,2019,5.515,,10718581,Europe,
Greece,GRC,2020,5.723,,10699370,Europe,
Greece,GRC,2021,5.948,,10579561,Europe,
Greece,GRC,2022,5.931,71.42216,10412481,Europe,
Greece,GRC,2023,5.934,,10242910,Europe,
Greece,GRC,2024,5.776,,10242910,Europe,
Greece,GRC,2025,5.697,,10242910,Europe,
Guatemala,GTM,2010,,78.03123,14500118,North America,
Guatemala,GTM,2011,6.277,,14792123,North America,
Guatemala,GTM,2012,5.965,,15089639,North America,
Guatemala,GTM,2014,6.123,,15681725,North America,
Guatemala,GTM,2015,6.324,,15971745,North America,
Guatemala,GTM,2016,6.454,,16268761,North America,
Guatemala,GTM,2017,6.382,,16567363,North America,
Guatemala,GTM,2018,6.436,,16845688,North America,
Guatemala,GTM,2019,6.3989,,17103803,North America,
Guatemala,GTM,2020,6.435,,17357331,North America,
Guatemala,GTM,2021,6.262,,17598652,North America,
Guatemala,GTM,2022,6.15,90.72417,17847877,North America,
Guatemala,GTM,2023,6.287,,18124841,North America,
Guatemala,GTM,2024,6.362,,18124841,North America,
Guatemala,GTM,2025,6.533,,18124841,North America,
Guinea,GIN,2011,4.171,,10656812,Africa,
Guinea,GIN,2012,3.847,,10921580,Africa,
Guinea,GIN,2014,3.656,,11472921,Africa,
Guinea,GIN,2015,3.607,,11767077,Africa,
Guinea,GIN,2016,3.507,,12073031,Africa,
Guinea,GIN,2017,3.964,,12385668,Africa,
Guinea,GIN,2018,4.534,,12704776,Africa,
Guinea,GIN,2019,4.9493,,13034349,Africa,
Guinea,GIN,2020,4.984,,13371185,Africa,
Guinea,GIN,2021,4.891,,13710515,Africa,
Guinea,GIN,2022,5.072,,14055136,Africa,
Guinea,GIN,2023,5.023,,14405469,Africa,
Guinea,GIN,2024,4.929,,14405469,Africa,
Guinea,GIN,2025,4.609,,14405469,Africa,
Guyana,GUY,2011,5.993,,746161,South America,
Haiti,HTI,2011,3.789,,9914904,North America,
Haiti,HTI,2012,4.341,,10069770,North America,
Haiti,HTI,2014,4.518,83.5005,10373241,North America,
Haiti,HTI,2015,4.028,,10523249,North America,
Haiti,HTI,2016,3.603,,10671462,North America,
Haiti,HTI,2017,3.582,,10817759,North America,
Haiti,HTI,2018,3.597,,10962373,North America,
Haiti,HTI,2019,3.7208,,11105165,North America,
Haiti,HTI,2020,3.615,,11243846,North America,
High-income countries,OWID_HIC,2011,6.5175643,,1339286565,,
High-income countries,OWID_HIC,2012,6.4853826,,1347506296,,
High-income countries,OWID_HIC,2014,6.491242,,1363592543,,
High-income countries,OWID_HIC,2015,6.5070667,,1372281696,,
High-income countries,OWID_HIC,2016,6.497709,,1380894709,,
High-income countries,OWID_HIC,2017,6.479904,,1388094202,,
High-income countries,OWID_HIC,2018,6.5013556,,1394159697,,
High-income countries,OWID_HIC,2019,6.5311337,,1400146576,,
High-income countries,OWID_HIC,2020,6.5435476,,1403650770,,
High-income countries,OWID_HIC,2021,6.5510917,,1404873283,,
High-income countries,OWID_HIC,2022,6.543314,,1410112397,,
High-income countries,OWID_HIC,2023,6.496865,,1416794460,,
High-income countries,OWID_HIC,2024,6.528154,,1416794460,,
High-income countries,OWID_HIC,2025,6.5627346,,1416794460,,
Honduras,HND,2011,5.564,,8540587,North America,
Honduras,HND,2012,5.142,,8715081,North America,
Honduras,HND,2014,4.788,,9063127,North America,
Honduras,HND,2015,4.871,,9237306,North America,
Honduras,HND,2016,5.181,,9412380,North America,
Honduras,HND,2017,5.504,,9588144,North America,
Honduras,HND,2018,5.86,,9765209,North America,
Honduras,HND,2019,5.9532,,9943637,North America,
Honduras,HND,2020,5.919,,10119638,North America,
Honduras,HND,2021,6.022,,10289881,North America,
Honduras,HND,2022,6.023,,10463880,North America,
Honduras,HND,2023,5.968,,10644853,North America,
Honduras,HND,2024,5.964,,10644853,North America,
Honduras,HND,2025,6.096,,10644853,North America,
Hong Kong,HKG,2010,,83.54633,7101614,Asia,
Hong Kong,HKG,2011,5.424,,7142969,Asia,
Hong Kong,HKG,2012,5.523,,7201059,Asia,
Hong Kong,HKG,2014,5.474,89.1,7319502,Asia,
Hong Kong,HKG,2015,5.458,,7366411,Asia,
Hong Kong,HKG,2016,5.472,,7408006,Asia,
Hong Kong,HKG,2017,5.43,,7444889,Asia,
Hong Kong,HKG,2018,5.43,,7471190,Asia,
Hong Kong,HKG,2019,5.5104,,7485817,Asia,
Hong Kong,HKG,2020,5.477,,7490240,Asia,
Hong Kong,HKG,2021,5.425,,7484604,Asia,
Hong Kong,HKG,2022,5.308,80.58542,7465913,Asia,
Hong Kong,HKG,2023,5.316,,7442738,Asia,
Hong Kong,HKG,2024,5.491,,7442738,Asia,
Hong Kong,HKG,2025,5.569,,7442738,Asia,
Hungary,HUN,1984,,76.49072,10584329,Europe,
Hungary,HUN,1993,,67.46747,10356869,Europe,
Hungary,HUN,1998,,77.38461,10251717,Europe,
Hungary,HUN,2004,,70.51169,10085788,Europe,
Hungary,HUN,2010,,77.69496,9979128,Europe,
Hungary,HUN,2011,4.943,,9946675,Europe,
Hungary,HUN,2012,4.775,,9916621,Europe,
Hungary,HUN,2014,4.8,,9862843,Europe,
Hungary,HUN,2015,5.145,,9839211,Europe,
Hungary,HUN,2016,5.324,,9810529,Europe,
Hungary,HUN,2017,5.62,,9785608,Europe,
Hungary,HUN,2018,5.758,,9774395,Europe,
Hungary,HUN,2019,6.0004,,9770346,Europe,
Hungary,HUN,2020,5.992,,9749459,Europe,
Hungary,HUN,2021,6.086,,9707848,Europe,
Hungary,HUN,2022,6.041,81.28936,9684308,Europe,
Hungary,HUN,2023,6.017,,9686465,Europe,
Hungary,HUN,2024,5.915,,9686465,Europe,
Hungary,HUN,2025,5.937,,9686465,Europe,
Iceland,ISL,1984,,96.33144,239513,Europe,
Iceland,ISL,1993,,95.58405,263760,Europe,
Iceland,ISL,2004,,97.00414,292172,Europe,
Iceland,ISL,2010,,96.14194,318163,Europe,
Iceland,ISL,2011,6.888,,319139,Europe,
Iceland,ISL,2012,7.355,,320851,Europe,
Iceland,ISL,2014,7.561,,327517,Europe,
Iceland,ISL,2015,7.501,,330962,Europe,
Iceland,ISL,2016,7.504,,335571,Europe,
Iceland,ISL,2017,7.495,,343537,Europe,
Iceland,ISL,2018,7.494,,352860,Europe,
Iceland,ISL,2019,7.5045,,360709,Europe,
Iceland,ISL,2020,7.554,,366626,Europe,
Iceland,ISL,2021,7.557,,372647,Europe,
Iceland,ISL,2022,7.53,95.11448,380368,Europe,
Iceland,ISL,2023,7.525,,387559,Europe,
Iceland,ISL,2024,7.515,,387559,Europe,
Iceland,ISL,2025,7.54,,387559,Europe,
India,IND,1993,,72,922118380,Asia,
India,IND,1998,,75.88235,1018665080,Asia,
India,IND,2004,,72.87712,1135991509,Asia,
India,IND,2010,,75.36232,1243481565,Asia,
India,IND,2011,4.975,,1261224956,Asia,
India,IND,2012,4.772,,1278674501,Asia,
India,IND,2014,4.565,87.4203,1312277184,Asia,
India,IND,2015,4.404,,1328024494,Asia,
India,IND,2016,4.315,,1343944296,Asia,
India,IND,2017,4.19,,1359657398,Asia,
India,IND,2018,4.015,,1374659067,Asia,
India,IND,2019,3.5733,,1389030307,Asia,
India,IND,2020,3.819,,1402617694,Asia,
India,IND,2021,3.777,,1414203896,Asia,
India,IND,2022,4.036,84.04463,1425423209,Asia,
India,IND,2023,4.054,,1438069597,Asia,
India,IND,2024,4.389,,1438069597,Asia,
India,IND,2025,4.536,,1438069597,Asia,
Indonesia,IDN,2004,,94.5,227926649,Asia,
Indonesia,IDN,2010,,92.20457,246305327,Asia,
Indonesia,IDN,2011,5.159,,249470029,Asia,
Indonesia,IDN,2012,5.348,,252698525,Asia,
Indonesia,IDN,2014,5.399,,258877395,Asia,
Indonesia,IDN,2015,5.314,,261799249,Asia,
Indonesia,IDN,2016,5.262,,264627429,Asia,
Indonesia,IDN,2017,5.093,,267346654,Asia,
Indonesia,IDN,2018,5.192,,269951847,Asia,
Indonesia,IDN,2019,5.2856,,272489381,Asia,
Indonesia,IDN,2020,5.345,,274814861,Asia,
Indonesia,IDN,2021,5.24,,276758056,Asia,
Indonesia,IDN,2022,5.277,93.84203,278830527,Asia,
Indonesia,IDN,2023,5.568,,281190068,Asia,
Indonesia,IDN,2024,5.617,,281190068,Asia,
Indonesia,IDN,2025,5.617,,281190068,Asia,
Iran,IRN,2004,,57.62243,70256316,Asia,
Iran,IRN,2010,,79.45257,77420851,Asia,
Iran,IRN,2011,5.149,,78383602,Asia,
Iran,IRN,2012,4.643,,79370583,Asia,
Iran,IRN,2014,4.686,,81502045,Asia,
Iran,IRN,2015,4.813,,82619365,Asia,
Iran,IRN,2016,4.692,,83812230,Asia,
Iran,IRN,2017,4.707,,85026761,Asia,
Iran,IRN,2018,4.548,,86117999,Asia,
Iran,IRN,2019,4.6724,,87051649,Asia,
Iran,IRN,2020,4.721,,87723448,Asia,
Iran,IRN,2021,4.888,,88455490,Asia,
Iran,IRN,2022,4.876,69.57972,89524247,Asia,
Iran,IRN,2023,4.923,,90608708,Asia,
Iran,IRN,2024,5.093,,90608708,Asia,
Iran,IRN,2025,5.151,,90608708,Asia,
Iraq,IRQ,2004,,62.15054,27577876,Asia,
Iraq,IRQ,2010,,52.20288,31045367,Asia,
Iraq,IRQ,2011,4.882,,32161425,Asia,
Iraq,IRQ,2012,4.817,,33654843,Asia,
Iraq,IRQ,2014,4.677,68,36550058,Asia,
Iraq,IRQ,2015,4.575,,37560535,Asia,
Iraq,IRQ,2016,4.497,,38469628,Asia,
Iraq,IRQ,2017,4.456,,39337358,Asia,
Iraq,IRQ,2018,4.437,,40265629,Asia,
Iraq,IRQ,2019,4.7848,,41192172,Asia,
Iraq,IRQ,2020,4.854,,42116602,Asia,
Iraq,IRQ,2021,4.941,,43071208,Asia,
Iraq,IRQ,2022,4.941,69.16666,44070556,Asia,
Iraq,IRQ,2023,5.166,,45074055,Asia,
Iraq,IRQ,2024,4.976,,45074055,Asia,
Iraq,IRQ,2025,5.212,,45074055,Asia,
Ireland,IRL,1984,,92.61234,3515953,Europe,
Ireland,IRL,1993,,91.6,3576118,Europe,
Ireland,IRL,2004,,95.83045,4066066,Europe,
Ireland,IRL,2010,,94.89127,4559084,Europe,
Ireland,IRL,2011,7.284,,4579603,Europe,
Ireland,IRL,2012,7.076,,4600135,Europe,
Ireland,IRL,2014,6.94,,4658236,Europe,
Ireland,IRL,2015,6.907,,4702497,Europe,
Ireland,IRL,2016,6.977,,4753506,Europe,
Ireland,IRL,2017,6.977,,4810258,Europe,
Ireland,IRL,2018,7.021,,4872559,Europe,
Ireland,IRL,2019,7.0937,,4933493,Europe,
Ireland,IRL,2020,7.085,,4982602,Europe,
Ireland,IRL,2021,7.041,,5028428,Europe,
Ireland,IRL,2022,6.911,,5110015,Europe,
Ireland,IRL,2023,6.838,,5196629,Europe,
Ireland,IRL,2024,6.889,,5196629,Europe,
Ireland,IRL,2025,6.928,,5196629,Europe,
Israel,ISR,2004,,77.39783,6615084,Asia,
Israel,ISR,2011,7.199,,7471023,Asia,
Israel,ISR,2012,7.301,,7607781,Asia,
Israel,ISR,2014,7.278,,7897173,Asia,
Israel,ISR,2015,7.267,,8052916,Asia,
Israel,ISR,2016,7.213,,8210006,Asia,
Israel,ISR,2017,7.19,,8361796,Asia,
Israel,ISR,2018,7.139,,8510067,Asia,
Israel,ISR,2019,7.1286,,8657466,Asia,
Israel,ISR,2020,7.157,,8800380,Asia,
Israel,ISR,2021,7.364,,8942925,Asia,
Israel,ISR,2022,7.473,,9103143,Asia,
Israel,ISR,2023,7.341,,9256311,Asia,
Israel,ISR,2024,7.234,,9256311,Asia,
Israel,ISR,2025,7.187,,9256311,Asia,
Italy,ITA,1984,,75.60797,56810355,Europe,
Italy,ITA,1993,,83.18219,57170762,Europe,
Italy,ITA,2004,,79.14999,58176736,Europe,
Italy,ITA,2010,,85.74989,60164212,Europe,
Italy,ITA,2011,6.578,,60367882,Europe,
Italy,ITA,2012,6.021,,60531522,Europe,
Italy,ITA,2014,5.948,,60664169,Europe,
Italy,ITA,2015,5.977,,60575314,Europe,
Italy,ITA,2016,5.964,,60478103,Europe,
Italy,ITA,2017,6,,60390317,Europe,
Italy,ITA,2018,6.223,,60277496,Europe,
Italy,ITA,2019,6.3874,,60130136,Europe,
Italy,ITA,2020,6.483,,59912763,Europe,
Italy,ITA,2021,6.467,,59729353,Europe,
Italy,ITA,2022,6.405,82.27991,59619106,Europe,
Italy,ITA,2023,6.324,,59499452,Europe,
Italy,ITA,2024,6.415,,59499452,Europe,
Italy,ITA,2025,6.574,,59499452,Europe,
Jamaica,JAM,2011,6.208,,2760493,North America,
Jamaica,JAM,2012,5.374,,2772432,North America,
Jamaica,JAM,2014,5.709,,2793756,North America,
Jamaica,JAM,2015,5.51,,2802536,North America,
Jamaica,JAM,2016,5.311,,2809919,North America,
Jamaica,JAM,2017,5.89,,2815765,North America,
Jamaica,JAM,2018,5.89,,2820103,North America,
Jamaica,JAM,2019,5.8898,,2823275,North America,
Jamaica,JAM,2020,6.309,,2830745,North America,
Jamaica,JAM,2021,5.85,,2837680,North America,
Jamaica,JAM,2022,5.703,,2839150,North America,
Jamaica,JAM,2023,5.842,,2839785,North America,
Jamaica,JAM,2024,5.87,,2839785,North America,
Jamaica,JAM,2025,6.305,,2839785,North America,
Japan,JPN,1984,,76.98927,120384395,Asia,
Japan,JPN,1993,,77.7448,124839955,Asia,
Japan,JPN,1998,,89.08919,126549182,Asia,
Japan,JPN,2004,,86.49046,127815769,Asia,
Japan,JPN,2010,,87.22628,128185273,Asia,
Japan,JPN,2011,6.059,,128096430,Asia,
Japan,JPN,2012,6.064,,127928283,Asia,
Japan,JPN,2014,5.987,86.45108,127486601,Asia,
Japan,JPN,2015,5.921,,127275868,Asia,
Japan,JPN,2016,5.92,,127159950,Asia,
Japan,JPN,2017,5.915,,127064686,Asia,
Japan,JPN,2018,5.886,,126913432,Asia,
Japan,JPN,2019,5.8708,,126699421,Asia,
Japan,JPN,2020,5.94,,126304533,Asia,
Japan,JPN,2021,6.039,,125679342,Asia,
Japan,JPN,2022,6.129,88.32224,124997585,Asia,
Japan,JPN,2023,6.06,,124370947,Asia,
Japan,JPN,2024,6.147,,124370947,Asia,
Japan,JPN,2025,6.13,,124370947,Asia,
Jordan,JOR,2004,,82.91726,5882066,Asia,
Jordan,JOR,2010,,86.87083,7297046,Asia,
Jordan,JOR,2011,5.706,,7480431,Asia,
Jordan,JOR,2012,5.414,,7587133,Asia,
Jordan,JOR,2014,5.192,85.75,8791715,Asia,
Jordan,JOR,2015,5.303,,9544730,Asia,
Jordan,JOR,2016,5.336,,10006369,Asia,
Jordan,JOR,2017,5.161,,10234227,Asia,
Jordan,JOR,2018,4.906,,10462310,Asia,
Jordan,JOR,2019,4.6334,,10671893,Asia,
Jordan,JOR,2020,4.395,,10865232,Asia,
Jordan,JOR,2021,4.152,,11066356,Asia,
Jordan,JOR,2022,4.12,86.53367,11256269,Asia,
Jordan,JOR,2023,4.186,,11439220,Asia,
Jordan,JOR,2024,4.31,,11439220,Asia,
Jordan,JOR,2025,4.478,,11439220,Asia,
Kazakhstan,KAZ,2011,5.594,,17065996,Asia,
Kazakhstan,KAZ,2012,5.671,,17306115,Asia,
Kazakhstan,KAZ,2014,5.855,88.51793,17816285,Asia,
Kazakhstan,KAZ,2015,5.919,,18084175,Asia,
Kazakhstan,KAZ,2016,5.819,,18363600,Asia,
Kazakhstan,KAZ,2017,5.79,,18651931,Asia,
Kazakhstan,KAZ,2018,5.809,,18932725,Asia,
Kazakhstan,KAZ,2019,6.0579,,19209556,Asia,
Kazakhstan,KAZ,2020,6.152,,19482116,Asia,
Kazakhstan,KAZ,2021,6.234,,19743607,Asia,
Kazakhstan,KAZ,2022,6.144,84.48276,20034612,Asia,
Kazakhstan,KAZ,2023,6.188,,20330109,Asia,
Kazakhstan,KAZ,2024,6.378,,20330109,Asia,
Kazakhstan,KAZ,2025,6.633,,20330109,Asia,
Kenya,KEN,2011,4.18,,42758467,Africa,
Kenya,KEN,2012,4.403,,43888306,Africa,
Kenya,KEN,2014,4.419,,46051441,Africa,
Kenya,KEN,2015,4.356,,47088528,Africa,
Kenya,KEN,2016,4.553,,48139683,Africa,
Kenya,KEN,2017,4.41,,49197757,Africa,
Kenya,KEN,2018,4.509,,50207109,Africa,
Kenya,KEN,2019,4.583,,51202829,Africa,
Kenya,KEN,2020,4.607,,52217327,Africa,
Kenya,KEN,2021,4.543,,53219167,Africa,
Kenya,KEN,2022,4.487,82.99051,54252458,Africa,
Kenya,KEN,2023,4.47,,55339007,Africa,
Kenya,KEN,2024,4.51,,55339007,Africa,
Kenya,KEN,2025,4.674,,55339007,Africa,
Kosovo,OWID_KOS,2010,,87.19362,1788756,Europe,
Kosovo,OWID_KOS,2011,5.42,,1791949,Europe,
Kosovo,OWID_KOS,2012,5.222,,1806538,Europe,
Kosovo,OWID_KOS,2014,5.589,,1808983,Europe,
Kosovo,OWID_KOS,2015,5.401,,1779019,Europe,
Kosovo,OWID_KOS,2016,5.279,,1761765,Europe,
Kosovo,OWID_KOS,2017,5.662,,1768125,Europe,
Kosovo,OWID_KOS,2018,6.1,,1767748,Europe,
Kosovo,OWID_KOS,2019,6.3252,,1755048,Europe,
Kosovo,OWID_KOS,2020,6.372,,1751413,Europe,
Kosovo,OWID_KOS,2021,6.455,,1741449,Europe,
Kosovo,OWID_KOS,2022,6.368,,1717950,Europe,
Kosovo,OWID_KOS,2023,6.561,,1700039,Europe,
Kosovo,OWID_KOS,2024,6.659,,1700039,Europe,
Kosovo,OWID_KOS,2025,6.91,,1700039,Europe,
Kuwait,KWT,2011,6.574,,3132815,Asia,
Kuwait,KWT,2012,6.515,,3337025,Asia,
Kuwait,KWT,2014,6.295,91.63469,3665769,Asia,
Kuwait,KWT,2015,6.239,,3834465,Asia,
Kuwait,KWT,2016,6.105,,4003976,Asia,
Kuwait,KWT,2017,6.083,,4154686,Asia,
Kuwait,KWT,2018,6.021,,4323389,Asia,
Kuwait,KWT,2019,6.1021,,4442201,Asia,
Kuwait,KWT,2020,6.106,,4400146,Asia,
Kuwait,KWT,2021,6.106,,4360748,Asia,
Kuwait,KWT,2023,6.951,,4838781,Asia,
Kuwait,KWT,2024,6.629,,4838781,Asia,
Kuwait,KWT,2025,6.543,,4838781,Asia,
Kyrgyzstan,KGZ,2004,,83.89262,5203048,Asia,
Kyrgyzstan,KGZ,2011,4.828,,5594537,Asia,
Kyrgyzstan,KGZ,2012,5.042,,5696521,Asia,
Kyrgyzstan,KGZ,2014,5.286,95.86667,5898322,Asia,
Kyrgyzstan,KGZ,2015,5.185,,6001876,Asia,
Kyrgyzstan,KGZ,2016,5.004,,6108460,Asia,
Kyrgyzstan,KGZ,2017,5.131,,6220148,Asia,
Kyrgyzstan,KGZ,2018,5.261,,6341733,Asia,
Kyrgyzstan,KGZ,2019,5.5415,,6494036,Asia,
Kyrgyzstan,KGZ,2020,5.744,,6664143,Asia,
Kyrgyzstan,KGZ,2021,5.828,,6820483,Asia,
Kyrgyzstan,KGZ,2022,5.825,95.90935,6955792,Asia,
Kyrgyzstan,KGZ,2023,5.714,,7073523,Asia,
Kyrgyzstan,KGZ,2024,5.858,,7073523,Asia,
Kyrgyzstan,KGZ,2025,6.049,,7073523,Asia,
Laos,LAO,2011,5.161,,6426592,Asia,
Laos,LAO,2012,4.787,,6518981,Asia,
Laos,LAO,2014,4.876,,6703170,Asia,
Laos,LAO,2015,4.876,,6801647,Asia,
Laos,LAO,2017,4.623,,7018150,Asia,
Laos,LAO,2018,4.796,,7128043,Asia,
Laos,LAO,2019,4.8886,,7237635,Asia,
Laos,LAO,2020,5.03,,7346534,Asia,
Laos,LAO,2021,5.14,,7453192,Asia,
Laos,LAO,2022,5.111,,7559008,Asia,
Laos,LAO,2023,5.139,,7665001,Asia,
Laos,LAO,2024,5.301,,7665001,Asia,
Laos,LAO,2025,5.515,,7665001,Asia,
Latvia,LVA,1993,,44.40753,2563820,Europe,
Latvia,LVA,1998,,68.83334,2410217,Europe,
Latvia,LVA,2004,,56.46594,2264179,Europe,
Latvia,LVA,2010,,74.493,2097834,Europe,
Latvia,LVA,2011,4.762,,2059940,Europe,
Latvia,LVA,2012,5.046,,2034639,Europe,
Latvia,LVA,2014,5.098,,1994153,Europe,
Latvia,LVA,2015,5.56,,1977874,Europe,
Latvia,LVA,2016,5.85,,1959863,Europe,
Latvia,LVA,2017,5.933,,1942599,Europe,
Latvia,LVA,2018,5.94,,1927586,Europe,
Latvia,LVA,2019,5.95,,1914267,Europe,
Latvia,LVA,2020,6.032,,1901119,Europe,
Latvia,LVA,2021,6.18,,1885593,Europe,
Latvia,LVA,2022,6.213,78.80634,1881059,Europe,
Latvia,LVA,2023,6.234,,1882399,Europe,
Latvia,LVA,2024,6.207,,1882399,Europe,
Latvia,LVA,2025,6.365,,1882399,Europe,
Lebanon,LBN,2011,5.049,,5096018,Asia,
Lebanon,LBN,2012,4.931,,5235742,Asia,
Lebanon,LBN,2014,4.839,78.33334,6346993,Asia,
Lebanon,LBN,2015,5.129,,6472470,Asia,
Lebanon,LBN,2016,5.225,,6323061,Asia,
Lebanon,LBN,2017,5.199,,6160129,Asia,
Lebanon,LBN,2018,5.197,,5984120,Asia,
Lebanon,LBN,2019,4.7715,,5794601,Asia,
Lebanon,LBN,2020,4.584,,5702400,Asia,
Lebanon,LBN,2021,2.955,,5718129,Asia,
Lebanon,LBN,2022,2.392,86.08334,5744492,Asia,
Lebanon,LBN,2023,2.707,,5773494,Asia,
Lebanon,LBN,2024,3.188,,5773494,Asia,
Lebanon,LBN,2025,3.723,,5773494,Asia,
Lesotho,LSO,2012,4.898,,2034363,Africa,
Lesotho,LSO,2014,4.898,,2080091,Africa,
Lesotho,LSO,2016,3.808,,2130424,Africa,
Lesotho,LSO,2017,3.808,,2157117,Africa,
Lesotho,LSO,2018,3.802,,2183611,Africa,
Lesotho,LSO,2019,3.6528,,2209414,Africa,
Lesotho,LSO,2020,3.512,,2235727,Africa,
Lesotho,LSO,2021,3.512,,2261549,Africa,
Lesotho,LSO,2023,3.186,,2311476,Africa,
Lesotho,LSO,2024,3.757,,2311476,Africa,
Lesotho,LSO,2025,4.375,,2311476,Africa,
Liberia,LBR,2011,4.04,,4221177,Africa,
Liberia,LBR,2012,4.196,,4373046,Africa,
Liberia,LBR,2014,4.571,,4564299,Africa,
Liberia,LBR,2015,3.622,,4659436,Africa,
Liberia,LBR,2016,3.533,,4755607,Africa,
Liberia,LBR,2017,3.495,,4848927,Africa,
Liberia,LBR,2018,3.975,,4944728,Africa,
Liberia,LBR,2019,4.5579,,5043719,Africa,
Liberia,LBR,2020,4.625,,5149470,Africa,
Liberia,LBR,2021,5.122,,5259327,Africa,
Liberia,LBR,2022,4.042,,5373297,Africa,
Liberia,LBR,2023,4.269,,5493035,Africa,
Liberia,LBR,2024,4.277,,5493035,Africa,
Liberia,LBR,2025,4.28,,5493035,Africa,
Libya,LBY,2011,5.178,,6343210,Africa,
Libya,LBY,2012,5.34,,6179327,Africa,
Libya,LBY,2014,5.754,87.51869,6427260,Africa,
Libya,LBY,2015,5.615,,6531825,Africa,
Libya,LBY,2016,5.525,,6632130,Africa,
Libya,LBY,2017,5.566,,6738771,Africa,
Libya,LBY,2018,5.525,,6849058,Africa,
Libya,LBY,2019,5.4888,,6951040,Africa,
Libya,LBY,2020,5.41,,7045403,Africa,
Libya,LBY,2021,5.33,,7135179,Africa,
Libya,LBY,2022,,91.63879,7223804,Africa,
Libya,LBY,2023,5.866,,7305659,Africa,
Libya,LBY,2024,5.82,,7305659,Africa,
Libya,LBY,2025,5.731,,7305659,Africa,
Lithuania,LTU,1993,,47.7,3680201,Europe,
Lithuania,LTU,1998,,54.70763,3547768,Europe,
Lithuania,LTU,2004,,60.83028,3376703,Europe,
Lithuania,LTU,2010,,65.66721,3097721,Europe,
Lithuania,LTU,2011,5.588,,3028642,Europe,
Lithuania,LTU,2012,5.426,,2988334,Europe,
Lithuania,LTU,2014,5.833,,2933171,Europe,
Lithuania,LTU,2015,5.813,,2905771,Europe,
Lithuania,LTU,2016,5.902,,2869109,Europe,
Lithuania,LTU,2017,5.952,,2829317,Europe,
Lithuania,LTU,2018,6.149,,2802485,Europe,
Lithuania,LTU,2019,6.2155,,2795057,Europe,
Lithuania,LTU,2020,6.255,,2795766,Europe,
Lithuania,LTU,2021,6.446,,2794490,Europe,
Lithuania,LTU,2022,6.763,73.6502,2816923,Europe,
Lithuania,LTU,2023,6.818,,2854104,Europe,
Lithuania,LTU,2024,6.829,,2854104,Europe,
Lithuania,LTU,2025,6.704,,2854104,Europe,
Low-income countries,OWID_LIC,2011,4.1991987,,527892338,,
Low-income countries,OWID_LIC,2012,4.3248277,,542351002,,
Low-income countries,OWID_LIC,2014,4.1418214,,570114000,,
Low-income countries,OWID_LIC,2015,4.019672,,584512270,,
Low-income countries,OWID_LIC,2016,4.0885735,,600009253,,
Low-income countries,OWID_LIC,2017,4.061096,,616499906,,
Low-income countries,OWID_LIC,2018,4.07924,,633927493,,
Low-income countries,OWID_LIC,2019,4.0922575,,652255351,,
Low-income countries,OWID_LIC,2020,4.1645823,,670891087,,
Low-income countries,OWID_LIC,2021,4.201216,,689336886,,
Low-income countries,OWID_LIC,2022,3.8373725,,707776067,,
Low-income countries,OWID_LIC,2023,3.7992842,,727162113,,
Low-income countries,OWID_LIC,2024,3.826744,,727162113,,
Low-income countries,OWID_LIC,2025,3.9477088,,727162113,,
Lower-middle-income countries,OWID_LMC,2011,4.8969297,,2414467849,,
Lower-middle-income countries,OWID_LMC,2012,4.825672,,2455038495,,
Lower-middle-income countries,OWID_LMC,2014,4.668258,,2535363862,,
Lower-middle-income countries,OWID_LMC,2015,4.546841,,2574110746,,
Lower-middle-income countries,OWID_LMC,2016,4.531796,,2612695400,,
Lower-middle-income countries,OWID_LMC,2017,4.480374,,2650928979,,
Lower-middle-income countries,OWID_LMC,2018,4.4264026,,2688062081,,
Lower-middle-income countries,OWID_LMC,2019,4.202087,,2724788114,,
Lower-middle-income countries,OWID_LMC,2020,4.2893934,,2761779459,,
Lower-middle-income countries,OWID_LMC,2021,4.213776,,2797279017,,
Lower-middle-income countries,OWID_LMC,2022,4.3224297,,2832687999,,
Lower-middle-income countries,OWID_LMC,2023,4.2974033,,2869912730,,
Lower-middle-income countries,OWID_LMC,2024,4.4782205,,2869912730,,
Lower-middle-income countries,OWID_LMC,2025,4.598265,,2869912730,,
Luxembourg,LUX,2004,,93.53432,458305,Europe,
Luxembourg,LUX,2010,,93.63568,507418,Europe,
Luxembourg,LUX,2011,7.051,,518583,Europe,
Luxembourg,LUX,2012,7.054,,530951,Europe,
Luxembourg,LUX,2014,6.946,,556285,Europe,
Luxembourg,LUX,2015,6.871,,569540,Europe,
Luxembourg,LUX,2016,6.863,,583511,Europe,
Luxembourg,LUX,2017,6.91,,596506,Europe,
Luxembourg,LUX,2018,7.09,,608109,Europe,
Luxembourg,LUX,2019,7.2375,,620167,Europe,
Luxembourg,LUX,2020,7.324,,630597,Europe,
Luxembourg,LUX,2021,7.404,,640276,Europe,
Luxembourg,LUX,2022,7.228,,653315,Europe,
Luxembourg,LUX,2023,7.122,,665101,Europe,
Luxembourg,LUX,2024,7.122,,665101,Europe,
Luxembourg,LUX,2025,7.063,,665101,Europe,
Macao,MAC,2022,,91.00684,704360,Asia,
Madagascar,MDG,2011,4.309,,22822305,Africa,
Madagascar,MDG,2012,3.966,,23462444,Africa,
Madagascar,MDG,2014,3.681,,24764356,Africa,
Madagascar,MDG,2015,3.695,,25426703,Africa,
Madagascar,MDG,2016,3.644,,26099950,Africa,
Madagascar,MDG,2017,3.774,,26788379,Africa,
Madagascar,MDG,2018,3.933,,27494930,Africa,
Madagascar,MDG,2019,4.1656,,28219559,Africa,
Madagascar,MDG,2020,4.208,,28953560,Africa,
Madagascar,MDG,2021,4.339,,29691087,Africa,
Madagascar,MDG,2022,4.019,,30437261,Africa,
Madagascar,MDG,2023,4.228,,31195937,Africa,
Madagascar,MDG,2024,4.157,,31195937,Africa,
Madagascar,MDG,2025,4.174,,31195937,Africa,
Malawi,MWI,2011,4.624,,15265026,Africa,
Malawi,MWI,2012,4.113,,15709577,Africa,
Malawi,MWI,2014,4.292,,16621534,Africa,
Malawi,MWI,2015,4.156,,17085587,Africa,
Malawi,MWI,2016,3.97,,17557741,Africa,
Malawi,MWI,2017,3.587,,18039714,Africa,
Malawi,MWI,2018,3.41,,18528086,Africa,
Malawi,MWI,2019,3.538,,19025748,Africa,
Malawi,MWI,2020,3.6,,19533885,Africa,
Malawi,MWI,2021,3.75,,20047264,Africa,
Malawi,MWI,2022,3.495,,20568731,Africa,
Malawi,MWI,2023,3.421,,21104480,Africa,
Malawi,MWI,2024,3.26,,21104480,Africa,
Malawi,MWI,2025,3.284,,21104480,Africa,
Malaysia,MYS,2010,,94.75437,28655772,Asia,
Malaysia,MYS,2011,5.823,,29162034,Asia,
Malaysia,MYS,2012,5.76,,29662835,Asia,
Malaysia,MYS,2014,5.77,96.07693,30696133,Asia,
Malaysia,MYS,2015,6.005,,31232796,Asia,
Malaysia,MYS,2016,6.084,,31789692,Asia,
Malaysia,MYS,2017,6.322,,32355642,Asia,
Malaysia,MYS,2018,5.339,,32910963,Asia,
Malaysia,MYS,2019,5.3843,,33440590,Asia,
Malaysia,MYS,2020,5.384,,33889554,Asia,
Malaysia,MYS,2021,5.711,,34282404,Asia,
Malaysia,MYS,2022,6.012,85.60548,34695494,Asia,
Malaysia,MYS,2023,5.975,,35126295,Asia,
Malaysia,MYS,2024,5.955,,35126295,Asia,
Malaysia,MYS,2025,6.005,,35126295,Asia,
Maldives,MDV,2019,5.1976,,487737,Asia,
Maldives,MDV,2020,5.198,,502127,Asia,
Maldives,MDV,2022,,87.87296,524116,Asia,
Mali,MLI,2010,,82.59453,15945201,Africa,
Mali,MLI,2011,3.967,,16469054,Africa,
Mali,MLI,2012,4.247,,16957039,Africa,
Mali,MLI,2014,3.995,,18020267,Africa,
Mali,MLI,2015,4.073,,18593022,Africa,
Mali,MLI,2016,4.19,,19191298,Africa,
Mali,MLI,2017,4.447,,19813016,Africa,
Mali,MLI,2018,4.39,,20442031,Africa,
Mali,MLI,2019,4.7293,,21068405,Africa,
Mali,MLI,2020,4.723,,21713837,Africa,
Mali,MLI,2021,4.479,,22388637,Africa,
Mali,MLI,2022,4.198,,23072641,Africa,
Mali,MLI,2023,4.232,,23769130,Africa,
Mali,MLI,2024,4.345,,23769130,Africa,
Mali,MLI,2025,4.588,,23769130,Africa,
Malta,MLT,1984,,80.94218,350555,Europe,
Malta,MLT,1993,,84.78589,378222,Europe,
Malta,MLT,2004,,86.99619,410800,Europe,
Malta,MLT,2010,,89.37431,422654,Europe,
Malta,MLT,2011,5.96,,424635,Europe,
Malta,MLT,2012,5.964,,426616,Europe,
Malta,MLT,2014,6.302,,434494,Europe,
Malta,MLT,2015,6.488,,444978,Europe,
Malta,MLT,2016,6.527,,455276,Europe,
Malta,MLT,2017,6.627,,467902,Europe,
Malta,MLT,2018,6.726,,484560,Europe,
Malta,MLT,2019,6.7728,,504017,Europe,
Malta,MLT,2020,6.602,,518212,Europe,
Malta,MLT,2021,6.447,,524383,Europe,
Malta,MLT,2022,6.3,,528194,Europe,
Malta,MLT,2023,6.346,,532964,Europe,
Malta,MLT,2024,6.316,,532964,Europe,
Malta,MLT,2025,6.436,,532964,Europe,
Mauritania,MRT,2011,4.643,,3502813,Africa,
Mauritania,MRT,2012,4.758,,3619035,Africa,
Mauritania,MRT,2014,4.436,,3848511,Africa,
Mauritania,MRT,2015,4.201,,3965959,Africa,
Mauritania,MRT,2016,4.292,,4086655,Africa,
Mauritania,MRT,2017,4.356,,4210603,Africa,
Mauritania,MRT,2018,4.49,,4337685,Africa,
Mauritania,MRT,2019,4.3746,,4467714,Africa,
Mauritania,MRT,2020,4.227,,4600136,Africa,
Mauritania,MRT,2021,4.153,,4734874,Africa,
Mauritania,MRT,2022,4.724,,4875644,Africa,
Mauritania,MRT,2023,4.505,,5022442,Africa,
Mauritania,MRT,2024,4.542,,5022442,Africa,
Mauritania,MRT,2025,4.473,,5022442,Africa,
Mauritius,MUS,2011,5.477,,1286270,Africa,
Mauritius,MUS,2012,5.477,,1289174,Africa,
Mauritius,MUS,2014,5.477,,1292006,Africa,
Mauritius,MUS,2015,5.648,,1292283,Africa,
Mauritius,MUS,2016,5.629,,1291807,Africa,
Mauritius,MUS,2017,5.891,,1290654,Africa,
Mauritius,MUS,2018,5.888,,1288836,Africa,
Mauritius,MUS,2019,6.1013,,1286269,Africa,
Mauritius,MUS,2020,6.049,,1283231,Africa,
Mauritius,MUS,2021,6.071,,1279628,Africa,
Mauritius,MUS,2022,5.902,,1276134,Africa,
Mauritius,MUS,2023,5.816,,1273591,Africa,
Mauritius,MUS,2024,5.832,,1273591,Africa,
Mauritius,MUS,2025,5.939,,1273591,Africa,
Mexico,MEX,1984,,79.20589,73506848,North America,
Mexico,MEX,1993,,67.60287,87653817,North America,
Mexico,MEX,1998,,69.60265,95575242,North America,
Mexico,MEX,2004,,91.01376,104394131,North America,
Mexico,MEX,2010,,90.64103,113623898,North America,
Mexico,MEX,2011,6.74,,115243503,North America,
Mexico,MEX,2012,7.088,,116818208,North America,
Mexico,MEX,2014,7.187,94.25,119784265,North America,
Mexico,MEX,2015,6.778,,121072310,North America,
Mexico,MEX,2016,6.578,,122251344,North America,
Mexico,MEX,2017,6.488,,123400052,North America,
Mexico,MEX,2018,6.595,,124573713,North America,
Mexico,MEX,2019,6.465,,125762978,North America,
Mexico,MEX,2020,6.317,,126799053,North America,
Mexico,MEX,2021,6.128,,127648151,North America,
Mexico,MEX,2022,6.33,92.02093,128613116,North America,
Mexico,MEX,2023,6.678,,129739761,North America,
Mexico,MEX,2024,6.979,,129739761,North America,
Mexico,MEX,2025,6.972,,129739761,North America,
Moldova,MDA,1998,,43.39431,4318713,Europe,
Moldova,MDA,2004,,49.41209,4046672,Europe,
Moldova,MDA,2010,,58.9032,3631990,Europe,
Moldova,MDA,2011,5.305,,3557278,Europe,
Moldova,MDA,2012,5.791,,3482629,Europe,
Moldova,MDA,2014,5.889,,3342715,Europe,
Moldova,MDA,2015,5.897,,3287168,Europe,
Moldova,MDA,2016,5.838,,3237798,Europe,
Moldova,MDA,2017,5.64,,3193500,Europe,
Moldova,MDA,2018,5.529,,3153779,Europe,
Moldova,MDA,2019,5.6075,,3112561,Europe,
Moldova,MDA,2020,5.766,,3069135,Europe,
Moldova,MDA,2021,5.857,,3023780,Europe,
Moldova,MDA,2022,5.819,,3039986,Europe,
Moldova,MDA,2023,5.816,,3067072,Europe,
Moldova,MDA,2024,5.819,,3067072,Europe,
Moldova,MDA,2025,5.851,,3067072,Europe,
Mongolia,MNG,2011,4.562,,2745183,Asia,
Mongolia,MNG,2012,4.834,,2795463,Asia,
Mongolia,MNG,2014,4.874,,2913041,Asia,
Mongolia,MNG,2015,4.907,,2976528,Asia,
Mongolia,MNG,2016,4.955,,3040815,Asia,
Mongolia,MNG,2017,5.125,,3104371,Asia,
Mongolia,MNG,2018,5.285,,3167714,Asia,
Mongolia,MNG,2019,5.4562,,3232118,Asia,
Mongolia,MNG,2020,5.677,,3290786,Asia,
Mongolia,MNG,2021,5.761,,3339676,Asia,
Mongolia,MNG,2022,5.84,73.32932,3386015,Asia,
Mongolia,MNG,2023,5.696,,3431938,Asia,
Mongolia,MNG,2024,5.833,,3431938,Asia,
Mongolia,MNG,2025,5.936,,3431938,Asia,
Montenegro,MNE,1998,,69.16666,634099,Europe,
Montenegro,MNE,2004,,65.28302,633756,Europe,
Montenegro,MNE,2010,,84.15498,632088,Europe,
Montenegro,MNE,2011,5.147,,632689,Europe,
Montenegro,MNE,2012,5.299,,633546,Europe,
Montenegro,MNE,2014,5.192,,631377,Europe,
Montenegro,MNE,2015,5.161,,628145,Europe,
Montenegro,MNE,2016,5.237,,624246,Europe,
Montenegro,MNE,2017,5.347,,620112,Europe,
Montenegro,MNE,2018,5.523,,615798,Europe,
Montenegro,MNE,2019,5.5461,,611671,Europe,
Montenegro,MNE,2020,5.581,,607934,Europe,
Montenegro,MNE,2021,5.547,,603854,Europe,
Montenegro,MNE,2022,5.722,91.52189,614649,Europe,
Montenegro,MNE,2023,5.707,,633553,Europe,
Montenegro,MNE,2024,5.877,,633553,Europe,
Montenegro,MNE,2025,6.139,,633553,Europe,
Morocco,MAR,2004,,79.97232,29953021,Africa,
Morocco,MAR,2010,,80.83334,32467009,Africa,
Morocco,MAR,2011,4.793,,32912585,Africa,
Morocco,MAR,2012,4.885,,33355246,Africa,
Morocco,MAR,2014,5.013,78.33334,34204784,Africa,
Morocco,MAR,2015,5.151,,34607590,Africa,
Morocco,MAR,2016,5.235,,35023459,Africa,
Morocco,MAR,2017,5.254,,35446395,Africa,
Morocco,MAR,2018,5.208,,35839760,Africa,
Morocco,MAR,2019,5.0948,,36210907,Africa,
Morocco,MAR,2020,4.918,,36584208,Africa,
Morocco,MAR,2021,5.06,,36954443,Africa,
Morocco,MAR,2022,4.903,82.83333,37329068,Africa,
Morocco,MAR,2023,4.795,,37712516,Africa,
Morocco,MAR,2024,4.622,,37712516,Africa,
Morocco,MAR,2025,4.646,,37712516,Africa,
Mozambique,MOZ,2011,4.693,,23649045,Africa,
Mozambique,MOZ,2012,4.971,,24337849,Africa,
Mozambique,MOZ,2014,4.971,,25788473,Africa,
Mozambique,MOZ,2016,4.55,,27337107,Africa,
Mozambique,MOZ,2017,4.417,,28166397,Africa,
Mozambique,MOZ,2018,4.466,,29018647,Africa,
Mozambique,MOZ,2019,4.6236,,29884378,Africa,
Mozambique,MOZ,2020,4.794,,30783685,Africa,
Mozambique,MOZ,2021,5.048,,31707798,Africa,
Mozambique,MOZ,2022,4.954,,32656242,Africa,
Mozambique,MOZ,2023,5.216,,33635163,Africa,
Mozambique,MOZ,2024,5.19,,33635163,Africa,
Mozambique,MOZ,2025,5.336,,33635163,Africa,
Myanmar,MMR,2011,5.322,,49419825,Asia,
Myanmar,MMR,2012,4.439,,49837451,Asia,
Myanmar,MMR,2014,4.307,,50681635,Asia,
Myanmar,MMR,2015,4.395,,51089060,Asia,
Myanmar,MMR,2016,4.545,,51495701,Asia,
Myanmar,MMR,2017,4.308,,51894939,Asia,
Myanmar,MMR,2018,4.36,,52272250,Asia,
Myanmar,MMR,2019,4.308,,52640718,Asia,
Myanmar,MMR,2020,4.426,,53016525,Asia,
Myanmar,MMR,2021,4.394,,53387103,Asia,
Myanmar,MMR,2022,4.372,87.58334,53756791,Asia,
Myanmar,MMR,2023,4.354,,54133800,Asia,
Myanmar,MMR,2024,4.321,,54133800,Asia,
Myanmar,MMR,2025,4.287,,54133800,Asia,
Namibia,NAM,2011,4.886,,2146331,Africa,
Namibia,NAM,2015,4.574,,2374305,Africa,
Namibia,NAM,2016,4.574,,2439219,Africa,
Namibia,NAM,2017,4.441,,2506854,Africa,
Namibia,NAM,2018,4.639,,2577327,Africa,
Namibia,NAM,2019,4.5711,,2650499,Africa,
Namibia,NAM,2020,4.574,,2728760,Africa,
Namibia,NAM,2021,4.459,,2810552,Africa,
Namibia,NAM,2022,4.631,,2889668,Africa,
Namibia,NAM,2023,4.832,,2963102,Africa,
Namibia,NAM,2024,4.911,,2963102,Africa,
Namibia,NAM,2025,4.781,,2963102,Africa,
Nepal,NPL,2011,4.474,,27464499,Asia,
Nepal,NPL,2012,4.156,,27534916,Asia,
Nepal,NPL,2014,4.514,,27672373,Asia,
Nepal,NPL,2015,4.793,,27823631,Asia,
Nepal,NPL,2016,4.962,,27955471,Asia,
Nepal,NPL,2017,4.88,,28011258,Asia,
Nepal,NPL,2018,4.913,,28079688,Asia,
Nepal,NPL,2019,5.1372,,28414066,Asia,
Nepal,NPL,2020,5.269,,28966580,Asia,
Nepal,NPL,2021,5.377,,29475016,Asia,
Nepal,NPL,2022,5.36,,29715435,Asia,
Nepal,NPL,2023,5.158,,29694614,Asia,
Nepal,NPL,2024,5.311,,29694614,Asia,
Nepal,NPL,2025,5.147,,29694614,Asia,
Netherlands,NLD,1984,,94.80543,14462809,Europe,
Netherlands,NLD,1993,,93.10358,15389718,Europe,
Netherlands,NLD,2004,,95.0388,16425562,Europe,
Netherlands,NLD,2010,,95.50652,16771232,Europe,
Netherlands,NLD,2011,7.512,,16851061,Europe,
Netherlands,NLD,2012,7.512,,16915191,Europe,
Netherlands,NLD,2014,7.378,92.42902,17030085,Europe,
Netherlands,NLD,2015,7.339,,17107429,Europe,
Netherlands,NLD,2016,7.377,,17204693,Europe,
Netherlands,NLD,2017,7.441,,17315376,Europe,
Netherlands,NLD,2018,7.488,,17421285,Europe,
Netherlands,NLD,2019,7.4489,,17537505,Europe,
Netherlands,NLD,2020,7.464,,17636732,Europe,
Netherlands,NLD,2021,7.415,,17730565,Europe,
Netherlands,NLD,2022,7.403,90.52544,17904421,Europe,
Netherlands,NLD,2023,7.319,,18092526,Europe,
Netherlands,NLD,2024,7.306,,18092526,Europe,
Netherlands,NLD,2025,7.223,,18092526,Europe,
New Zealand,NZL,1998,,94.33805,3811376,Oceania,
New Zealand,NZL,2010,,96.43606,4347766,Oceania,
New Zealand,NZL,2011,7.372,,4382699,Oceania,
New Zealand,NZL,2012,7.221,,4411682,Oceania,
New Zealand,NZL,2014,7.286,92.39001,4522976,Oceania,
New Zealand,NZL,2015,7.334,,4614035,Oceania,
New Zealand,NZL,2016,7.314,,4714768,Oceania,
New Zealand,NZL,2017,7.324,,4812749,Oceania,
New Zealand,NZL,2018,7.307,,4900840,Oceania,
New Zealand,NZL,2019,7.2996,,4989410,Oceania,
New Zealand,NZL,2020,7.277,,5069895,Oceania,
New Zealand,NZL,2021,7.2,,5107694,Oceania,
New Zealand,NZL,2022,7.123,92.93425,5131731,Oceania,
New Zealand,NZL,2023,7.029,,5172837,Oceania,
New Zealand,NZL,2024,6.952,,5172837,Oceania,
New Zealand,NZL,2025,6.995,,5172837,Oceania,
Nicaragua,NIC,2011,5.115,,5819051,North America,
Nicaragua,NIC,2012,5.507,,5901290,North America,
Nicaragua,NIC,2014,5.828,,6066493,North America,
Nicaragua,NIC,2015,5.992,,6149417,North America,
Nicaragua,NIC,2016,6.071,,6232664,North America,
Nicaragua,NIC,2017,6.141,,6316235,North America,
Nicaragua,NIC,2018,6.105,,6400074,North America,
Nicaragua,NIC,2019,6.1371,,6483660,North America,
Nicaragua,NIC,2020,5.972,,6565267,North America,
Nicaragua,NIC,2021,6.165,,6644745,North America,
Nicaragua,NIC,2022,6.259,85.58334,6730662,North America,
Nicaragua,NIC,2023,6.284,,6823619,North America,
Nicaragua,NIC,2024,6.33,,6823619,North America,
Nicaragua,NIC,2025,6.301,,6823619,North America,
Niger,NER,2011,4.122,,17176286,Africa,
Niger,NER,2012,4.152,,17836770,Africa,
Niger,NER,2014,3.845,,19215917,Africa,
Niger,NER,2015,3.856,,19939496,Africa,
Niger,NER,2016,4.028,,20685758,Africa,
Niger,NER,2017,4.166,,21435449,Africa,
Niger,NER,2018,4.628,,22188074,Africa,
Niger,NER,2019,4.9096,,22947765,Africa,
Niger,NER,2020,5.074,,23717615,Africa,
Niger,NER,2021,5.003,,24502145,Africa,
Niger,NER,2022,4.501,,25311978,Africa,
Niger,NER,2023,4.556,,26159863,Africa,
Niger,NER,2024,4.725,,26159863,Africa,
Niger,NER,2025,4.94,,26159863,Africa,
Nigeria,NGA,1993,,65.43456,105122075,Africa,
Nigeria,NGA,1998,,84.26424,119846261,Africa,
Nigeria,NGA,2004,,91.83976,141057045,Africa,
Nigeria,NGA,2011,4.856,,171379602,Africa,
Nigeria,NGA,2012,5.248,,176200627,Africa,
Nigeria,NGA,2014,5.268,84.65257,185896917,Africa,
Nigeria,NGA,2015,4.875,,190671883,Africa,
Nigeria,NGA,2016,5.074,,195443698,Africa,
Nigeria,NGA,2017,5.155,,200254580,Africa,
Nigeria,NGA,2018,5.265,,204938752,Africa,
Nigeria,NGA,2019,4.7241,,209485637,Africa,
Nigeria,NGA,2020,4.759,,213996185,Africa,
Nigeria,NGA,2021,4.552,,218529286,Africa,
Nigeria,NGA,2022,4.981,72.41383,223150906,Africa,
Nigeria,NGA,2023,4.881,,227882949,Africa,
Nigeria,NGA,2024,4.885,,227882949,Africa,
Nigeria,NGA,2025,4.788,,227882949,Africa,
North America,OWID_NAM,2011,6.9237547,,549552428,,
North America,OWID_NAM,2012,6.9149685,,555486393,,
North America,OWID_NAM,2014,6.9593596,,567078666,,
North America,OWID_NAM,2015,6.860802,,572637322,,
North America,OWID_NAM,2016,6.744117,,578186332,,
North America,OWID_NAM,2017,6.67166,,583669319,,
North America,OWID_NAM,2018,6.7061434,,589049569,,
North America,OWID_NAM,2019,6.7110395,,594346844,,
North America,OWID_NAM,2020,6.6686883,,598250669,,
North America,OWID_NAM,2021,6.6937227,,600876349,,
North America,OWID_NAM,2022,6.6780343,,604356255,,
North America,OWID_NAM,2023,6.667866,,608770547,,
North America,OWID_NAM,2024,6.732753,,608770547,,
North America,OWID_NAM,2025,6.799036,,608770547,,
North Macedonia,MKD,1998,,62.31156,2037575,Europe,
North Macedonia,MKD,2004,,74.68623,2086581,Europe,
North Macedonia,MKD,2010,,80.4359,2051510,Europe,
North Macedonia,MKD,2011,4.369,,2040445,Europe,
North Macedonia,MKD,2012,4.574,,2027288,Europe,
North Macedonia,MKD,2014,5.007,,1997842,Europe,
North Macedonia,MKD,2015,5.121,,1980366,Europe,
North Macedonia,MKD,2016,5.175,,1961268,Europe,
North Macedonia,MKD,2017,5.185,,1940877,Europe,
North Macedonia,MKD,2018,5.274,,1919730,Europe,
North Macedonia,MKD,2019,5.1598,,1897643,Europe,
North Macedonia,MKD,2020,5.101,,1872021,Europe,
North Macedonia,MKD,2021,5.199,,1851109,Europe,
North Macedonia,MKD,2022,5.254,86.81465,1840236,Europe,
North Macedonia,MKD,2023,5.369,,1831800,Europe,
North Macedonia,MKD,2024,5.503,,1831800,Europe,
North Macedonia,MKD,2025,5.719,,1831800,Europe,
Northern Cyprus,OWID_CYN,2010,,75.66135,,,
Northern Cyprus,OWID_CYN,2012,5.463,,,,
Northern Cyprus,OWID_CYN,2014,5.695,,,,
Northern Cyprus,OWID_CYN,2015,5.771,,,,
Northern Cyprus,OWID_CYN,2016,5.81,,,,
Northern Cyprus,OWID_CYN,2017,5.835,,,,
Northern Cyprus,OWID_CYN,2018,5.718,,,,
Northern Cyprus,OWID_CYN,2019,5.5355,,,,
Northern Cyprus,OWID_CYN,2020,5.536,,,,
Northern Cyprus,OWID_CYN,2021,5.467,,,,
Northern Ireland,,1984,,94.64709,,,
Northern Ireland,,1993,,93.09211,,,
Northern Ireland,,2004,,94.85559,,,
Northern Ireland,,2010,,93.69785,,,
Northern Ireland,,2022,,93.35258,,,
Norway,NOR,1984,,92.19791,4139970,Europe,
Norway,NOR,1993,,93.46246,4311864,Europe,
Norway,NOR,1998,,94.32121,4431308,Europe,
Norway,NOR,2010,,95.84815,4889160,Europe,
Norway,NOR,2011,7.524,,4952969,Europe,
Norway,NOR,2012,7.655,,5018453,Europe,
Norway,NOR,2014,7.522,,5137397,Europe,
Norway,NOR,2015,7.498,,5189777,Europe,
Norway,NOR,2016,7.537,,5235974,Europe,
Norway,NOR,2017,7.594,,5276807,Europe,
Norway,NOR,2018,7.554,,5311751,Europe,
Norway,NOR,2019,7.488,,5347733,Europe,
Norway,NOR,2020,7.392,,5379275,Europe,
Norway,NOR,2021,7.365,,5408082,Europe,
Norway,NOR,2022,7.315,94.06306,5456796,Europe,
Norway,NOR,2023,7.302,,5519167,Europe,
Norway,NOR,2024,7.262,,5519167,Europe,
Norway,NOR,2025,7.242,,5519167,Europe,
Oceania,OWID_OCE,2011,7.3494053,,37890098,,
Oceania,OWID_OCE,2012,7.3291264,,38550537,,
Oceania,OWID_OCE,2014,7.284322,,39918746,,
Oceania,OWID_OCE,2015,7.3163924,,40615015,,
Oceania,OWID_OCE,2016,7.28887,,41347231,,
Oceania,OWID_OCE,2017,7.280471,,42093989,,
Oceania,OWID_OCE,2018,7.2408967,,42815501,,
Oceania,OWID_OCE,2019,7.235375,,43504534,,
Oceania,OWID_OCE,2020,7.1984663,,44079305,,
Oceania,OWID_OCE,2021,7.168248,,44558542,,
Oceania,OWID_OCE,2022,7.099586,,45049680,,
Oceania,OWID_OCE,2023,7.05242,,45563135,,
Oceania,OWID_OCE,2024,6.970407,,45563135,,
Oceania,OWID_OCE,2025,6.9288745,,45563135,,
Oman,OMN,2012,6.853,,3547104,Asia,
Oman,OMN,2014,6.853,,4002444,Asia,
Oman,OMN,2024,6.197,,5049267,Asia,
Oman,OMN,2025,6.197,,5049267,Asia,
Pakistan,PAK,1998,,79.10603,146522354,Asia,
Pakistan,PAK,2004,,75.6,171285999,Asia,
Pakistan,PAK,2011,5.149,,203746069,Asia,
Pakistan,PAK,2012,5.292,,207667129,Asia,
Pakistan,PAK,2014,5.194,84.71133,214264649,Asia,
Pakistan,PAK,2015,5.132,,217290884,Asia,
Pakistan,PAK,2016,5.269,,220138863,Asia,
Pakistan,PAK,2017,5.472,,223273974,Asia,
Pakistan,PAK,2018,5.653,,226928893,Asia,
Pakistan,PAK,2019,5.6933,,230800908,Asia,
Pakistan,PAK,2020,4.934,,235001745,Asia,
Pakistan,PAK,2021,4.516,,239477805,Asia,
Pakistan,PAK,2022,4.555,89.22306,243700667,Asia,
Pakistan,PAK,2023,4.657,,247504505,Asia,
Pakistan,PAK,2024,4.768,,247504505,Asia,
Pakistan,PAK,2025,4.868,,247504505,Asia,
Palestine,PSE,2011,4.555,,4115912,Asia,
Palestine,PSE,2012,4.7,,4215318,Asia,
Palestine,PSE,2014,4.715,74.4,4415887,Asia,
Palestine,PSE,2015,4.754,,4521564,Asia,
Palestine,PSE,2016,4.775,,4632743,Asia,
Palestine,PSE,2017,4.743,,4742747,Asia,
Palestine,PSE,2018,4.696,,4850593,Asia,
Palestine,PSE,2019,4.5528,,4957773,Asia,
Palestine,PSE,2020,4.517,,5069692,Asia,
Palestine,PSE,2021,4.483,,5185341,Asia,
Palestine,PSE,2022,4.908,,5305274,Asia,
Palestine,PSE,2023,4.879,,5409201,Asia,
Palestine,PSE,2024,4.78,,5409201,Asia,
Palestine,PSE,2025,4.694,,5409201,Asia,
Panama,PAN,2011,6.863,,3693509,North America,
Panama,PAN,2012,7.143,,3759261,North America,
Panama,PAN,2014,6.786,,3892100,North America,
Panama,PAN,2015,6.701,,3960034,North America,
Panama,PAN,2016,6.452,,4029085,North America,
Panama,PAN,2017,6.43,,4098704,North America,
Panama,PAN,2018,6.321,,4167860,North America,
Panama,PAN,2019,6.3048,,4234698,North America,
Panama,PAN,2020,6.18,,4293258,North America,
Panama,PAN,2021,6.309,,4345410,North America,
Panama,PAN,2022,6.265,,4400775,North America,
Panama,PAN,2023,6.358,,4458758,North America,
Panama,PAN,2024,6.407,,4458758,North America,
Panama,PAN,2025,6.547,,4458758,North America,
Paraguay,PRY,2011,5.398,,5814632,South America,
Paraguay,PRY,2012,5.779,,5897011,South America,
Paraguay,PRY,2014,5.878,,6069819,South America,
Paraguay,PRY,2015,5.538,,6159106,South America,
Paraguay,PRY,2016,5.493,,6249129,South America,
Paraguay,PRY,2017,5.681,,6338658,South America,
Paraguay,PRY,2018,5.743,,6427382,South America,
Paraguay,PRY,2019,5.6921,,6515059,South America,
Paraguay,PRY,2020,5.653,,6603741,South America,
Paraguay,PRY,2021,5.578,,6684184,South America,
Paraguay,PRY,2022,5.738,,6760460,South America,
Paraguay,PRY,2023,5.977,,6844150,South America,
Paraguay,PRY,2024,6.172,,6844150,South America,
Paraguay,PRY,2025,6.198,,6844150,South America,
Peru,PER,1998,,62.84063,25738101,South America,
Peru,PER,2004,,66.08927,27852190,South America,
Peru,PER,2010,,67.41455,29086021,South America,
Peru,PER,2011,5.258,,29304083,South America,
Peru,PER,2012,5.776,,29550367,South America,
Peru,PER,2014,5.824,75.98549,30115825,South America,
Peru,PER,2015,5.743,,30457598,South America,
Peru,PER,2016,5.715,,30866497,South America,
Peru,PER,2017,5.663,,31324639,South America,
Peru,PER,2018,5.697,,31897590,South America,
Peru,PER,2019,5.7968,,32449302,South America,
Peru,PER,2020,5.84,,32838577,South America,
Peru,PER,2021,5.559,,33155883,South America,
Peru,PER,2022,5.526,80.77301,33475436,South America,
Peru,PER,2023,5.841,,33845616,South America,
Peru,PER,2024,5.947,,33845616,South America,
Peru,PER,2025,5.974,,33845616,South America,
Philippines,PHL,1998,,92.5,75791031,Asia,
Philippines,PHL,2004,,87.56617,86394510,Asia,
Philippines,PHL,2011,4.825,,98248614,Asia,
Philippines,PHL,2012,4.985,,100175511,Asia,
Philippines,PHL,2014,5.073,89.32845,103767127,Asia,
Philippines,PHL,2015,5.279,,105312988,Asia,
Philippines,PHL,2016,5.43,,106735721,Asia,
Philippines,PHL,2017,5.524,,108119691,Asia,
Philippines,PHL,2018,5.631,,109465284,Asia,
Philippines,PHL,2019,6.006,,110804685,Asia,
Philippines,PHL,2020,5.88,,112081270,Asia,
Philippines,PHL,2021,5.904,,113100947,Asia,
Philippines,PHL,2022,5.523,91.44243,113964343,Asia,
Philippines,PHL,2023,6.048,,114891199,Asia,
Philippines,PHL,2024,6.107,,114891199,Asia,
Philippines,PHL,2025,6.206,,114891199,Asia,
Poland,POL,1993,,68.02084,38294882,Europe,
Poland,POL,1998,,85.25585,38326431,Europe,
Poland,POL,2004,,77.28551,38167568,Europe,
Poland,POL,2010,,85.76341,38095356,Europe,
Poland,POL,2011,5.803,,38208644,Europe,
Poland,POL,2012,5.822,,38247867,Europe,
Poland,POL,2014,5.791,92.61225,38265113,Europe,
Poland,POL,2015,5.835,,38266314,Europe,
Poland,POL,2016,5.973,,38263260,Europe,
Poland,POL,2017,6.123,,38254964,Europe,
Poland,POL,2018,6.182,,38241070,Europe,
Poland,POL,2019,6.1863,,38225884,Europe,
Poland,POL,2020,6.166,,38171005,Europe,
Poland,POL,2021,6.123,,38040303,Europe,
Poland,POL,2022,6.26,90.96447,38385734,Europe,
Poland,POL,2023,6.442,,38762847,Europe,
Poland,POL,2024,6.673,,38762847,Europe,
Poland,POL,2025,6.768,,38762847,Europe,
Portugal,PRT,1993,,72.75937,9972341,Europe,
Portugal,PRT,2004,,83.44766,10481386,Europe,
Portugal,PRT,2010,,89.85663,10578659,Europe,
Portugal,PRT,2011,5.327,,10557050,Europe,
Portugal,PRT,2012,5.101,,10513155,Europe,
Portugal,PRT,2014,5.102,,10406203,Europe,
Portugal,PRT,2015,5.123,,10370264,Europe,
Portugal,PRT,2016,5.195,,10346377,Europe,
Portugal,PRT,2017,5.41,,10330838,Europe,
Portugal,PRT,2018,5.693,,10325355,Europe,
Portugal,PRT,2019,5.9109,,10343218,Europe,
Portugal,PRT,2020,5.929,,10370519,Europe,
Portugal,PRT,2021,6.016,,10390957,Europe,
Portugal,PRT,2022,5.968,87.78766,10417074,Europe,
Portugal,PRT,2023,6.03,,10430735,Europe,
Portugal,PRT,2024,6.013,,10430735,Europe,
Portugal,PRT,2025,6.029,,10430735,Europe,
Puerto Rico,PRI,1998,,90.72165,3770561,North America,
Puerto Rico,PRI,2004,,94.02778,3798659,North America,
Puerto Rico,PRI,2011,6.593,,3683711,North America,
Puerto Rico,PRI,2015,7.039,,3521811,North America,
Puerto Rico,PRI,2022,,90.50577,3240972,North America,
Qatar,QAT,2011,6.569,,1810960,Asia,
Qatar,QAT,2012,6.666,,1907122,Asia,
Qatar,QAT,2014,6.611,97.96528,2218378,Asia,
Qatar,QAT,2015,6.375,,2427340,Asia,
Qatar,QAT,2016,6.375,,2599382,Asia,
Qatar,QAT,2017,6.374,,2706716,Asia,
Qatar,QAT,2018,6.374,,2761144,Asia,
Romania,ROU,1993,,61.55938,22842257,Europe,
Romania,ROU,1998,,56.09362,22284901,Europe,
Romania,ROU,2004,,46.5096,21403215,Europe,
Romania,ROU,2010,,63.50334,20432575,Europe,
Romania,ROU,2011,5.178,,20282009,Europe,
Romania,ROU,2012,5.033,,20158451,Europe,
Romania,ROU,2014,5.124,69.03992,19968179,Europe,
Romania,ROU,2015,5.528,,19871018,Europe,
Romania,ROU,2016,5.825,,19777049,Europe,
Romania,ROU,2017,5.945,,19689405,Europe,
Romania,ROU,2018,6.07,,19597874,Europe,
Romania,ROU,2019,6.1237,,19501542,Europe,
Romania,ROU,2020,6.14,,19392467,Europe,
Romania,ROU,2021,6.477,,19248159,Europe,
Romania,ROU,2022,6.589,77.93004,19166776,Europe,
Romania,ROU,2023,6.491,,19118482,Europe,
Romania,ROU,2024,6.563,,19118482,Europe,
Romania,ROU,2025,6.629,,19118482,Europe,
Russia,RUS,1993,,47.22081,148135419,Europe,
Russia,RUS,1998,,50.19608,147635543,Europe,
Russia,RUS,2004,,48.13385,145180091,Europe,
Russia,RUS,2010,,67.51584,143934468,Europe,
Russia,RUS,2011,5.284,,144043751,Europe,
Russia,RUS,2012,5.464,,144291025,Europe,
Russia,RUS,2014,5.716,73.44671,144925639,Europe,
Russia,RUS,2015,5.856,,145307612,Europe,
Russia,RUS,2016,5.963,,145778668,Europe,
Russia,RUS,2017,5.81,,146186798,Europe,
Russia,RUS,2018,5.648,,146430146,Europe,
Russia,RUS,2019,5.546,,146533063,Europe,
Russia,RUS,2020,5.477,,146371295,Europe,
Russia,RUS,2021,5.459,,145836172,Europe,
Russia,RUS,2022,5.661,79.44434,145579889,Europe,
Russia,RUS,2023,5.785,,145440502,Europe,
Russia,RUS,2024,5.945,,145440502,Europe,
Russia,RUS,2025,5.834,,145440502,Europe,
Rwanda,RWA,2010,,85.33511,10317560,Africa,
Rwanda,RWA,2011,4.204,,10573742,Africa,
Rwanda,RWA,2012,3.715,,10829904,Africa,
Rwanda,RWA,2014,3.465,90.43877,11364758,Africa,
Rwanda,RWA,2015,3.515,,11640026,Africa,
Rwanda,RWA,2016,3.471,,11919183,Africa,
Rwanda,RWA,2017,3.408,,12202062,Africa,
Rwanda,RWA,2018,3.334,,12488000,Africa,
Rwanda,RWA,2019,3.3123,,12776102,Africa,
Rwanda,RWA,2020,3.415,,13065838,Africa,
Rwanda,RWA,2021,3.268,,13355260,Africa,
Saudi Arabia,SAU,2004,,91.34487,19669486,Asia,
Saudi Arabia,SAU,2011,6.597,,26105636,Asia,
Saudi Arabia,SAU,2012,6.48,,27062447,Asia,
Saudi Arabia,SAU,2014,6.411,,28998127,Asia,
Saudi Arabia,SAU,2015,6.379,,29974944,Asia,
Saudi Arabia,SAU,2016,6.344,,30717804,Asia,
Saudi Arabia,SAU,2017,6.371,,30782400,Asia,
Saudi Arabia,SAU,2018,6.375,,30365119,Asia,
Saudi Arabia,SAU,2019,6.4065,,30472809,Asia,
Saudi Arabia,SAU,2020,6.494,,30991206,Asia,
Saudi Arabia,SAU,2021,6.523,,31328374,Asia,
Saudi Arabia,SAU,2022,6.463,,32175351,Asia,
Saudi Arabia,SAU,2023,6.594,,33264289,Asia,
Saudi Arabia,SAU,2024,6.6,,33264289,Asia,
Saudi Arabia,SAU,2025,6.817,,33264289,Asia,
Senegal,SEN,2011,4.414,,12958902,Africa,
Senegal,SEN,2012,3.959,,13310499,Africa,
Senegal,SEN,2014,3.904,,14152103,Africa,
Senegal,SEN,2015,4.219,,14593335,Africa,
Senegal,SEN,2016,4.535,,15034517,Africa,
Senegal,SEN,2017,4.631,,15475001,Africa,
Senegal,SEN,2018,4.681,,15914495,Africa,
Senegal,SEN,2019,4.9808,,16352926,Africa,
Senegal,SEN,2020,5.132,,16789217,Africa,
Senegal,SEN,2021,5.046,,17220866,Africa,
Senegal,SEN,2022,4.855,,17651099,Africa,
Senegal,SEN,2023,4.969,,18077573,Africa,
Senegal,SEN,2024,4.856,,18077573,Africa,
Senegal,SEN,2025,4.787,,18077573,Africa,
Serbia,SRB,1998,,69.92188,7765929,Europe,
Serbia,SRB,2004,,73.5,7565843,Europe,
Serbia,SRB,2010,,68.5629,7395872,Europe,
Serbia,SRB,2011,4.564,,7364858,Europe,
Serbia,SRB,2012,4.813,,7324624,Europe,
Serbia,SRB,2014,5.123,,7227203,Europe,
Serbia,SRB,2015,5.177,,7177257,Europe,
Serbia,SRB,2016,5.395,,7126083,Europe,
Serbia,SRB,2017,5.398,,7073507,Europe,
Serbia,SRB,2018,5.603,,7020014,Europe,
Serbia,SRB,2019,5.7782,,6966155,Europe,
Serbia,SRB,2020,6.078,,6907814,Europe,
Serbia,SRB,2021,6.178,,6835429,Europe,
Serbia,SRB,2022,6.144,79.77212,6791215,Europe,
Serbia,SRB,2023,6.411,,6773204,Europe,
Serbia,SRB,2024,6.606,,6773204,Europe,
Serbia,SRB,2025,6.691,,6773204,Europe,
Sierra Leone,SLE,2011,3.586,,6387258,Africa,
Sierra Leone,SLE,2012,4.318,,6551078,Africa,
Sierra Leone,SLE,2014,4.507,,6876385,Africa,
Sierra Leone,SLE,2015,4.635,,7037660,Africa,
Sierra Leone,SLE,2016,4.709,,7205339,Africa,
Sierra Leone,SLE,2017,4.571,,7379300,Africa,
Sierra Leone,SLE,2018,4.374,,7554568,Africa,
Sierra Leone,SLE,2019,3.9264,,7731994,Africa,
Sierra Leone,SLE,2020,3.849,,7912557,Africa,
Sierra Leone,SLE,2021,3.574,,8094603,Africa,
Sierra Leone,SLE,2022,3.138,,8276809,Africa,
Sierra Leone,SLE,2023,3.245,,8460523,Africa,
Sierra Leone,SLE,2024,2.998,,8460523,Africa,
Sierra Leone,SLE,2025,3.251,,8460523,Africa,
Singapore,SGP,2004,,94.80276,4172767,Asia,
Singapore,SGP,2011,6.549,,5182242,Asia,
Singapore,SGP,2012,6.546,,5293345,Asia,
Singapore,SGP,2014,6.798,93.00925,5457899,Asia,
Singapore,SGP,2015,6.739,,5525343,Asia,
Singapore,SGP,2016,6.572,,5577936,Asia,
Singapore,SGP,2017,6.343,,5604087,Asia,
Singapore,SGP,2018,6.262,,5634366,Asia,
Singapore,SGP,2019,6.3771,,5669562,Asia,
Singapore,SGP,2020,6.377,,5620151,Asia,
Singapore,SGP,2021,6.48,,5546291,Asia,
Singapore,SGP,2022,6.587,88.98358,5649888,Asia,
Singapore,SGP,2023,6.523,,5789092,Asia,
Singapore,SGP,2024,6.565,,5789092,Asia,
Singapore,SGP,2025,6.585,,5789092,Asia,
Slovakia,SVK,1993,,55.30587,5326363,Europe,
Slovakia,SVK,1998,,71.41553,5374801,Europe,
Slovakia,SVK,2004,,68.91756,5376038,Europe,
Slovakia,SVK,2010,,81.25195,5391857,Europe,
Slovakia,SVK,2011,5.657,,5398105,Europe,
Slovakia,SVK,2012,5.969,,5404877,Europe,
Slovakia,SVK,2014,5.995,,5415238,Europe,
Slovakia,SVK,2015,6.078,,5420278,Europe,
Slovakia,SVK,2016,6.098,,5427262,Europe,
Slovakia,SVK,2017,6.173,,5435702,Europe,
Slovakia,SVK,2018,6.198,,5443229,Europe,
Slovakia,SVK,2019,6.2806,,5450627,Europe,
Slovakia,SVK,2020,6.331,,5455028,Europe,
Slovakia,SVK,2021,6.391,,5442766,Europe,
Slovakia,SVK,2022,6.469,78.91463,5473195,Europe,
Slovakia,SVK,2023,6.257,,5518057,Europe,
Slovakia,SVK,2024,6.221,,5518057,Europe,
Slovakia,SVK,2025,6.255,,5518057,Europe,
Slovenia,SVN,1993,,54.87922,1990815,Europe,
Slovenia,SVN,1998,,73.78352,1980071,Europe,
Slovenia,SVN,2004,,75.94434,1993548,Europe,
Slovenia,SVN,2010,,81.22367,2044611,Europe,
Slovenia,SVN,2011,5.922,,2048805,Europe,
Slovenia,SVN,2012,6.06,,2053322,Europe,
Slovenia,SVN,2014,5.848,83.25538,2058395,Europe,
Slovenia,SVN,2015,5.768,,2059946,Europe,
Slovenia,SVN,2016,5.758,,2061379,Europe,
Slovenia,SVN,2017,5.948,,2062410,Europe,
Slovenia,SVN,2018,6.118,,2069484,Europe,
Slovenia,SVN,2019,6.3634,,2083438,Europe,
Slovenia,SVN,2020,6.461,,2102421,Europe,
Slovenia,SVN,2021,6.63,,2113495,Europe,
Slovenia,SVN,2022,6.65,83.50598,2115231,Europe,
Slovenia,SVN,2023,6.743,,2118394,Europe,
Slovenia,SVN,2024,6.792,,2118394,Europe,
Slovenia,SVN,2025,6.868,,2118394,Europe,
Somalia,SOM,2015,5.44,,13806969,Africa,
Somalia,SOM,2016,5.151,,14348741,Africa,
Somalia,SOM,2017,4.982,,14916630,Africa,
Somalia,SOM,2018,4.668,,15452489,Africa,
Somalia,SOM,2024,4.347,,18358622,Africa,
Somalia,SOM,2025,4.508,,18358622,Africa,
Somaliland,OWID_SML,2011,4.691,,,,
Somaliland,OWID_SML,2012,4.847,,,,
Somaliland,OWID_SML,2014,5.057,,,,
Somaliland,OWID_SML,2015,5.057,,,,
South Africa,ZAF,1984,,80.38847,33892793,Africa,
South Africa,ZAF,1993,,66.35867,43297155,Africa,
South Africa,ZAF,1998,,72.42017,46223888,Africa,
South Africa,ZAF,2004,,77.3448,48991420,Africa,
South Africa,ZAF,2010,,77.83786,52344047,Africa,
South Africa,ZAF,2011,5.101,,52995212,Africa,
South Africa,ZAF,2012,4.963,,53782570,Africa,
South Africa,ZAF,2014,4.642,76.35912,55594840,Africa,
South Africa,ZAF,2015,4.459,,56723536,Africa,
South Africa,ZAF,2016,4.829,,57259550,Africa,
South Africa,ZAF,2017,4.724,,57635158,Africa,
South Africa,ZAF,2018,4.722,,58613001,Africa,
South Africa,ZAF,2019,4.8141,,59587880,Africa,
South Africa,ZAF,2020,4.956,,60562374,Africa,
South Africa,ZAF,2021,5.194,,61502602,Africa,
South Africa,ZAF,2022,5.275,,62378417,Africa,
South Africa,ZAF,2023,5.422,,63212386,Africa,
South Africa,ZAF,2024,5.213,,63212386,Africa,
South Africa,ZAF,2025,5.009,,63212386,Africa,
South America,OWID_SAM,2011,6.3715854,,394477912,,
South America,OWID_SAM,2012,6.6057935,,398255319,,
South America,OWID_SAM,2014,6.6774144,,405812435,,
South America,OWID_SAM,2015,6.604779,,409619969,,
South America,OWID_SAM,2016,6.361448,,413395039,,
South America,OWID_SAM,2017,6.176329,,417045362,,
South America,OWID_SAM,2018,6.0698714,,420440405,,
South America,OWID_SAM,2019,6.119894,,423548291,,
South America,OWID_SAM,2020,6.0577035,,426213552,,
South America,OWID_SAM,2021,5.9831657,,428331419,,
South America,OWID_SAM,2022,5.9180527,,430492816,,
South America,OWID_SAM,2023,6.080996,,433024223,,
South America,OWID_SAM,2024,6.277881,,433024223,,
South America,OWID_SAM,2025,6.364446,,433024223,,
South Korea,KOR,1993,,75.21982,44887721,Asia,
South Korea,KOR,1998,,88.79103,46230885,Asia,
South Korea,KOR,2004,,87.66666,47697076,Asia,
South Korea,KOR,2010,,87.37817,48769329,Asia,
South Korea,KOR,2011,5.643,,49127640,Asia,
South Korea,KOR,2012,6.267,,49599580,Asia,
South Korea,KOR,2014,5.984,90.00872,50539055,Asia,
South Korea,KOR,2015,5.835,,50983909,Asia,
South Korea,KOR,2016,5.838,,51297836,Asia,
South Korea,KOR,2017,5.875,,51486268,Asia,
South Korea,KOR,2018,5.895,,51640894,Asia,
South Korea,KOR,2019,5.8724,,51767844,Asia,
South Korea,KOR,2020,5.845,,51858481,Asia,
South Korea,KOR,2021,5.935,,51848401,Asia,
South Korea,KOR,2022,5.951,89.0763,51782515,Asia,
South Korea,KOR,2023,6.058,,51748744,Asia,
South Korea,KOR,2024,6.038,,51748744,Asia,
South Korea,KOR,2025,6.04,,51748744,Asia,
South Sudan,SSD,2015,3.832,,11107569,Africa,
South Sudan,SSD,2016,3.591,,10830108,Africa,
South Sudan,SSD,2017,3.254,,10259150,Africa,
South Sudan,SSD,2018,2.853,,10122983,Africa,
South Sudan,SSD,2019,2.8166,,10423382,Africa,
Spain,ESP,1984,,77.75384,38437483,Europe,
Spain,ESP,1993,,83.34064,39651627,Europe,
Spain,ESP,1998,,86.53486,40617436,Europe,
Spain,ESP,2004,,86.51347,43234562,Europe,
Spain,ESP,2010,,90.89694,46840469,Europe,
Spain,ESP,2011,6.761,,46998040,Europe,
Spain,ESP,2012,6.322,,47018323,Europe,
Spain,ESP,2014,6.329,86.3922,46720187,Europe,
Spain,ESP,2015,6.361,,46683683,Europe,
Spain,ESP,2016,6.403,,46732768,Europe,
Spain,ESP,2017,6.31,,46868594,Europe,
Spain,ESP,2018,6.354,,47092817,Europe,
Spain,ESP,2019,6.4009,,47435121,Europe,
Spain,ESP,2020,6.491,,47679482,Europe,
Spain,ESP,2021,6.476,,47735670,Europe,
Spain,ESP,2022,6.436,88.79475,47828386,Europe,
Spain,ESP,2023,6.421,,47911583,Europe,
Spain,ESP,2024,6.466,,47911583,Europe,
Spain,ESP,2025,6.54,,47911583,Europe,
Sri Lanka,LKA,2011,4.26,,21009054,Asia,
Sri Lanka,LKA,2012,4.151,,21169461,Asia,
Sri Lanka,LKA,2014,4.271,,21547454,Asia,
Sri Lanka,LKA,2015,4.415,,21729975,Asia,
Sri Lanka,LKA,2016,4.44,,21910763,Asia,
Sri Lanka,LKA,2017,4.471,,22087525,Asia,
Sri Lanka,LKA,2018,4.366,,22253116,Asia,
Sri Lanka,LKA,2019,4.327,,22410552,Asia,
Sri Lanka,LKA,2020,4.325,,22561808,Asia,
Sri Lanka,LKA,2021,4.362,,22700377,Asia,
Sri Lanka,LKA,2022,4.442,,22834965,Asia,
Sri Lanka,LKA,2023,3.898,,22971615,Asia,
Sri Lanka,LKA,2024,3.891,,22971615,Asia,
Sri Lanka,LKA,2025,4.013,,22971615,Asia,
Sudan,SDN,2011,4.424,,36140808,Africa,
Sudan,SDN,2012,4.401,,36923175,Africa,
Sudan,SDN,2014,4.55,,38823324,Africa,
Sudan,SDN,2015,4.139,,40024433,Africa,
Sudan,SDN,2016,4.139,,41259892,Africa,
Sudan,SDN,2017,4.139,,42714311,Africa,
Suriname,SUR,2012,6.269,,562640,South America,
Suriname,SUR,2014,6.269,,575380,South America,
Suriname,SUR,2015,6.269,,581634,South America,
Sweden,SWE,1984,,93.81551,8336482,Europe,
Sweden,SWE,1993,,95.41547,8718038,Europe,
Sweden,SWE,1998,,93.95441,8850606,Europe,
Sweden,SWE,2004,,93.39589,8993805,Europe,
Sweden,SWE,2010,,91.55124,9378234,Europe,
Sweden,SWE,2011,7.379,,9449263,Europe,
Sweden,SWE,2012,7.48,,9519477,Europe,
Sweden,SWE,2014,7.364,94.51546,9696438,Europe,
Sweden,SWE,2015,7.291,,9799483,Europe,
Sweden,SWE,2016,7.284,,9923281,Europe,
Sweden,SWE,2017,7.314,,10057864,Europe,
Sweden,SWE,2018,7.343,,10175400,Europe,
Sweden,SWE,2019,7.3535,,10279120,Europe,
Sweden,SWE,2020,7.363,,10353682,Europe,
Sweden,SWE,2021,7.384,,10416134,Europe,
Sweden,SWE,2022,7.395,93.77649,10487335,Europe,
Sweden,SWE,2023,7.344,,10551493,Europe,
Sweden,SWE,2024,7.345,,10551493,Europe,
Sweden,SWE,2025,7.255,,10551493,Europe,
Switzerland,CHE,1993,,93.38536,6938106,Europe,
Switzerland,CHE,1998,,94.3251,7110294,Europe,
Switzerland,CHE,2010,,92.94263,7825750,Europe,
Switzerland,CHE,2011,7.499,,7914379,Europe,
Switzerland,CHE,2012,7.65,,7998927,Europe,
Switzerland,CHE,2014,7.587,,8190238,Europe,
Switzerland,CHE,2015,7.509,,8283940,Europe,
Switzerland,CHE,2016,7.494,,8374903,Europe,
Switzerland,CHE,2017,7.487,,8453630,Europe,
Switzerland,CHE,2018,7.48,,8516341,Europe,
Switzerland,CHE,2019,7.5599,,8577525,Europe,
Switzerland,CHE,2020,7.571,,8640582,Europe,
Switzerland,CHE,2021,7.512,,8707019,Europe,
Switzerland,CHE,2022,7.24,93.31825,8792180,Europe,
Switzerland,CHE,2023,7.06,,8870564,Europe,
Switzerland,CHE,2024,6.935,,8870564,Europe,
Switzerland,CHE,2025,7.018,,8870564,Europe,
Syria,SYR,2011,4.735,,22878104,Asia,
Syria,SYR,2012,3.892,,22759763,Asia,
Syria,SYR,2014,3.006,,20273661,Asia,
Syria,SYR,2015,3.069,,19424615,Asia,
Syria,SYR,2016,3.462,,19193835,Asia,
Syria,SYR,2017,3.462,,19224671,Asia,
Syria,SYR,2018,3.462,,19577849,Asia,
Taiwan,TWN,1998,,90.64103,22049226,Asia,
Taiwan,TWN,2010,,85.15893,23224049,Asia,
Taiwan,TWN,2011,5.988,,23273078,Asia,
Taiwan,TWN,2012,6.221,,23345963,Asia,
Taiwan,TWN,2014,6.298,89.88847,23472811,Asia,
Taiwan,TWN,2015,6.379,,23529260,Asia,
Taiwan,TWN,2016,6.422,,23586140,Asia,
Taiwan,TWN,2017,6.441,,23632950,Asia,
Taiwan,TWN,2018,6.446,,23659308,Asia,
Taiwan,TWN,2019,6.4554,,23674137,Asia,
Taiwan,TWN,2020,6.584,,23663461,Asia,
Taiwan,TWN,2021,6.512,,23558330,Asia,
Taiwan,TWN,2022,6.535,90.72237,23420107,Asia,
Taiwan,TWN,2023,6.503,,23317145,Asia,
Taiwan,TWN,2024,6.669,,23317145,Asia,
Taiwan,TWN,2025,6.714,,23317145,Asia,
Tajikistan,TJK,2011,4.614,,7824788,Asia,
Tajikistan,TJK,2012,4.38,,8014087,Asia,
Tajikistan,TJK,2014,4.786,,8425559,Asia,
Tajikistan,TJK,2015,4.996,,8643839,Asia,
Tajikistan,TJK,2016,5.041,,8865623,Asia,
Tajikistan,TJK,2017,5.352,,9085942,Asia,
Tajikistan,TJK,2018,5.467,,9307345,Asia,
Tajikistan,TJK,2019,5.5557,,9529970,Asia,
Tajikistan,TJK,2020,5.466,,9749312,Asia,
Tajikistan,TJK,2021,5.377,,9966912,Asia,
Tajikistan,TJK,2022,5.33,94.41666,10182228,Asia,
Tajikistan,TJK,2023,5.281,,10389807,Asia,
Tajikistan,TJK,2024,5.411,,10389807,Asia,
Tajikistan,TJK,2025,5.591,,10389807,Asia,
Tanzania,TZA,2004,,93.08283,38109666,Africa,
Tanzania,TZA,2011,3.8,,46029371,Africa,
Tanzania,TZA,2012,3.77,,47374261,Africa,
Tanzania,TZA,2014,3.781,,50351506,Africa,
Tanzania,TZA,2015,3.666,,52020958,Africa,
Tanzania,TZA,2016,3.349,,53824012,Africa,
Tanzania,TZA,2017,3.303,,55652888,Africa,
Tanzania,TZA,2018,3.231,,57437134,Africa,
Tanzania,TZA,2019,3.4762,,59174889,Africa,
Tanzania,TZA,2020,3.623,,60972803,Africa,
Tanzania,TZA,2021,3.702,,62830410,Africa,
Tanzania,TZA,2022,3.694,,64711822,Africa,
Tanzania,TZA,2023,3.781,,66617607,Africa,
Tanzania,TZA,2024,3.8,,66617607,Africa,
Tanzania,TZA,2025,3.902,,66617607,Africa,
Thailand,THA,2010,,92.43807,68579443,Asia,
Thailand,THA,2011,5.804,,69007212,Asia,
Thailand,THA,2012,6.371,,69436091,Asia,
Thailand,THA,2014,6.455,93.06419,70216362,Asia,
Thailand,THA,2015,6.474,,70540787,Asia,
Thailand,THA,2016,6.424,,70859835,Asia,
Thailand,THA,2017,6.072,,71160183,Asia,
Thailand,THA,2018,6.008,,71376081,Asia,
Thailand,THA,2019,5.9988,,71522264,Asia,
Thailand,THA,2020,5.985,,71641484,Asia,
Thailand,THA,2021,5.891,,71727338,Asia,
Thailand,THA,2022,5.843,83.75718,71735321,Asia,
Thailand,THA,2023,5.976,,71702436,Asia,
Thailand,THA,2024,6.222,,71702436,Asia,
Thailand,THA,2025,6.296,,71702436,Asia,
Togo,TGO,2011,3.007,,6500577,Africa,
Togo,TGO,2012,2.936,,6653719,Africa,
Togo,TGO,2014,2.839,,6937647,Africa,
Togo,TGO,2015,3.303,,7071500,Africa,
Togo,TGO,2016,3.495,,7200883,Africa,
Togo,TGO,2017,3.999,,7324379,Africa,
Togo,TGO,2018,4.085,,7458205,Africa,
Togo,TGO,2019,4.1872,,7619916,Africa,
Togo,TGO,2020,4.107,,7788058,Africa,
Togo,TGO,2021,4.112,,7936185,Africa,
Togo,TGO,2022,4.137,,8068616,Africa,
Togo,TGO,2023,4.214,,8223853,Africa,
Togo,TGO,2024,4.315,,8223853,Africa,
Togo,TGO,2025,4.277,,8223853,Africa,
Trinidad and Tobago,TTO,2010,,86.76797,1386657,North America,
Trinidad and Tobago,TTO,2011,6.263,,1394990,North America,
Trinidad and Tobago,TTO,2012,6.519,,1403814,North America,
Trinidad and Tobago,TTO,2014,6.168,87.98799,1421135,North America,
Trinidad and Tobago,TTO,2015,6.168,,1429190,North America,
Trinidad and Tobago,TTO,2016,6.168,,1437031,North America,
Trinidad and Tobago,TTO,2017,6.192,,1445265,North America,
Trinidad and Tobago,TTO,2018,6.192,,1470522,North America,
Trinidad and Tobago,TTO,2019,6.1919,,1484898,North America,
Trinidad and Tobago,TTO,2024,5.905,,1502938,North America,
Trinidad and Tobago,TTO,2025,5.905,,1502938,North America,
Tunisia,TUN,2011,5.141,,10886041,Africa,
Tunisia,TUN,2012,4.826,,11009649,Africa,
Tunisia,TUN,2014,4.739,79.25311,11274295,Africa,
Tunisia,TUN,2015,5.045,,11402270,Africa,
Tunisia,TUN,2016,4.805,,11528676,Africa,
Tunisia,TUN,2017,4.592,,11650504,Africa,
Tunisia,TUN,2018,4.461,,11765515,Africa,
Tunisia,TUN,2019,4.3922,,11875084,Africa,
Tunisia,TUN,2020,4.596,,11974058,Africa,
Tunisia,TUN,2021,4.516,,12048625,Africa,
Tunisia,TUN,2022,4.497,76.57285,12119338,Africa,
Tunisia,TUN,2023,4.422,,12200434,Africa,
Tunisia,TUN,2024,4.552,,12200434,Africa,
Tunisia,TUN,2025,4.798,,12200434,Africa,
Turkey,TUR,1993,,81.06796,58999164,Asia,
Turkey,TUR,1998,,88.32066,63734385,Asia,
Turkey,TUR,2004,,72.18719,68592621,Asia,
Turkey,TUR,2010,,78.956,73346766,Asia,
Turkey,TUR,2011,5.234,,74215203,Asia,
Turkey,TUR,2012,5.345,,75197196,Asia,
Turkey,TUR,2014,5.332,83.80663,78036154,Asia,
Turkey,TUR,2015,5.389,,80014222,Asia,
Turkey,TUR,2016,5.5,,81652087,Asia,
Turkey,TUR,2017,5.483,,83083667,Asia,
Turkey,TUR,2018,5.373,,84415966,Asia,
Turkey,TUR,2019,5.1318,,85357670,Asia,
Turkey,TUR,2020,4.948,,86091691,Asia,
Turkey,TUR,2021,4.744,,86686254,Asia,
Turkey,TUR,2022,4.614,85.01035,87058469,Asia,
Turkey,TUR,2023,4.975,,87270502,Asia,
Turkey,TUR,2024,5.262,,87270502,Asia,
Turkey,TUR,2025,5.3,,87270502,Asia,
Turkmenistan,TKM,2011,6.568,,5683413,Asia,
Turkmenistan,TKM,2012,5.628,,5808548,Asia,
Turkmenistan,TKM,2014,5.548,,6075286,Asia,
Turkmenistan,TKM,2015,5.658,,6215773,Asia,
Turkmenistan,TKM,2016,5.822,,6360041,Asia,
Turkmenistan,TKM,2017,5.636,,6507065,Asia,
Turkmenistan,TKM,2018,5.247,,6655523,Asia,
Turkmenistan,TKM,2019,5.1191,,6803943,Asia,
Turkmenistan,TKM,2020,5.066,,6949915,Asia,
Turkmenistan,TKM,2021,5.474,,7092042,Asia,
Uganda,UGA,2004,,78.75198,27154513,Africa,
Uganda,UGA,2011,4.313,,33354541,Africa,
Uganda,UGA,2012,4.443,,34337436,Africa,
Uganda,UGA,2014,3.931,,36395542,Africa,
Uganda,UGA,2015,3.739,,37531444,Africa,
Uganda,UGA,2016,4.081,,38799153,Africa,
Uganda,UGA,2017,4.161,,40177384,Africa,
Uganda,UGA,2018,4.189,,41565839,Africa,
Uganda,UGA,2019,4.432,,42999636,Africa,
Uganda,UGA,2020,4.636,,44457148,Africa,
Uganda,UGA,2021,4.603,,45910931,Africa,
Uganda,UGA,2022,4.432,,47312718,Africa,
Uganda,UGA,2023,4.372,,48656606,Africa,
Uganda,UGA,2024,4.461,,48656606,Africa,
Uganda,UGA,2025,4.491,,48656606,Africa,
Ukraine,UKR,1998,,45.89114,50379728,Europe,
Ukraine,UKR,2004,,46.03295,47979502,Europe,
Ukraine,UKR,2010,,70.93273,46455997,Europe,
Ukraine,UKR,2011,5.089,,46307854,Europe,
Ukraine,UKR,2012,5.057,,46210051,Europe,
Ukraine,UKR,2014,4.681,68.10394,45972379,Europe,
Ukraine,UKR,2015,4.324,,45784904,Europe,
Ukraine,UKR,2016,4.096,,45616831,Europe,
Ukraine,UKR,2017,4.103,,45436037,Europe,
Ukraine,UKR,2018,4.332,,45208903,Europe,
Ukraine,UKR,2019,4.5607,,44957451,Europe,
Ukraine,UKR,2020,4.875,,44680008,Europe,
Ukraine,UKR,2021,5.084,,44298642,Europe,
Ukraine,UKR,2022,5.071,76.26277,41048768,Europe,
Ukraine,UKR,2023,4.873,,37732833,Europe,
Ukraine,UKR,2024,4.68,,37732833,Europe,
Ukraine,UKR,2025,4.658,,37732833,Europe,
United Arab Emirates,ARE,2011,6.977,,7199436,Asia,
United Arab Emirates,ARE,2012,7.144,,7497122,Asia,
United Arab Emirates,ARE,2014,6.901,,8236880,Asia,
United Arab Emirates,ARE,2015,6.573,,8674633,Asia,
United Arab Emirates,ARE,2016,6.648,,9030873,Asia,
United Arab Emirates,ARE,2017,6.774,,9234330,Asia,
United Arab Emirates,ARE,2018,6.825,,9346870,Asia,
United Arab Emirates,ARE,2019,6.7908,,9377855,Asia,
United Arab Emirates,ARE,2020,6.561,,9448529,Asia,
United Arab Emirates,ARE,2021,6.576,,9789055,Asia,
United Arab Emirates,ARE,2022,6.571,,10242085,Asia,
United Arab Emirates,ARE,2023,6.733,,10642089,Asia,
United Arab Emirates,ARE,2024,6.759,,10642089,Asia,
United Arab Emirates,ARE,2025,6.821,,10642089,Asia,
United Kingdom,GBR,1984,,94.96825,56451312,Europe,"England, Scotland, and Wales"
United Kingdom,GBR,1993,,90.88806,57861037,Europe,"England, Scotland, and Wales"
United Kingdom,GBR,1998,,90.58507,58626822,Europe,"England, Scotland, and Wales"
United Kingdom,GBR,2010,,92.49185,63006482,Europe,"England, Scotland, and Wales"
United Kingdom,GBR,2011,6.936,,63509285,Europe,
United Kingdom,GBR,2012,6.883,,63960488,Europe,
United Kingdom,GBR,2014,6.867,,64865914,Europe,
United Kingdom,GBR,2015,6.725,,65382107,Europe,
United Kingdom,GBR,2016,6.714,,65893359,Europe,
United Kingdom,GBR,2017,6.814,,66354473,Europe,
United Kingdom,GBR,2018,7.054,,66752473,Europe,
United Kingdom,GBR,2019,7.1645,,67110958,Europe,
United Kingdom,GBR,2020,7.064,,67351860,Europe,
United Kingdom,GBR,2021,6.943,,67668788,Europe,
United Kingdom,GBR,2022,6.796,91.45046,68179315,Europe,"England, Scotland, and Wales"
United Kingdom,GBR,2023,6.749,,68682965,Europe,
United Kingdom,GBR,2024,6.728,,68682965,Europe,
United Kingdom,GBR,2025,6.694,,68682965,Europe,
United States,USA,1984,,90.32454,239353967,North America,
United States,USA,1993,,87.88667,262633229,North America,
United States,USA,1998,,93.82487,276119323,North America,
United States,USA,2004,,93.052,292786248,North America,
United States,USA,2010,,93.13236,311062785,North America,
United States,USA,2011,7.27,,314105075,North America,
United States,USA,2012,7.082,,317115349,North America,
United States,USA,2014,7.119,89.54961,323115377,North America,
United States,USA,2015,7.104,,326126496,North America,
United States,USA,2016,6.993,,329179423,North America,
United States,USA,2017,6.886,,332204657,North America,
United States,USA,2018,6.892,,335056492,North America,
United States,USA,2019,6.9396,,337790069,North America,
United States,USA,2020,6.951,,339436156,North America,
United States,USA,2021,6.977,,340161438,North America,
United States,USA,2022,6.894,88.1805,341534041,North America,
United States,USA,2023,6.725,,343477330,North America,
United States,USA,2024,6.724,,343477330,North America,
United States,USA,2025,6.816,,343477330,North America,
Upper-middle-income countries,OWID_UMC,2011,5.1567845,,2826529069,,
Upper-middle-income countries,OWID_UMC,2012,5.3619175,,2853513937,,
Upper-middle-income countries,OWID_UMC,2014,5.4578085,,2909623484,,
Upper-middle-income countries,OWID_UMC,2015,5.490583,,2936592596,,
Upper-middle-income countries,OWID_UMC,2016,5.4675336,,2961887241,,
Upper-middle-income countries,OWID_UMC,2017,5.4038224,,2986941328,,
Upper-middle-income countries,OWID_UMC,2018,5.365101,,3010524931,,
Upper-middle-income countries,OWID_UMC,2019,5.3679733,,3030827998,,
Upper-middle-income countries,OWID_UMC,2020,5.463017,,3047355384,,
Upper-middle-income countries,OWID_UMC,2021,5.5685973,,3059569196,,
Upper-middle-income countries,OWID_UMC,2022,5.6748347,,3067365341,,
Upper-middle-income countries,OWID_UMC,2023,5.8535495,,3074336898,,
Upper-middle-income countries,OWID_UMC,2024,5.901644,,3074336898,,
Upper-middle-income countries,OWID_UMC,2025,6.0038924,,3074336898,,
Uruguay,URY,1998,,79.37735,3239286,South America,
Uruguay,URY,2010,,85.9,3318581,South America,
Uruguay,URY,2011,5.898,,3326829,South America,
Uruguay,URY,2012,6.355,,3335406,South America,
Uruguay,URY,2014,6.485,86,3356343,South America,
Uruguay,URY,2015,6.545,,3368022,South America,
Uruguay,URY,2016,6.454,,3379279,South America,
Uruguay,URY,2017,6.379,,3388444,South America,
Uruguay,URY,2018,6.293,,3394538,South America,
Uruguay,URY,2019,6.4401,,3397206,South America,
Uruguay,URY,2020,6.431,,3398966,South America,
Uruguay,URY,2021,6.474,,3396693,South America,
Uruguay,URY,2022,6.494,90.83165,3390913,South America,
Uruguay,URY,2023,6.611,,3388083,South America,
Uruguay,URY,2024,6.661,,3388083,South America,
Uruguay,URY,2025,6.635,,3388083,South America,
Uzbekistan,UZB,2011,5.225,,28823194,Asia,
Uzbekistan,UZB,2012,5.623,,29261908,Asia,
Uzbekistan,UZB,2014,6.003,96.06667,30222994,Asia,
Uzbekistan,UZB,2015,5.987,,30749349,Asia,
Uzbekistan,UZB,2016,5.971,,31284565,Asia,
Uzbekistan,UZB,2017,6.096,,31819172,Asia,
Uzbekistan,UZB,2018,6.174,,32373489,Asia,
Uzbekistan,UZB,2019,6.2576,,32964700,Asia,
Uzbekistan,UZB,2020,6.179,,33586373,Asia,
Uzbekistan,UZB,2021,6.063,,34243696,Asia,
Uzbekistan,UZB,2022,6.014,94.28342,34938953,Asia,
Uzbekistan,UZB,2023,6.195,,35652311,Asia,
Uzbekistan,UZB,2024,6.193,,35652311,Asia,
Uzbekistan,UZB,2025,6.283,,35652311,Asia,
Venezuela,VEN,1998,,92.66666,23601341,South America,
Venezuela,VEN,2004,,86.33334,26340843,South America,
Venezuela,VEN,2011,6.922,,29185220,South America,
Venezuela,VEN,2012,7.039,,29553829,South America,
Venezuela,VEN,2014,6.81,,30254080,South America,
Venezuela,VEN,2015,6.084,,30573968,South America,
Venezuela,VEN,2016,5.25,,30765719,South America,
Venezuela,VEN,2017,4.806,,30565331,South America,
Venezuela,VEN,2018,4.707,,29807591,South America,
Venezuela,VEN,2019,5.0532,,28938096,South America,
Venezuela,VEN,2020,4.892,,28444080,South America,
Venezuela,VEN,2021,4.925,,28237830,South America,
Venezuela,VEN,2022,5.211,78.9916,28213015,South America,
Venezuela,VEN,2023,5.607,,28300861,South America,
Venezuela,VEN,2024,5.683,,28300861,South America,
Venezuela,VEN,2025,5.756,,28300861,South America,
Vietnam,VNM,2004,,91.39999,80338977,Asia,
Vietnam,VNM,2010,,91.50501,87455148,Asia,
Vietnam,VNM,2011,5.425,,88468315,Asia,
Vietnam,VNM,2012,5.533,,89510355,Asia,
Vietnam,VNM,2014,5.36,,91679582,Asia,
Vietnam,VNM,2015,5.061,,92823254,Asia,
Vietnam,VNM,2016,5.074,,94000115,Asia,
Vietnam,VNM,2017,5.103,,95176978,Asia,
Vietnam,VNM,2018,5.175,,96237319,Asia,
Vietnam,VNM,2019,5.3535,,97173778,Asia,
Vietnam,VNM,2020,5.411,,98079196,Asia,
Vietnam,VNM,2021,5.485,,98935101,Asia,
Vietnam,VNM,2022,5.763,97.33334,99680656,Asia,
Vietnam,VNM,2023,6.043,,100352189,Asia,
Vietnam,VNM,2024,6.352,,100352189,Asia,
Vietnam,VNM,2025,6.428,,100352189,Asia,
World,OWID_WRL,2011,5.26148,,7110923773,,
World,OWID_WRL,2012,5.319894,,7201202478,,
World,OWID_WRL,2014,5.2839904,,7381616239,,
World,OWID_WRL,2015,5.246827,,7470491876,,
World,OWID_WRL,2016,5.226976,,7558554527,,
World,OWID_WRL,2017,5.1741133,,7645617952,,
World,OWID_WRL,2018,5.149911,,7729902779,,
World,OWID_WRL,2019,5.0791073,,7811293699,,
World,OWID_WRL,2020,5.1643105,,7887001289,,
World,OWID_WRL,2021,5.1809764,,7954448387,,
World,OWID_WRL,2022,5.223494,,8021407196,,
World,OWID_WRL,2023,5.2622137,,8091734933,,
World,OWID_WRL,2024,5.344821,,8091734933,,
World,OWID_WRL,2025,5.436698,,8091734933,,
Yemen,YEM,2011,4.454,,27582902,Asia,
Yemen,YEM,2012,4.054,,28433655,Asia,
Yemen,YEM,2014,4.077,72.1,30226311,Asia,
Yemen,YEM,2015,3.724,,31159378,Asia,
Yemen,YEM,2016,3.593,,32109023,Asia,
Yemen,YEM,2017,3.355,,33090923,Asia,
Yemen,YEM,2018,3.38,,34085181,Asia,
Yemen,YEM,2019,3.5274,,35111416,Asia,
Yemen,YEM,2020,3.658,,36134867,Asia,
Yemen,YEM,2021,4.197,,37140234,Asia,
Yemen,YEM,2023,3.561,,39390800,Asia,
Yemen,YEM,2024,3.561,,39390800,Asia,
Yemen,YEM,2025,3.532,,39390800,Asia,
Zambia,ZMB,2010,,51.98119,13965592,Africa,
Zambia,ZMB,2011,4.705,,14437796,Africa,
Zambia,ZMB,2012,5.006,,14913631,Africa,
Zambia,ZMB,2014,5.129,,15895320,Africa,
Zambia,ZMB,2015,4.795,,16399092,Africa,
Zambia,ZMB,2016,4.514,,16914428,Africa,
Zambia,ZMB,2017,4.377,,17441328,Africa,
Zambia,ZMB,2018,4.107,,17973574,Africa,
Zambia,ZMB,2019,3.7594,,18513839,Africa,
Zambia,ZMB,2020,4.073,,19059394,Africa,
Zambia,ZMB,2021,3.76,,19603610,Africa,
Zambia,ZMB,2022,3.982,,20152935,Africa,
Zambia,ZMB,2023,3.502,,20723967,Africa,
Zambia,ZMB,2024,3.912,,20723967,Africa,
Zambia,ZMB,2025,4.106,,20723967,Africa,
Zimbabwe,ZWE,2004,,55.25476,12365901,Africa,
Zimbabwe,ZWE,2011,3.978,,13595421,Africa,
Zimbabwe,ZWE,2012,4.827,,13817887,Africa,
Zimbabwe,ZWE,2014,4.61,78.82929,14207367,Africa,
Zimbabwe,ZWE,2015,4.193,,14399008,Africa,
Zimbabwe,ZWE,2016,3.875,,14600297,Africa,
Zimbabwe,ZWE,2017,3.692,,14812484,Africa,
Zimbabwe,ZWE,2018,3.663,,15034457,Africa,
Zimbabwe,ZWE,2019,3.2992,,15271377,Africa,
Zimbabwe,ZWE,2020,3.145,,15526887,Africa,
Zimbabwe,ZWE,2021,2.995,,15797220,Africa,
Zimbabwe,ZWE,2022,3.204,51.93416,16069061,Africa,
Zimbabwe,ZWE,2023,3.341,,16340829,Africa,
Zimbabwe,ZWE,2024,3.396,,16340829,Africa,
Zimbabwe,ZWE,2025,3.346,,16340829,Africa,