question,support,race_white,age,high.income,trump_approve,party,treat
Climate_Change,1,1,28,0,1,independent,control
Guns_Background,0,1,43,1,5,republican,libtrump
Climate_Change,1,1,72,0,1,democrat,control
Minimum_Wage,1,1,68,0,4,republican,control
Tax_Increase,1,1,61,0,1,democrat,control
Tax_Increase,1,1,64,1,4,republican,libtrump
Planned_Parenthood,0,1,40,0,3,republican,libtrump
Tax_Increase,1,1,69,0,5,republican,control
Planned_Parenthood,1,1,34,0,1,democrat,libtrump
Tax_Increase,0,1,83,0,5,republican,control
Climate_Change,0,1,72,0,5,republican,control
Health_Care,1,0,49,1,1,democrat,control
Guns_Background,1,1,60,0,1,democrat,control
Climate_Change,1,1,73,0,1,democrat,control
Minimum_Wage,1,1,60,0,1,democrat,control
Guns_Background,1,1,48,1,1,independent,control
Minimum_Wage,1,0,48,0,1,democrat,control
School_Guns,1,1,60,0,1,democrat,control
Guns_Background,1,1,74,0,5,republican,libtrump
Iran_Agreement,1,0,39,0,5,democrat,control
Immigration,1,1,42,0,2,independent,libtrump
Minimum_Wage,1,1,59,0,1,democrat,control
Climate_Change,0,1,72,0,5,republican,control
Minimum_Wage,0,0,51,1,5,independent,libtrump
Minimum_Wage,0,1,31,0,1,democrat,control
Immigration,1,1,36,1,1,democrat,control
Tax_Increase,0,1,61,1,5,republican,control
Minimum_Wage,1,1,28,0,4,republican,libtrump
Minimum_Wage,1,0,38,0,1,democrat,control
Abortion,1,1,61,0,5,republican,control
Minimum_Wage,0,1,60,0,1,republican,control
Abortion,1,1,42,0,1,democrat,libtrump
Health_Care,0,1,41,0,4,republican,control
Health_Care,1,0,71,0,4,democrat,libtrump
Abortion,1,0,62,0,1,democrat,libtrump
Health_Care,0,1,64,0,5,republican,control
Health_Care,1,0,58,1,3,democrat,control
Iran_Agreement,0,1,56,0,5,republican,control
Planned_Parenthood,1,1,60,0,3,independent,control
Tax_Increase,1,1,58,1,4,independent,libtrump
Immigration,1,1,33,0,4,democrat,control
School_Guns,1,1,57,0,4,democrat,control
Planned_Parenthood,0,0,27,0,2,republican,control
Iran_Agreement,1,1,29,1,1,democrat,control
Iran_Agreement,1,1,45,0,2,republican,control
Immigration,1,1,63,0,1,democrat,control
Minimum_Wage,0,0,53,1,5,republican,control
Tax_Increase,0,1,61,0,4,republican,control
Iran_Agreement,1,0,27,0,3,independent,control
Planned_Parenthood,1,0,45,0,1,democrat,control
School_Guns,0,1,38,1,4,republican,control
Planned_Parenthood,0,1,59,1,5,democrat,control
Abortion,1,1,27,0,1,democrat,control
Tax_Increase,1,1,66,1,5,republican,control
Climate_Change,0,0,70,0,5,independent,control
Planned_Parenthood,1,1,42,0,1,democrat,libtrump
Immigration,0,1,53,0,3,republican,control
Tax_Increase,1,1,64,0,4,democrat,control
Immigration,1,1,52,0,1,democrat,control
Guns_Background,1,1,59,0,3,independent,libtrump
Planned_Parenthood,0,1,27,0,5,independent,control
Abortion,1,1,52,0,4,independent,libtrump
Tax_Increase,1,1,21,1,1,democrat,control
Immigration,0,1,64,0,5,republican,control
Health_Care,1,1,31,0,2,republican,control
Minimum_Wage,1,1,60,0,3,independent,control
Climate_Change,1,0,67,0,1,democrat,control
Health_Care,1,1,33,0,1,democrat,libtrump
Tax_Increase,1,1,33,0,4,independent,libtrump
Guns_Background,0,1,36,1,4,republican,control
Guns_Background,1,0,28,0,1,democrat,control
Iran_Agreement,1,0,35,0,1,democrat,control
Tax_Increase,0,0,70,0,5,independent,control
Health_Care,1,1,63,0,1,democrat,control
Tax_Increase,1,1,27,0,1,democrat,libtrump
School_Guns,1,0,28,0,2,democrat,control
Climate_Change,1,1,52,0,4,independent,control
Health_Care,1,0,25,0,2,independent,control
Climate_Change,1,0,54,0,1,democrat,control
Minimum_Wage,1,1,31,1,5,republican,control
Health_Care,1,1,60,1,1,democrat,control
Health_Care,0,1,80,0,3,independent,control
Tax_Increase,1,1,57,0,1,democrat,control
Tax_Increase,1,1,44,0,5,republican,control
Tax_Increase,1,1,47,0,2,democrat,control
Planned_Parenthood,1,1,43,0,5,independent,control
Guns_Background,1,0,63,0,2,democrat,libtrump
Guns_Background,1,1,33,0,1,democrat,libtrump
Tax_Increase,0,1,20,1,4,republican,control
Iran_Agreement,1,1,83,1,5,republican,control
Minimum_Wage,1,0,50,0,2,independent,control
Guns_Background,1,1,24,0,1,democrat,control
Immigration,0,1,72,0,5,republican,control
Iran_Agreement,1,1,33,0,4,republican,libtrump
Minimum_Wage,1,1,62,0,1,democrat,control
Guns_Background,1,1,27,0,3,republican,libtrump
Immigration,0,0,67,0,1,democrat,libtrump
Abortion,0,0,36,0,2,independent,control
Guns_Background,1,1,29,0,1,democrat,control
School_Guns,0,1,21,0,1,democrat,control
Minimum_Wage,0,0,43,0,4,independent,control
Tax_Increase,0,1,76,0,3,republican,control
Guns_Background,1,1,34,0,1,democrat,control
Abortion,1,0,60,1,1,democrat,control
Abortion,1,1,61,0,4,republican,control
Planned_Parenthood,1,1,41,0,5,republican,libtrump
Immigration,1,1,48,1,1,independent,control
Climate_Change,0,0,25,0,4,democrat,control
Health_Care,1,1,63,0,1,democrat,control
Planned_Parenthood,1,0,34,0,5,republican,control
Minimum_Wage,1,1,37,0,1,independent,control
Planned_Parenthood,0,0,58,1,3,democrat,control
Abortion,1,1,50,0,1,democrat,control
Climate_Change,1,1,57,0,4,democrat,control
Climate_Change,0,1,75,0,5,republican,control
Planned_Parenthood,0,1,66,1,5,republican,control
Health_Care,0,1,20,1,1,independent,control
Tax_Increase,1,1,62,1,1,democrat,control
Iran_Agreement,0,0,42,0,1,democrat,libtrump
Iran_Agreement,1,1,62,0,1,democrat,libtrump
School_Guns,1,1,27,1,4,democrat,control
Climate_Change,1,1,28,0,1,democrat,control
Climate_Change,0,1,63,1,5,republican,control
Climate_Change,1,1,41,0,4,republican,libtrump
Abortion,0,0,23,0,3,democrat,libtrump
Tax_Increase,1,0,42,0,1,democrat,libtrump
Immigration,0,1,38,0,5,republican,libtrump
Minimum_Wage,0,1,74,1,5,independent,control
Planned_Parenthood,1,0,64,0,1,democrat,control
Guns_Background,1,1,60,0,1,republican,control
Iran_Agreement,1,0,30,0,5,democrat,control
School_Guns,1,0,68,0,1,democrat,control
Guns_Background,1,1,26,0,2,democrat,control
Guns_Background,1,0,44,0,1,democrat,control
Iran_Agreement,1,1,27,0,1,democrat,control
Iran_Agreement,1,1,37,0,1,independent,control
Health_Care,1,1,43,0,5,independent,control
School_Guns,1,1,31,0,1,democrat,control
Tax_Increase,1,1,69,0,1,independent,control
Health_Care,1,1,55,0,1,democrat,control
Climate_Change,0,1,75,0,5,republican,control
Minimum_Wage,1,1,33,0,4,independent,libtrump
Immigration,0,1,70,0,5,republican,control
Immigration,0,1,82,0,5,republican,control
School_Guns,1,1,60,0,4,republican,control
Iran_Agreement,1,1,46,0,1,democrat,control
Climate_Change,0,1,63,0,5,republican,libtrump
Planned_Parenthood,1,0,30,0,1,independent,control
Immigration,0,1,75,0,4,republican,control
School_Guns,1,0,30,0,1,independent,control
Planned_Parenthood,0,1,68,0,4,republican,control
Guns_Background,1,1,27,0,4,independent,control
Iran_Agreement,1,0,34,0,2,democrat,control
Guns_Background,1,1,54,0,5,republican,control
Minimum_Wage,1,1,42,0,1,independent,control
Guns_Background,1,1,41,0,2,democrat,libtrump
Health_Care,0,1,45,0,5,republican,control
Immigration,1,1,79,0,5,republican,libtrump
Guns_Background,1,0,51,0,3,republican,control
Iran_Agreement,1,1,53,0,1,democrat,control
Climate_Change,0,1,53,0,3,republican,control
Iran_Agreement,0,0,70,0,5,independent,control
Health_Care,1,1,66,0,1,independent,control
Iran_Agreement,1,1,38,1,1,democrat,control
Health_Care,1,1,28,0,4,independent,control
Planned_Parenthood,1,0,23,0,3,democrat,libtrump
Guns_Background,1,1,27,0,2,independent,libtrump
Tax_Increase,1,1,20,0,1,democrat,control
School_Guns,1,1,52,0,1,democrat,control
Abortion,1,1,56,0,3,republican,libtrump
Immigration,0,1,59,1,5,republican,libtrump
Guns_Background,1,1,63,0,3,democrat,control
Climate_Change,0,1,82,1,4,republican,control
Climate_Change,1,1,42,0,1,democrat,control
Abortion,0,1,75,0,5,republican,control
Abortion,1,1,43,1,5,republican,libtrump
Climate_Change,1,0,68,0,1,democrat,control
Iran_Agreement,1,0,30,1,4,independent,control
Immigration,1,1,38,1,1,democrat,libtrump
School_Guns,1,1,29,0,5,republican,control
Iran_Agreement,1,1,31,1,1,democrat,control
Minimum_Wage,0,1,53,0,5,republican,control
Tax_Increase,0,1,76,0,5,republican,control
Minimum_Wage,1,0,27,0,1,independent,control
Minimum_Wage,1,0,53,0,1,democrat,control
Iran_Agreement,1,1,68,0,2,democrat,libtrump
Tax_Increase,1,0,33,0,4,democrat,control
School_Guns,1,1,61,0,1,democrat,control
Tax_Increase,0,0,28,0,1,democrat,control
Climate_Change,0,1,58,1,4,republican,libtrump
Planned_Parenthood,1,0,19,0,1,independent,libtrump
Tax_Increase,1,1,24,0,1,democrat,control
Health_Care,1,0,42,0,1,democrat,libtrump
Minimum_Wage,1,1,38,0,1,independent,control
Tax_Increase,1,1,40,0,3,republican,libtrump
Guns_Background,1,1,34,0,1,democrat,control
Planned_Parenthood,0,0,60,0,5,republican,control
School_Guns,0,1,42,1,5,republican,control
Health_Care,0,1,53,0,3,republican,control
Planned_Parenthood,1,1,33,0,4,republican,libtrump
Health_Care,1,1,53,0,1,democrat,control
Planned_Parenthood,1,1,45,0,2,republican,control
Abortion,1,1,69,0,1,democrat,control
Minimum_Wage,1,0,47,1,1,independent,control
Iran_Agreement,1,1,49,0,3,republican,control
Immigration,0,1,37,1,1,republican,control
Planned_Parenthood,0,1,58,1,4,republican,libtrump
Minimum_Wage,1,1,31,0,3,republican,control
School_Guns,0,0,50,0,2,independent,control
School_Guns,1,1,34,0,1,republican,control
Planned_Parenthood,1,1,68,0,2,democrat,libtrump
Planned_Parenthood,1,0,42,0,1,democrat,control
Iran_Agreement,0,0,77,0,5,republican,control
Climate_Change,1,1,37,0,1,independent,control
Minimum_Wage,1,1,70,0,4,republican,libtrump
School_Guns,1,1,55,0,4,independent,control
Planned_Parenthood,0,1,60,0,3,republican,control
Climate_Change,1,1,20,1,4,republican,control
Tax_Increase,0,0,34,0,5,republican,control
School_Guns,1,1,61,1,1,democrat,control
Immigration,1,1,62,1,1,democrat,control
Abortion,1,0,47,1,1,independent,control
Minimum_Wage,1,1,29,0,1,democrat,control
Health_Care,1,0,64,0,1,democrat,control
Health_Care,0,1,39,0,3,independent,control
School_Guns,0,1,43,0,4,democrat,control
Tax_Increase,1,1,60,0,4,republican,control
Tax_Increase,1,0,24,0,1,democrat,control
Health_Care,1,1,67,0,1,democrat,libtrump
Guns_Background,1,1,61,1,4,republican,control
Minimum_Wage,1,0,36,0,1,democrat,control
Tax_Increase,1,1,32,1,1,democrat,control
Immigration,1,0,68,0,1,democrat,control
Climate_Change,1,1,48,0,1,independent,libtrump
Abortion,1,0,24,0,1,democrat,control
Immigration,0,1,46,0,5,republican,control
School_Guns,1,1,28,0,3,independent,control
Immigration,1,0,35,0,1,democrat,control
Immigration,1,0,47,0,5,republican,control
School_Guns,1,1,26,0,3,republican,libtrump
Immigration,1,0,64,0,1,democrat,control
Immigration,1,1,29,0,1,democrat,control
Tax_Increase,1,1,52,0,5,republican,control
Climate_Change,1,0,60,1,1,democrat,control
Guns_Background,1,1,47,1,4,republican,libtrump
Planned_Parenthood,0,1,58,0,5,republican,control
Immigration,0,1,63,0,5,republican,control
Minimum_Wage,1,1,40,0,4,republican,libtrump
Minimum_Wage,0,1,21,1,4,republican,libtrump
Iran_Agreement,1,1,58,1,4,republican,libtrump
Tax_Increase,1,1,33,0,4,republican,libtrump
Iran_Agreement,1,0,25,1,1,democrat,control
Climate_Change,0,1,70,0,5,republican,control
School_Guns,1,1,31,0,1,democrat,libtrump
Tax_Increase,1,1,71,0,1,independent,control
Immigration,1,1,39,0,2,independent,control
Health_Care,1,1,64,1,1,democrat,control
Climate_Change,1,1,32,1,1,democrat,control
Planned_Parenthood,0,1,51,0,4,republican,control
Climate_Change,1,1,28,0,4,independent,control
Climate_Change,1,0,64,0,1,democrat,control
Iran_Agreement,1,1,29,0,5,republican,libtrump
Climate_Change,0,0,63,0,2,independent,libtrump
Abortion,0,1,41,0,5,republican,libtrump
Planned_Parenthood,1,1,31,1,1,democrat,control
Immigration,1,1,47,0,3,democrat,libtrump
Health_Care,0,1,82,1,4,republican,control
Climate_Change,0,1,56,1,5,republican,libtrump
Tax_Increase,1,1,64,0,5,republican,libtrump
Immigration,1,0,64,1,5,democrat,control
Iran_Agreement,1,1,43,0,4,democrat,control
Health_Care,1,1,60,0,5,republican,control
Tax_Increase,1,1,38,0,1,independent,control
Immigration,0,1,66,1,5,republican,control
Guns_Background,1,1,44,0,5,republican,control
School_Guns,0,1,30,0,5,republican,control
Iran_Agreement,1,1,60,0,5,independent,control
Tax_Increase,1,1,58,1,5,republican,libtrump
Guns_Background,1,1,59,0,3,republican,control
Tax_Increase,1,1,43,0,5,independent,control
Health_Care,1,1,73,1,5,republican,control
Guns_Background,1,1,28,0,3,independent,control
Minimum_Wage,0,1,26,0,2,democrat,control
Health_Care,1,1,76,0,3,independent,control
Climate_Change,1,1,50,1,4,independent,control
Health_Care,1,0,68,0,1,democrat,control
School_Guns,1,0,53,0,1,democrat,control
Climate_Change,1,0,73,0,1,democrat,libtrump
Guns_Background,1,1,42,0,1,democrat,control
Immigration,0,1,50,0,3,republican,control
School_Guns,0,0,20,0,3,independent,control
School_Guns,0,0,60,0,5,republican,control
Immigration,0,1,27,1,4,democrat,control
Immigration,1,1,41,0,1,democrat,control
Iran_Agreement,1,0,22,0,1,republican,control
Iran_Agreement,1,0,23,0,3,democrat,libtrump
Tax_Increase,1,1,50,0,1,democrat,control
Guns_Background,1,1,47,0,3,independent,libtrump
Health_Care,0,1,61,0,1,democrat,control
Tax_Increase,0,1,61,0,4,republican,control
Planned_Parenthood,0,1,63,0,5,republican,control
Planned_Parenthood,1,1,27,0,1,independent,libtrump
Abortion,0,1,72,0,5,republican,control
Health_Care,0,1,61,0,4,republican,control
Health_Care,0,1,60,0,4,republican,libtrump
Abortion,0,1,54,0,5,republican,control
Climate_Change,1,1,42,1,1,democrat,control
Minimum_Wage,1,0,29,0,2,democrat,control
Minimum_Wage,1,0,57,0,1,democrat,libtrump
Health_Care,1,1,64,0,4,democrat,libtrump
Health_Care,1,1,36,0,1,democrat,control
Abortion,1,0,66,0,1,democrat,control
Climate_Change,1,1,33,0,4,independent,libtrump
Tax_Increase,1,1,29,0,5,republican,control
Planned_Parenthood,1,0,25,1,1,democrat,control
Climate_Change,0,1,59,0,4,independent,libtrump
School_Guns,0,1,59,0,5,democrat,control
Guns_Background,1,1,60,0,5,republican,libtrump
Tax_Increase,1,1,42,1,2,democrat,control
Planned_Parenthood,1,1,61,1,1,democrat,control
Guns_Background,1,1,56,0,2,independent,control
Immigration,1,1,48,1,1,democrat,control
School_Guns,0,1,63,1,5,republican,control
Climate_Change,1,1,43,0,1,independent,libtrump
School_Guns,0,1,72,0,5,republican,control
Minimum_Wage,1,1,21,1,1,democrat,control
School_Guns,1,0,37,0,1,democrat,libtrump
Abortion,0,1,58,1,4,republican,libtrump
Immigration,1,1,41,0,1,democrat,control
Iran_Agreement,0,1,56,0,2,independent,control
Abortion,1,1,27,0,1,independent,control
Iran_Agreement,1,0,62,0,1,democrat,libtrump
School_Guns,0,1,51,0,4,republican,control
Planned_Parenthood,1,1,57,0,2,independent,libtrump
Tax_Increase,0,1,42,0,2,independent,control
Abortion,1,1,80,0,1,democrat,control
Planned_Parenthood,1,1,30,0,5,republican,control
Immigration,1,1,33,0,1,independent,libtrump
Iran_Agreement,0,1,61,0,5,republican,control
Iran_Agreement,1,1,25,0,3,republican,libtrump
Health_Care,0,1,64,0,5,republican,libtrump
Planned_Parenthood,1,1,22,1,1,democrat,control
Tax_Increase,1,0,51,0,3,republican,control
Immigration,1,0,30,0,1,democrat,libtrump
Immigration,1,1,48,0,4,independent,libtrump
Minimum_Wage,1,0,63,0,2,democrat,libtrump
Climate_Change,0,1,66,1,5,republican,control
Minimum_Wage,1,1,48,0,1,republican,control
Guns_Background,1,1,25,0,2,independent,control
Iran_Agreement,0,0,43,0,4,independent,control
Tax_Increase,1,1,34,0,3,republican,control
Climate_Change,1,1,67,0,3,republican,control
Minimum_Wage,0,1,23,0,2,independent,control
Tax_Increase,1,1,54,0,5,republican,control
School_Guns,0,1,38,0,5,republican,control
Minimum_Wage,0,1,63,1,3,republican,control
Iran_Agreement,0,1,82,0,4,republican,control
Planned_Parenthood,1,1,61,0,4,republican,control
Iran_Agreement,0,1,64,1,5,republican,libtrump
Minimum_Wage,1,1,32,0,5,republican,libtrump
School_Guns,1,1,57,1,1,democrat,control
Immigration,1,0,30,0,1,republican,control
Health_Care,1,1,50,1,1,democrat,control
Guns_Background,0,1,59,0,5,republican,control
Climate_Change,0,1,64,1,4,republican,control
Health_Care,1,1,67,1,1,democrat,control
Guns_Background,1,1,70,0,4,republican,libtrump
Tax_Increase,0,0,53,1,5,republican,control
Health_Care,1,1,74,0,5,republican,libtrump
School_Guns,0,1,63,0,4,republican,control
Iran_Agreement,0,1,76,0,5,republican,control
Iran_Agreement,1,1,58,1,4,republican,libtrump
Planned_Parenthood,0,1,63,0,5,republican,libtrump
School_Guns,0,1,38,0,5,republican,libtrump
Guns_Background,1,1,63,0,5,republican,control
Iran_Agreement,1,1,25,1,1,democrat,libtrump
Planned_Parenthood,0,1,26,0,3,republican,libtrump
School_Guns,1,1,67,1,1,democrat,control
Planned_Parenthood,1,1,33,1,5,republican,libtrump
Iran_Agreement,0,1,82,0,5,republican,control
Immigration,1,0,50,0,1,democrat,control
Immigration,0,1,38,0,5,republican,control
School_Guns,1,0,32,0,1,democrat,control
Iran_Agreement,1,1,60,0,3,independent,control
Minimum_Wage,1,1,48,1,1,independent,control
Guns_Background,1,1,44,0,3,independent,control
School_Guns,1,0,37,0,1,democrat,libtrump
Health_Care,0,1,49,0,3,republican,control
Planned_Parenthood,1,1,28,0,1,democrat,control
Tax_Increase,1,1,44,0,5,republican,control
Iran_Agreement,1,1,34,0,3,republican,control
Abortion,1,1,61,0,1,democrat,control
Planned_Parenthood,1,0,56,0,2,democrat,control
Iran_Agreement,1,0,51,0,1,democrat,control
Minimum_Wage,1,1,35,0,3,republican,libtrump
Tax_Increase,1,1,28,0,1,democrat,control
Tax_Increase,1,1,72,0,1,democrat,libtrump
Health_Care,1,1,47,0,2,democrat,control
Planned_Parenthood,0,1,42,1,5,republican,control
Tax_Increase,1,1,73,0,1,democrat,control
Health_Care,1,1,42,0,1,democrat,control
Planned_Parenthood,0,1,57,1,4,republican,control
Iran_Agreement,0,1,53,1,4,republican,control
Climate_Change,1,1,63,0,5,republican,control
Abortion,1,1,29,1,1,democrat,control
Iran_Agreement,0,1,74,0,5,republican,libtrump
Abortion,1,1,71,0,1,republican,control
Abortion,1,1,29,1,4,republican,control
Iran_Agreement,1,1,71,0,1,democrat,control
School_Guns,1,1,51,0,2,democrat,control
Climate_Change,1,1,35,1,1,democrat,control
Climate_Change,1,0,60,0,1,democrat,libtrump
Climate_Change,1,1,40,0,3,republican,libtrump
Guns_Background,0,1,62,0,4,republican,libtrump
Tax_Increase,0,0,77,0,4,republican,libtrump
Minimum_Wage,1,1,21,1,1,democrat,control
Guns_Background,1,1,37,1,1,democrat,control
Guns_Background,1,0,28,0,4,democrat,control
Guns_Background,1,1,43,0,5,independent,control
Abortion,1,1,67,0,1,democrat,libtrump
Minimum_Wage,0,1,58,0,5,republican,libtrump
School_Guns,0,1,36,1,4,republican,control
Guns_Background,1,1,33,0,1,independent,libtrump
Climate_Change,1,0,48,0,1,democrat,control
Abortion,0,1,76,0,5,republican,control
Minimum_Wage,1,0,56,0,2,independent,control
Guns_Background,1,0,25,0,4,republican,libtrump
School_Guns,0,1,64,1,4,republican,control
Planned_Parenthood,0,1,53,0,5,republican,control
Immigration,1,1,56,0,1,democrat,control
Abortion,1,1,26,0,2,democrat,control
Immigration,1,1,42,0,1,democrat,control
Climate_Change,0,1,51,1,4,republican,libtrump
Planned_Parenthood,1,0,33,0,3,democrat,control
Minimum_Wage,1,1,37,0,5,republican,control
Guns_Background,1,0,32,0,1,democrat,control
Climate_Change,1,1,24,1,3,independent,libtrump
Climate_Change,1,1,59,1,1,democrat,libtrump
Iran_Agreement,1,0,56,0,5,independent,libtrump
Tax_Increase,1,1,27,0,4,independent,control
Planned_Parenthood,1,0,67,0,2,democrat,control
Immigration,0,1,43,0,5,republican,control
Iran_Agreement,0,1,63,1,3,republican,control
Immigration,1,1,41,0,1,republican,libtrump
Minimum_Wage,0,1,63,0,5,republican,control
Minimum_Wage,0,1,51,0,4,republican,control
Guns_Background,0,1,57,0,5,independent,control
School_Guns,0,1,42,0,2,independent,control
Planned_Parenthood,1,1,35,0,1,independent,control
Iran_Agreement,1,1,71,0,1,republican,control
Health_Care,0,1,48,0,1,republican,control
Planned_Parenthood,1,1,48,0,4,independent,libtrump
Climate_Change,1,0,30,0,1,democrat,libtrump
Guns_Background,1,1,25,0,3,independent,libtrump
Tax_Increase,1,1,53,1,4,republican,control
Minimum_Wage,1,1,34,0,1,democrat,libtrump
Immigration,0,1,69,0,5,republican,control
Immigration,0,1,31,1,1,democrat,control
Climate_Change,1,1,43,0,1,democrat,control
Planned_Parenthood,0,1,83,1,5,republican,control
Iran_Agreement,1,1,60,0,1,republican,control
Immigration,1,1,60,1,1,democrat,control
Iran_Agreement,1,0,24,0,1,democrat,control
Health_Care,0,0,46,0,1,democrat,control
Abortion,0,1,44,0,3,independent,control
Tax_Increase,1,0,58,1,3,democrat,control
Tax_Increase,1,0,29,0,2,independent,libtrump
Tax_Increase,1,0,53,0,1,democrat,control
Health_Care,1,1,42,0,4,independent,libtrump
Immigration,0,1,68,0,2,democrat,libtrump
Iran_Agreement,1,0,63,0,1,democrat,libtrump
Tax_Increase,1,1,64,0,1,independent,libtrump
Immigration,0,1,75,0,5,republican,control
Guns_Background,1,1,32,0,5,republican,libtrump
Immigration,0,1,60,0,2,independent,control
Planned_Parenthood,1,0,47,0,5,republican,control
Immigration,1,0,19,0,3,democrat,libtrump
Immigration,0,1,83,0,5,republican,control
Minimum_Wage,0,1,75,0,5,republican,control
Guns_Background,1,1,80,0,1,democrat,control
Health_Care,0,1,68,0,4,republican,control
Health_Care,0,1,55,0,4,independent,libtrump
Guns_Background,0,1,55,0,1,democrat,control
Immigration,1,0,36,0,1,democrat,control
School_Guns,1,1,36,1,1,democrat,control
Tax_Increase,0,1,39,0,2,independent,control
Abortion,1,0,53,0,1,democrat,control
Abortion,1,0,34,0,2,democrat,control
Health_Care,0,1,82,0,4,republican,control
Minimum_Wage,1,0,35,0,1,democrat,control
Abortion,1,0,27,0,1,independent,control
Health_Care,0,1,59,1,5,republican,control
Health_Care,0,1,55,0,4,independent,libtrump
Iran_Agreement,1,1,61,1,1,democrat,control
Abortion,1,0,68,0,1,democrat,control
Guns_Background,1,1,57,0,4,republican,control
School_Guns,0,0,60,0,4,independent,libtrump
Immigration,1,1,44,0,3,republican,libtrump
Iran_Agreement,1,1,62,0,3,republican,control
Health_Care,1,1,56,0,1,democrat,control
Tax_Increase,1,1,31,1,1,democrat,control
Iran_Agreement,1,0,59,0,1,democrat,control
Climate_Change,1,0,33,0,3,democrat,control
Tax_Increase,1,1,26,1,1,democrat,libtrump
Climate_Change,1,1,26,0,1,democrat,libtrump
Climate_Change,1,1,33,1,5,republican,libtrump
Guns_Background,1,1,58,1,4,republican,libtrump
Minimum_Wage,0,0,63,1,5,independent,control
Tax_Increase,1,0,64,0,1,democrat,control
Guns_Background,1,1,38,0,5,republican,control
Minimum_Wage,1,1,67,1,1,democrat,control
Planned_Parenthood,0,1,47,1,4,republican,libtrump
Minimum_Wage,0,1,25,0,3,republican,libtrump
Planned_Parenthood,0,1,63,1,5,republican,control
Health_Care,1,1,63,0,5,republican,control
Tax_Increase,1,1,43,0,4,democrat,control
Climate_Change,1,1,36,0,1,democrat,control
Planned_Parenthood,1,1,64,0,5,republican,control
Health_Care,1,1,48,1,1,democrat,control
Health_Care,1,0,66,0,1,democrat,control
Planned_Parenthood,0,1,56,0,4,republican,control
Planned_Parenthood,1,0,68,0,1,democrat,control
Abortion,1,1,64,0,5,republican,control
Health_Care,0,0,62,0,5,republican,control
Guns_Background,1,1,34,0,1,democrat,control
Minimum_Wage,1,0,51,0,1,democrat,control
Health_Care,1,0,40,0,3,independent,libtrump
Abortion,1,1,36,0,1,democrat,control
Guns_Background,1,1,73,0,1,democrat,control
Tax_Increase,1,1,61,0,1,democrat,control
Tax_Increase,1,1,33,0,5,independent,libtrump
Immigration,0,1,42,0,5,republican,control
Iran_Agreement,1,0,35,0,1,democrat,control
Iran_Agreement,1,1,28,0,1,democrat,control
Tax_Increase,0,1,47,0,5,republican,libtrump
Abortion,1,1,27,0,2,independent,libtrump
Planned_Parenthood,1,0,39,0,1,democrat,control
School_Guns,0,0,66,0,1,democrat,control
Iran_Agreement,1,0,28,0,1,democrat,control
Planned_Parenthood,1,1,19,1,1,democrat,libtrump
Minimum_Wage,1,0,40,0,4,democrat,control
Planned_Parenthood,0,0,31,0,1,independent,control
School_Guns,1,1,61,0,1,democrat,control
Guns_Background,1,1,64,0,4,democrat,control
Climate_Change,0,1,59,1,5,republican,control
Abortion,0,0,56,0,2,democrat,control
Iran_Agreement,1,0,60,0,5,republican,control
Guns_Background,1,1,28,0,1,democrat,control
Planned_Parenthood,1,1,52,0,1,democrat,control
Health_Care,1,1,42,0,4,republican,libtrump
School_Guns,0,1,74,0,5,republican,control
Minimum_Wage,1,1,72,0,4,republican,control
Guns_Background,1,1,43,0,1,independent,libtrump
Climate_Change,1,0,24,0,1,democrat,control
Climate_Change,1,0,36,1,1,democrat,control
Iran_Agreement,1,0,54,0,1,democrat,control
Guns_Background,1,1,41,0,1,democrat,control
School_Guns,0,1,27,1,1,independent,control
Health_Care,0,0,77,0,5,republican,control
School_Guns,1,1,64,1,1,democrat,control
Climate_Change,0,1,21,1,4,republican,libtrump
Minimum_Wage,0,1,44,0,5,republican,control
Iran_Agreement,1,0,56,0,2,democrat,control
Guns_Background,0,1,39,0,2,independent,control
Immigration,0,1,59,0,5,republican,control
Abortion,1,1,83,1,1,democrat,libtrump
Iran_Agreement,1,1,75,0,5,republican,control
Immigration,1,1,64,0,1,democrat,control
School_Guns,0,0,33,0,3,democrat,control
Tax_Increase,0,1,53,1,5,republican,control
Iran_Agreement,1,0,33,0,3,democrat,control
Iran_Agreement,1,1,43,0,5,independent,control
Minimum_Wage,0,1,60,0,2,independent,control
Guns_Background,1,0,77,0,5,republican,control
Guns_Background,1,0,22,0,1,democrat,libtrump
Planned_Parenthood,0,0,49,1,4,independent,control
Planned_Parenthood,1,1,35,0,3,republican,libtrump
Abortion,1,1,31,0,1,democrat,libtrump
Iran_Agreement,1,1,42,0,4,republican,libtrump
Guns_Background,1,0,33,0,3,democrat,control
Tax_Increase,0,1,47,1,4,republican,libtrump
Planned_Parenthood,1,0,29,0,2,independent,libtrump
Immigration,0,1,46,0,5,republican,control
Abortion,0,0,63,1,5,independent,control
Tax_Increase,1,0,89,0,1,democrat,control
Immigration,1,1,33,1,5,republican,libtrump
School_Guns,0,1,61,0,5,republican,control
Iran_Agreement,1,1,64,0,1,independent,libtrump
Guns_Background,1,0,34,0,5,republican,control
Abortion,1,1,63,0,1,democrat,control
Minimum_Wage,0,1,61,0,4,republican,libtrump
Minimum_Wage,1,1,63,0,3,democrat,control
Health_Care,0,1,43,0,2,republican,control
School_Guns,1,1,20,0,4,republican,control
Climate_Change,1,1,47,1,1,independent,libtrump
Guns_Background,0,0,31,0,1,independent,control
Planned_Parenthood,0,1,50,1,4,independent,control
Climate_Change,1,1,33,0,1,independent,libtrump
Minimum_Wage,1,0,60,0,1,democrat,libtrump
Abortion,1,0,31,0,1,independent,control
Health_Care,1,0,27,0,3,independent,control
Guns_Background,1,0,25,0,1,democrat,control
Guns_Background,1,1,64,0,5,republican,control
School_Guns,1,1,59,1,5,republican,libtrump
School_Guns,0,1,45,0,5,republican,control
Health_Care,1,1,26,0,1,democrat,libtrump
Abortion,1,0,28,0,4,democrat,control
Climate_Change,1,0,36,0,2,independent,control
Health_Care,1,1,59,0,1,democrat,control
Guns_Background,1,1,41,0,4,republican,libtrump
Health_Care,0,1,26,0,3,republican,libtrump
Health_Care,1,0,31,0,2,democrat,control
Abortion,1,1,60,0,1,democrat,control
Health_Care,0,1,58,0,4,democrat,control
Iran_Agreement,0,1,29,1,4,republican,control
Minimum_Wage,1,0,69,0,1,democrat,control
Abortion,1,1,80,0,3,independent,control
Abortion,0,0,33,0,3,republican,control
Health_Care,0,1,63,0,5,republican,libtrump
Climate_Change,0,1,76,0,5,republican,control
Minimum_Wage,1,1,30,0,2,democrat,libtrump
Climate_Change,1,1,80,0,1,democrat,control
Minimum_Wage,1,0,29,0,2,independent,libtrump
Guns_Background,1,1,53,1,5,republican,control
Climate_Change,1,1,34,0,1,democrat,control
School_Guns,0,1,57,0,5,republican,control
Minimum_Wage,1,0,19,0,1,independent,libtrump
Minimum_Wage,1,1,64,1,1,independent,control
Abortion,0,1,28,0,5,republican,control
Health_Care,1,1,29,0,3,independent,control
School_Guns,0,1,41,0,5,republican,libtrump
School_Guns,0,1,33,1,5,republican,libtrump
Planned_Parenthood,1,1,74,1,5,republican,control
Minimum_Wage,1,1,56,0,5,republican,control
Abortion,1,1,40,0,1,democrat,control
Climate_Change,1,1,25,0,2,independent,control
Abortion,1,0,73,0,1,democrat,libtrump
Minimum_Wage,0,1,37,1,1,republican,control
Tax_Increase,1,1,60,1,5,republican,libtrump
Iran_Agreement,1,1,43,0,5,independent,control
School_Guns,1,1,44,0,5,republican,control
Immigration,1,1,80,0,3,independent,control
Iran_Agreement,0,1,51,1,4,republican,libtrump
Climate_Change,1,0,27,0,3,independent,control
Climate_Change,1,1,34,0,1,democrat,libtrump
Abortion,1,1,43,0,5,republican,control
Climate_Change,1,1,32,0,1,democrat,control
School_Guns,1,1,35,1,1,democrat,control
Planned_Parenthood,1,1,25,1,1,democrat,libtrump
Minimum_Wage,1,0,67,0,1,democrat,control
Minimum_Wage,1,0,42,0,2,democrat,control
Tax_Increase,1,1,76,0,3,independent,control
Minimum_Wage,1,1,28,0,1,democrat,control
Tax_Increase,1,1,63,0,1,democrat,control
School_Guns,0,1,25,0,3,independent,libtrump
Abortion,1,1,52,0,1,democrat,control
Immigration,1,1,62,1,1,democrat,control
Climate_Change,1,1,61,0,1,democrat,control
Iran_Agreement,1,1,63,0,1,democrat,control
Immigration,1,1,42,0,4,republican,libtrump
Abortion,1,1,49,0,1,democrat,control
Planned_Parenthood,1,1,59,0,1,democrat,control
Guns_Background,1,1,46,0,5,republican,control
Climate_Change,0,1,44,0,5,republican,control
School_Guns,1,1,59,0,1,democrat,control
Tax_Increase,1,1,68,0,1,democrat,control
School_Guns,0,1,46,0,5,republican,control
Minimum_Wage,1,1,64,0,4,democrat,libtrump
Planned_Parenthood,1,0,67,0,1,democrat,libtrump
Immigration,0,1,58,0,4,democrat,control
Climate_Change,1,0,22,0,1,republican,control
Planned_Parenthood,0,1,64,0,4,democrat,libtrump
School_Guns,1,1,52,0,4,independent,libtrump
Tax_Increase,1,1,19,1,1,democrat,libtrump
Minimum_Wage,1,1,83,1,1,democrat,libtrump
Iran_Agreement,1,1,68,0,5,democrat,control
School_Guns,1,0,23,0,3,democrat,libtrump
Guns_Background,1,0,40,0,1,democrat,control
Planned_Parenthood,1,1,32,0,1,democrat,libtrump
Guns_Background,1,1,66,0,1,democrat,control
Climate_Change,1,0,36,0,1,democrat,control
Iran_Agreement,1,1,26,0,1,democrat,libtrump
Tax_Increase,1,1,24,0,5,democrat,libtrump
Climate_Change,1,1,36,0,2,independent,control
Climate_Change,1,0,51,1,5,independent,libtrump
Guns_Background,1,1,60,0,3,independent,control
Climate_Change,0,1,48,0,3,independent,libtrump
Climate_Change,1,0,69,0,1,democrat,control
Planned_Parenthood,1,1,22,0,2,independent,libtrump
Tax_Increase,1,1,50,0,3,republican,control
Climate_Change,1,1,31,1,5,republican,control
Climate_Change,1,1,69,0,1,independent,control
Climate_Change,1,1,71,0,1,republican,control
School_Guns,1,1,59,1,1,democrat,libtrump
Tax_Increase,1,1,83,1,1,democrat,libtrump
School_Guns,1,0,56,0,2,independent,control
Iran_Agreement,1,1,31,0,2,independent,libtrump
Abortion,1,1,56,0,4,republican,control
Minimum_Wage,0,0,31,0,5,independent,control
School_Guns,1,1,61,0,4,republican,control
Guns_Background,1,1,59,0,5,republican,control
Guns_Background,1,1,52,0,1,independent,control
Climate_Change,1,0,38,0,1,democrat,control
Climate_Change,1,1,58,1,4,republican,libtrump
Tax_Increase,0,1,21,1,4,republican,libtrump
Tax_Increase,1,1,25,0,2,independent,control
School_Guns,1,1,36,0,1,democrat,control
Minimum_Wage,0,1,76,0,5,republican,control
Minimum_Wage,1,0,25,1,1,democrat,control
Abortion,1,1,64,0,1,democrat,control
Minimum_Wage,0,1,68,0,2,democrat,libtrump
School_Guns,1,0,49,1,1,democrat,control
School_Guns,1,1,60,0,3,independent,libtrump
Tax_Increase,1,1,56,0,1,democrat,control
Planned_Parenthood,1,1,71,0,1,democrat,control
Immigration,1,0,25,0,4,democrat,control
Immigration,1,0,42,1,3,democrat,control
Abortion,1,1,27,0,1,democrat,libtrump
Tax_Increase,1,1,24,1,3,independent,libtrump
Abortion,1,1,28,0,1,independent,libtrump
Abortion,1,1,58,0,1,democrat,control
Planned_Parenthood,1,1,73,0,1,democrat,control
Health_Care,1,0,30,0,1,republican,control
Planned_Parenthood,1,1,64,0,4,democrat,control
Tax_Increase,1,1,32,0,1,independent,control
Guns_Background,1,1,58,0,1,democrat,control
School_Guns,0,1,78,0,4,republican,control
Planned_Parenthood,0,1,82,0,5,republican,control
Iran_Agreement,1,1,31,1,1,democrat,control
Immigration,1,1,57,0,1,democrat,libtrump
Tax_Increase,1,0,67,0,1,democrat,control
Planned_Parenthood,0,1,58,0,5,republican,libtrump
Health_Care,1,1,27,1,4,democrat,control
School_Guns,0,1,53,0,1,democrat,control
School_Guns,1,1,59,0,1,democrat,control
Planned_Parenthood,1,1,63,0,1,democrat,control
Tax_Increase,1,0,38,0,4,democrat,control
School_Guns,0,0,58,1,5,republican,control
Guns_Background,1,0,60,0,5,republican,control
Minimum_Wage,1,0,73,0,1,democrat,libtrump
Abortion,1,1,39,0,1,democrat,control
Planned_Parenthood,1,1,25,0,3,independent,libtrump
Planned_Parenthood,0,1,47,0,3,independent,libtrump
School_Guns,1,1,37,0,5,republican,control
Minimum_Wage,1,1,31,0,2,republican,control
Tax_Increase,1,1,29,0,1,democrat,control
Health_Care,0,1,75,0,5,republican,control
Immigration,1,1,60,1,1,democrat,control
Minimum_Wage,0,1,55,0,4,independent,control
Guns_Background,1,1,21,1,4,republican,libtrump
Immigration,1,1,27,0,1,democrat,libtrump
Iran_Agreement,0,1,67,1,4,independent,control
Health_Care,1,0,57,0,3,democrat,libtrump
Abortion,0,1,60,0,5,independent,control
Abortion,1,1,74,0,5,republican,control
School_Guns,1,1,72,0,1,democrat,libtrump
Tax_Increase,1,0,28,0,4,democrat,control
School_Guns,1,1,53,0,3,democrat,libtrump
Immigration,0,0,32,0,1,democrat,control
Climate_Change,1,1,38,1,1,democrat,control
Planned_Parenthood,0,1,48,0,1,republican,control
Immigration,0,1,42,0,4,republican,control
School_Guns,1,1,63,0,1,independent,control
Guns_Background,1,0,30,0,1,independent,control
Tax_Increase,1,1,57,0,5,republican,control
Minimum_Wage,0,1,65,0,5,republican,control
Planned_Parenthood,1,1,27,0,4,independent,control
School_Guns,1,1,59,0,3,independent,libtrump
Guns_Background,1,1,52,0,1,democrat,control
Tax_Increase,1,1,64,0,4,democrat,libtrump
Minimum_Wage,0,1,43,0,4,democrat,control
Iran_Agreement,1,0,25,0,4,democrat,control
Iran_Agreement,1,1,44,0,3,republican,libtrump
Immigration,1,0,79,0,1,democrat,control
Minimum_Wage,0,1,57,1,3,republican,control
Abortion,1,1,38,0,4,republican,control
Guns_Background,1,1,59,0,4,republican,control
School_Guns,0,0,62,0,5,republican,control
School_Guns,1,1,60,1,1,democrat,control
Iran_Agreement,1,1,42,0,5,republican,control
Planned_Parenthood,1,1,58,0,4,republican,control
Guns_Background,1,1,42,0,1,democrat,libtrump
Abortion,1,1,40,0,4,republican,libtrump
Guns_Background,1,1,60,0,2,independent,control
Health_Care,0,1,59,1,5,democrat,control
Tax_Increase,1,0,23,0,3,democrat,libtrump
Tax_Increase,1,1,50,1,3,republican,control
Health_Care,1,1,70,0,1,independent,control
Abortion,0,1,37,0,5,republican,control
Climate_Change,1,1,63,0,3,democrat,control
Minimum_Wage,1,1,48,0,3,democrat,control
Planned_Parenthood,0,1,21,1,4,republican,libtrump
Tax_Increase,1,1,42,0,4,republican,control
School_Guns,0,1,24,0,5,democrat,libtrump
Abortion,1,1,33,0,1,democrat,libtrump
Iran_Agreement,1,1,52,0,1,democrat,control
Health_Care,1,1,64,0,4,republican,control
Planned_Parenthood,1,1,48,0,3,democrat,control
Guns_Background,1,0,53,1,2,democrat,libtrump
Guns_Background,1,1,37,0,5,republican,control
Abortion,0,0,42,0,1,democrat,control
Minimum_Wage,0,1,42,0,1,democrat,control
Health_Care,1,1,52,0,1,democrat,control
Climate_Change,1,0,59,1,1,democrat,control
Minimum_Wage,1,1,42,0,1,democrat,libtrump
School_Guns,0,1,59,0,4,independent,libtrump
Minimum_Wage,1,1,61,1,1,democrat,control
Abortion,1,1,61,1,1,democrat,control
Health_Care,1,1,69,0,1,independent,control
Planned_Parenthood,1,1,60,1,1,democrat,libtrump
Immigration,1,1,35,1,1,democrat,control
Abortion,1,1,25,0,2,independent,control
Climate_Change,1,1,64,0,1,independent,libtrump
Tax_Increase,0,1,33,0,1,democrat,control
Abortion,1,1,48,0,3,independent,libtrump
Tax_Increase,1,0,37,0,1,democrat,libtrump
Abortion,1,1,60,1,5,republican,libtrump
Climate_Change,0,0,53,1,5,republican,control
Health_Care,1,1,27,0,4,democrat,libtrump
Health_Care,1,0,67,0,2,democrat,control
Tax_Increase,1,0,36,0,2,democrat,control
Tax_Increase,1,1,24,0,1,democrat,control
Planned_Parenthood,1,1,46,0,5,republican,control
Health_Care,0,1,23,0,5,republican,control
Planned_Parenthood,1,1,31,0,1,democrat,libtrump
Minimum_Wage,1,0,27,0,3,independent,control
Minimum_Wage,1,0,43,0,2,democrat,libtrump
Tax_Increase,0,0,63,0,2,independent,libtrump
School_Guns,1,1,62,0,1,democrat,libtrump
School_Guns,1,1,64,1,1,democrat,control
Guns_Background,1,1,63,0,1,independent,control
Health_Care,1,1,43,0,1,democrat,control
School_Guns,1,1,27,0,1,independent,control
School_Guns,1,0,25,0,1,democrat,control
Abortion,1,1,25,0,3,republican,control
Guns_Background,1,0,30,0,1,democrat,libtrump
School_Guns,1,1,64,1,4,republican,libtrump
Iran_Agreement,0,0,63,1,5,independent,control
Abortion,0,1,74,0,5,republican,libtrump
Minimum_Wage,1,1,57,0,2,independent,libtrump
Guns_Background,1,0,28,0,1,democrat,control
Planned_Parenthood,1,1,28,0,1,independent,control
Planned_Parenthood,1,1,31,1,1,democrat,control
Health_Care,1,0,44,0,1,democrat,control
Abortion,1,1,74,1,5,independent,control
Immigration,0,1,28,0,3,independent,control
Planned_Parenthood,0,1,28,0,4,independent,control
Guns_Background,0,0,31,0,1,independent,control
Guns_Background,1,1,51,1,5,republican,control
Planned_Parenthood,1,1,41,0,1,independent,control
Immigration,0,1,59,0,4,republican,control
Guns_Background,1,0,64,0,1,democrat,control
Tax_Increase,1,1,64,1,3,independent,libtrump
Abortion,1,0,67,0,1,democrat,control
Guns_Background,1,0,43,0,3,independent,control
School_Guns,1,1,39,0,2,independent,control
Immigration,0,1,54,1,4,republican,control
Iran_Agreement,0,1,83,0,5,republican,control
Health_Care,1,0,43,0,1,democrat,control
Guns_Background,0,1,52,0,4,independent,libtrump
Planned_Parenthood,1,1,62,1,1,democrat,control
Abortion,1,1,57,0,2,independent,libtrump
Iran_Agreement,1,0,19,0,3,democrat,libtrump
Planned_Parenthood,0,1,36,1,4,republican,control
Abortion,0,1,56,0,2,independent,control
Health_Care,1,1,28,0,5,democrat,libtrump
Abortion,1,1,26,1,1,democrat,libtrump
Guns_Background,1,1,60,1,1,democrat,libtrump
Guns_Background,0,1,75,0,5,republican,control
School_Guns,0,1,56,0,2,independent,control
Climate_Change,1,0,47,0,5,republican,control
Guns_Background,0,0,19,0,3,democrat,libtrump
Iran_Agreement,1,0,66,0,1,democrat,control
Planned_Parenthood,0,1,64,0,4,republican,libtrump
Abortion,0,1,48,1,4,republican,control
Abortion,1,1,47,0,5,republican,libtrump
Immigration,1,1,28,0,5,democrat,libtrump
Guns_Background,1,1,48,0,4,independent,libtrump
Tax_Increase,1,1,48,1,4,republican,control
Climate_Change,1,1,27,0,1,independent,libtrump
Climate_Change,1,1,24,0,5,democrat,libtrump
Tax_Increase,0,1,57,0,5,independent,control
Immigration,1,1,64,1,1,democrat,control
Guns_Background,1,0,47,0,5,republican,control
Immigration,1,1,43,0,1,democrat,control
Tax_Increase,0,1,36,1,4,republican,control
Iran_Agreement,0,1,59,1,5,democrat,control
Abortion,1,1,55,1,1,democrat,libtrump
Tax_Increase,0,1,57,1,4,republican,control
Planned_Parenthood,0,0,64,0,1,democrat,control
Climate_Change,1,1,47,0,2,democrat,control
Climate_Change,1,1,29,0,1,democrat,control
Tax_Increase,1,1,60,0,3,independent,libtrump
School_Guns,1,1,34,0,1,democrat,control
Minimum_Wage,1,1,63,0,4,republican,libtrump
Minimum_Wage,0,1,56,1,5,republican,libtrump
Tax_Increase,1,1,48,0,4,independent,libtrump
Climate_Change,1,0,77,0,4,republican,libtrump
Health_Care,1,1,27,1,5,independent,libtrump
Climate_Change,1,1,35,0,1,democrat,control
Immigration,0,1,63,0,5,republican,libtrump
Abortion,0,1,41,0,2,democrat,libtrump
School_Guns,0,1,56,0,4,republican,control
School_Guns,1,1,79,0,5,republican,libtrump
Health_Care,1,1,29,1,1,democrat,control
Immigration,0,1,53,0,3,democrat,libtrump
Health_Care,0,0,22,0,1,democrat,control
Health_Care,1,1,60,0,3,independent,control
Tax_Increase,1,1,33,0,4,democrat,control
Planned_Parenthood,0,0,53,1,5,republican,control
Guns_Background,1,0,42,0,1,democrat,libtrump
Iran_Agreement,1,1,26,0,2,democrat,control
School_Guns,1,1,52,0,1,independent,control
Health_Care,0,0,30,0,5,republican,control
Tax_Increase,0,1,80,0,3,independent,control
Climate_Change,0,1,64,0,5,republican,libtrump
Iran_Agreement,0,1,76,0,5,republican,libtrump
Minimum_Wage,1,1,38,1,1,democrat,control
Immigration,0,1,43,1,5,republican,libtrump
Guns_Background,1,1,71,0,4,republican,libtrump
Immigration,0,0,36,0,2,independent,control
Tax_Increase,1,1,64,1,5,republican,libtrump
Planned_Parenthood,1,1,61,0,1,democrat,control
Minimum_Wage,1,1,22,1,1,democrat,control
Health_Care,1,0,56,0,5,independent,libtrump
Minimum_Wage,1,0,63,0,1,democrat,libtrump
Planned_Parenthood,1,1,60,1,1,democrat,control
Tax_Increase,0,1,23,0,5,republican,control
Immigration,0,1,61,0,4,republican,control
Planned_Parenthood,0,1,63,0,4,republican,libtrump
Abortion,1,1,22,0,3,democrat,control
Climate_Change,1,1,76,1,1,democrat,libtrump
Planned_Parenthood,1,1,50,1,1,democrat,control
Iran_Agreement,0,0,28,0,4,democrat,control
Minimum_Wage,1,1,34,0,1,democrat,control
School_Guns,1,0,38,0,1,democrat,control
School_Guns,0,1,22,1,1,independent,control
Climate_Change,0,1,53,0,5,republican,control
School_Guns,0,1,63,1,3,republican,control
Guns_Background,0,0,28,0,2,democrat,control
Climate_Change,1,1,37,0,5,republican,control
Tax_Increase,1,1,25,0,3,republican,control
Immigration,1,1,64,0,1,independent,libtrump
Climate_Change,0,0,77,0,5,republican,control
Iran_Agreement,1,1,57,1,3,republican,control
School_Guns,0,0,31,0,2,democrat,control
Minimum_Wage,1,1,63,0,1,independent,control
Iran_Agreement,1,0,59,1,1,democrat,control
School_Guns,0,1,62,0,5,republican,control
Guns_Background,1,1,42,1,1,democrat,control
Iran_Agreement,0,1,36,1,4,republican,control
Immigration,0,1,55,0,4,independent,libtrump
Iran_Agreement,0,1,75,0,5,republican,control
Climate_Change,0,1,75,0,5,republican,control
Abortion,1,1,60,1,1,democrat,libtrump
Health_Care,0,1,66,1,5,republican,control
Health_Care,0,1,37,1,1,republican,control
Planned_Parenthood,0,1,28,0,5,republican,control
Iran_Agreement,1,1,41,0,1,democrat,control
Guns_Background,0,1,82,0,5,republican,control
School_Guns,1,0,43,0,2,democrat,libtrump
Minimum_Wage,0,1,71,0,1,republican,control
Iran_Agreement,0,1,63,0,5,republican,control
Abortion,1,1,57,1,1,democrat,libtrump
Planned_Parenthood,1,1,69,0,1,democrat,control
Tax_Increase,1,1,68,0,2,democrat,libtrump
Health_Care,1,1,35,0,1,democrat,control
Health_Care,1,0,37,0,1,democrat,control
Health_Care,0,1,36,0,2,independent,control
Health_Care,1,1,63,0,1,democrat,control
Immigration,1,0,31,0,1,independent,control
School_Guns,1,1,22,0,3,democrat,control
Iran_Agreement,1,1,47,1,1,independent,libtrump
Abortion,1,1,33,0,1,democrat,control
Immigration,1,1,60,0,4,republican,libtrump
Guns_Background,1,1,33,0,4,republican,control
Climate_Change,1,1,27,1,4,democrat,control
Minimum_Wage,1,1,60,0,4,democrat,libtrump
Abortion,1,1,42,1,2,democrat,control
Climate_Change,1,0,30,0,5,democrat,control
Abortion,1,1,25,0,3,independent,libtrump
Climate_Change,1,1,50,1,3,republican,control
Immigration,0,0,53,1,2,democrat,libtrump
Planned_Parenthood,0,1,56,0,4,republican,control
Minimum_Wage,0,1,52,0,1,independent,control
Health_Care,1,1,25,0,2,independent,control
Minimum_Wage,1,1,60,0,1,democrat,control
Minimum_Wage,1,0,38,0,4,democrat,control
Health_Care,1,0,40,0,4,democrat,control
Minimum_Wage,1,1,29,0,1,independent,libtrump
Climate_Change,0,1,82,0,5,republican,control
Immigration,1,0,63,0,1,democrat,libtrump
Abortion,1,1,24,0,1,democrat,control
Climate_Change,1,1,39,0,2,independent,control
Planned_Parenthood,1,1,75,0,5,republican,control
Health_Care,0,1,60,1,3,republican,control
Iran_Agreement,1,1,69,0,1,democrat,control
Minimum_Wage,1,0,25,1,1,democrat,control
Health_Care,0,1,50,1,3,republican,control
Health_Care,0,1,52,1,4,republican,libtrump
Tax_Increase,1,1,71,0,1,democrat,control
Minimum_Wage,1,0,71,0,4,democrat,libtrump
Minimum_Wage,0,1,73,1,5,republican,control
Tax_Increase,1,0,57,0,1,democrat,libtrump
Abortion,0,1,41,0,4,republican,libtrump
Abortion,1,1,53,0,5,republican,control
Tax_Increase,1,1,44,0,1,democrat,control
Immigration,0,1,64,0,5,republican,libtrump
Iran_Agreement,1,1,58,0,4,republican,control
School_Guns,0,0,29,0,3,democrat,control
Guns_Background,1,0,34,0,2,democrat,control
Immigration,1,1,42,1,2,democrat,control
Iran_Agreement,1,1,72,0,1,democrat,control
Iran_Agreement,0,0,57,1,5,republican,libtrump
Tax_Increase,1,1,52,0,2,independent,libtrump
School_Guns,1,1,48,0,3,independent,libtrump
Iran_Agreement,1,1,41,0,2,democrat,libtrump
Planned_Parenthood,0,1,61,0,4,republican,control
Climate_Change,0,1,62,0,4,republican,libtrump
Planned_Parenthood,1,0,26,0,3,democrat,libtrump
Guns_Background,1,0,25,0,4,democrat,control
Tax_Increase,1,1,68,0,2,republican,control
Planned_Parenthood,1,1,60,0,1,democrat,control
Guns_Background,1,1,41,0,1,republican,libtrump
Tax_Increase,1,1,49,0,1,democrat,control
Climate_Change,0,1,85,0,5,republican,control
Health_Care,1,0,38,0,4,democrat,control
Abortion,0,0,42,0,1,democrat,libtrump
School_Guns,1,1,50,0,3,republican,control
Health_Care,0,1,53,0,5,republican,control
Minimum_Wage,1,0,42,0,1,democrat,libtrump
Planned_Parenthood,1,0,20,0,3,independent,control
Abortion,1,0,29,0,2,independent,libtrump
Minimum_Wage,0,1,36,0,2,independent,control
Abortion,0,1,59,0,5,republican,control
Guns_Background,0,1,63,1,3,republican,control
Tax_Increase,0,0,31,0,5,independent,control
Minimum_Wage,1,0,57,1,5,republican,libtrump
Planned_Parenthood,1,1,43,1,5,republican,libtrump
Planned_Parenthood,1,0,38,0,1,democrat,control
Planned_Parenthood,1,1,48,1,1,democrat,control
Guns_Background,1,1,67,1,4,independent,control
Abortion,0,0,36,0,2,democrat,control
Abortion,1,1,63,0,5,democrat,control
School_Guns,1,1,48,0,1,independent,libtrump
Immigration,1,1,40,0,4,republican,libtrump
Iran_Agreement,1,1,33,0,1,democrat,control
Minimum_Wage,1,1,71,0,1,independent,control
Planned_Parenthood,0,1,64,0,5,republican,libtrump
Tax_Increase,1,1,71,0,1,independent,control
Minimum_Wage,1,1,52,0,1,democrat,control
Minimum_Wage,1,1,50,0,1,democrat,control
Abortion,1,0,30,0,1,democrat,libtrump
Abortion,0,1,31,0,2,republican,control
Minimum_Wage,1,1,21,0,1,democrat,control
Guns_Background,1,1,72,0,1,democrat,libtrump
Immigration,1,0,37,0,1,democrat,libtrump
Health_Care,1,0,48,0,1,democrat,control
Immigration,0,1,37,0,5,republican,control
Iran_Agreement,0,1,43,1,4,republican,control
Health_Care,1,0,28,0,1,democrat,control
Minimum_Wage,1,1,33,0,5,independent,libtrump
Climate_Change,1,1,34,0,5,independent,control
Iran_Agreement,0,1,47,1,4,republican,libtrump
Minimum_Wage,0,1,64,0,4,republican,libtrump
School_Guns,1,0,25,0,4,republican,libtrump
Climate_Change,1,0,79,0,1,democrat,control
Minimum_Wage,1,0,36,1,1,democrat,control
Health_Care,0,1,43,1,4,republican,control
Abortion,1,1,32,1,1,democrat,control
Immigration,0,0,48,0,1,democrat,control
Planned_Parenthood,1,1,50,1,3,republican,control
School_Guns,1,0,22,0,1,democrat,libtrump
Immigration,1,1,60,1,1,democrat,libtrump
School_Guns,0,1,40,0,5,republican,libtrump
Immigration,1,1,59,0,1,democrat,control
Immigration,0,1,53,1,4,republican,control
Health_Care,1,1,67,1,4,independent,control
Health_Care,1,1,41,0,1,democrat,control
Planned_Parenthood,1,0,34,0,2,democrat,control
Health_Care,1,1,20,0,1,democrat,control
School_Guns,0,1,66,1,5,republican,control
Minimum_Wage,1,1,54,0,5,republican,control
Abortion,0,0,31,0,2,democrat,control
Planned_Parenthood,1,1,36,0,1,democrat,control
Planned_Parenthood,0,1,82,1,4,republican,control
School_Guns,0,1,69,0,5,independent,control
Abortion,1,1,47,1,1,independent,libtrump
School_Guns,0,1,58,0,4,democrat,control
Climate_Change,1,1,35,0,1,independent,control
School_Guns,0,1,40,0,4,republican,control
Abortion,1,0,37,0,1,democrat,libtrump
Abortion,1,1,61,1,4,republican,control
School_Guns,1,0,77,0,5,republican,control
Health_Care,1,1,59,0,1,democrat,control
Iran_Agreement,1,1,32,1,1,democrat,control
Minimum_Wage,1,1,66,0,1,independent,control
Immigration,1,1,25,1,1,democrat,libtrump
Guns_Background,1,0,36,0,2,democrat,control
Abortion,1,1,43,0,5,independent,control
Tax_Increase,1,1,60,1,1,democrat,libtrump
Climate_Change,0,1,55,0,4,independent,libtrump
Planned_Parenthood,1,1,42,1,1,democrat,control
Guns_Background,1,0,46,0,1,democrat,control
Planned_Parenthood,1,1,41,0,2,democrat,libtrump
Tax_Increase,1,1,38,1,1,democrat,control
Health_Care,1,1,38,0,5,republican,libtrump
Planned_Parenthood,1,1,33,0,1,independent,libtrump
Minimum_Wage,1,0,42,1,3,democrat,control
Climate_Change,1,1,32,0,1,democrat,libtrump
Health_Care,1,0,37,0,1,democrat,libtrump
Tax_Increase,1,1,76,1,1,democrat,libtrump
Immigration,0,1,53,0,5,republican,control
Guns_Background,1,0,42,0,2,democrat,control
Health_Care,1,1,60,0,1,democrat,control
Minimum_Wage,1,1,69,0,1,democrat,control
Guns_Background,1,1,31,0,2,republican,control
Iran_Agreement,0,1,53,0,5,republican,control
Minimum_Wage,1,1,73,0,1,democrat,control
School_Guns,0,1,27,0,3,republican,libtrump
Planned_Parenthood,0,1,58,1,5,republican,libtrump
Climate_Change,1,1,28,0,5,democrat,libtrump
Tax_Increase,1,0,40,0,4,democrat,control
Tax_Increase,1,1,41,0,2,democrat,libtrump
Guns_Background,1,1,59,0,1,democrat,control
Climate_Change,1,1,27,0,2,independent,libtrump
Guns_Background,1,1,29,1,1,democrat,control
Iran_Agreement,1,0,25,0,4,democrat,control
Planned_Parenthood,0,1,52,0,4,independent,libtrump
Planned_Parenthood,1,1,57,0,4,democrat,control
Planned_Parenthood,0,1,80,0,3,independent,control
Health_Care,0,1,58,1,4,independent,libtrump
Planned_Parenthood,1,1,64,1,1,independent,control
Health_Care,1,1,31,0,1,democrat,control
Abortion,1,0,23,0,3,democrat,control
Climate_Change,1,1,72,0,1,democrat,libtrump
Abortion,1,1,76,0,3,republican,control
Health_Care,0,1,75,0,4,republican,control
School_Guns,0,1,49,0,3,republican,control
Immigration,1,1,26,0,1,democrat,libtrump
School_Guns,1,1,42,0,4,independent,libtrump
Health_Care,1,1,42,1,5,democrat,libtrump
Guns_Background,1,0,54,0,1,democrat,control
Guns_Background,1,1,31,0,1,democrat,control
Guns_Background,1,1,68,0,1,democrat,control
School_Guns,0,1,22,0,3,democrat,control
Climate_Change,0,1,83,0,5,republican,control
Minimum_Wage,0,1,27,0,2,republican,control
Immigration,1,0,60,0,5,republican,control
Climate_Change,1,1,25,0,3,republican,control
School_Guns,0,1,63,0,5,republican,control
Climate_Change,0,1,52,0,2,independent,libtrump
Planned_Parenthood,1,1,41,0,1,republican,libtrump
Health_Care,0,1,38,0,4,republican,control
Immigration,0,1,57,0,4,republican,control
School_Guns,0,0,19,0,1,independent,libtrump
Planned_Parenthood,0,1,60,1,5,republican,libtrump
Abortion,1,1,35,0,1,independent,control
Immigration,1,1,63,0,1,independent,control
Immigration,1,1,58,1,4,republican,libtrump
Abortion,1,0,67,0,1,democrat,libtrump
Climate_Change,1,0,60,0,5,republican,control
School_Guns,0,1,63,0,4,republican,libtrump
Iran_Agreement,0,1,61,0,1,democrat,control
Immigration,1,1,22,1,1,independent,control
Planned_Parenthood,1,1,71,0,1,independent,control
Planned_Parenthood,0,1,27,1,1,independent,control
Tax_Increase,1,1,74,0,5,republican,libtrump
Iran_Agreement,1,0,63,0,2,democrat,libtrump
Climate_Change,1,0,59,0,1,democrat,control
Guns_Background,1,1,71,0,1,republican,control
Health_Care,0,1,74,0,5,republican,control
Iran_Agreement,1,0,22,1,1,democrat,control
Abortion,1,1,59,1,5,republican,control
School_Guns,1,1,47,0,3,democrat,libtrump
Tax_Increase,1,1,60,0,1,democrat,control
Tax_Increase,0,1,82,0,4,republican,control
Health_Care,1,1,33,0,4,independent,libtrump
Immigration,0,1,52,0,5,republican,control
Tax_Increase,0,1,53,0,5,republican,control
School_Guns,0,1,58,0,5,republican,libtrump
Immigration,0,1,42,0,2,independent,control
Guns_Background,1,0,59,0,2,democrat,control
Minimum_Wage,1,1,68,0,2,democrat,libtrump
Iran_Agreement,1,0,30,0,1,democrat,libtrump
School_Guns,1,1,33,0,1,democrat,libtrump
Tax_Increase,1,1,31,1,1,democrat,control
Tax_Increase,1,1,43,0,1,democrat,control
Climate_Change,0,1,33,0,5,independent,libtrump
Guns_Background,1,1,64,0,1,democrat,control
Climate_Change,0,1,36,0,2,independent,control
Health_Care,0,1,47,0,3,independent,libtrump
Planned_Parenthood,1,1,46,0,5,republican,control
Minimum_Wage,1,0,33,0,3,republican,control
Guns_Background,0,0,63,0,2,independent,libtrump
Minimum_Wage,0,1,43,0,2,republican,control
Abortion,1,1,62,1,1,democrat,control
Iran_Agreement,0,1,63,0,5,republican,libtrump
Tax_Increase,1,1,71,0,2,democrat,libtrump
Climate_Change,1,1,50,1,1,democrat,control
Immigration,1,0,33,0,3,democrat,control
Health_Care,1,1,55,0,4,independent,control
School_Guns,0,0,29,0,2,democrat,control
Minimum_Wage,1,1,34,0,3,republican,control
Guns_Background,1,1,26,0,1,democrat,control
Guns_Background,1,1,32,0,1,democrat,libtrump
Health_Care,1,1,34,0,1,republican,control
Guns_Background,1,1,22,1,1,democrat,control
Iran_Agreement,1,1,64,0,4,democrat,libtrump
Iran_Agreement,0,1,63,1,5,republican,control
Climate_Change,0,0,53,1,2,democrat,libtrump
Tax_Increase,0,1,43,0,5,republican,control
Abortion,1,1,52,1,4,republican,libtrump
Health_Care,1,1,21,1,1,democrat,control
Tax_Increase,0,0,28,0,1,democrat,control
School_Guns,0,1,37,0,5,republican,control
Abortion,0,1,83,1,5,republican,control
Health_Care,1,1,57,0,1,democrat,control
Tax_Increase,1,1,48,1,1,independent,control
Guns_Background,1,1,61,1,5,republican,control
Iran_Agreement,1,1,60,0,4,democrat,libtrump
Climate_Change,1,1,64,1,3,independent,libtrump
Planned_Parenthood,1,1,48,1,1,independent,control
Minimum_Wage,0,0,62,0,5,republican,control
Planned_Parenthood,0,1,60,0,5,republican,libtrump
Climate_Change,1,1,44,0,3,republican,libtrump
Minimum_Wage,1,1,44,0,3,republican,libtrump
Immigration,1,1,61,1,1,democrat,control
Planned_Parenthood,0,1,36,0,2,independent,control
Guns_Background,1,1,64,0,5,republican,libtrump
Guns_Background,0,1,63,0,5,republican,libtrump
Guns_Background,1,1,28,0,1,independent,control
Health_Care,1,1,39,0,1,democrat,control
Guns_Background,1,1,57,1,1,democrat,libtrump
Health_Care,1,1,22,0,3,democrat,control
Iran_Agreement,1,1,71,0,2,democrat,libtrump
Abortion,1,1,51,1,4,republican,libtrump
Tax_Increase,1,1,21,0,1,democrat,control
Guns_Background,1,0,23,0,3,democrat,libtrump
Guns_Background,1,1,72,0,1,democrat,control
Guns_Background,1,1,70,1,1,democrat,libtrump
Minimum_Wage,1,1,59,0,3,republican,control
School_Guns,1,0,49,1,4,independent,control
Abortion,1,0,43,0,2,democrat,libtrump
School_Guns,0,0,53,1,5,republican,control
Health_Care,1,0,25,0,4,republican,libtrump
Iran_Agreement,1,1,72,0,4,republican,control
Tax_Increase,1,0,63,0,1,democrat,libtrump
Guns_Background,1,1,42,1,2,democrat,control
Minimum_Wage,0,1,51,1,4,republican,libtrump
Iran_Agreement,1,0,22,0,1,democrat,libtrump
Guns_Background,1,1,43,0,5,independent,control
Minimum_Wage,1,1,50,1,1,democrat,control
Guns_Background,1,0,73,0,1,democrat,libtrump
Guns_Background,1,1,68,0,1,democrat,control
Guns_Background,1,0,68,0,1,democrat,control
Immigration,0,1,31,0,3,republican,control
Iran_Agreement,1,0,56,0,2,independent,control
Guns_Background,1,1,61,0,1,democrat,control
Guns_Background,1,1,63,0,4,republican,libtrump
Climate_Change,1,1,60,1,1,democrat,control
Minimum_Wage,1,1,30,0,5,republican,control
Abortion,1,1,42,0,4,independent,libtrump
Health_Care,1,1,42,0,1,independent,control
Planned_Parenthood,1,1,63,0,1,democrat,control
Immigration,1,1,67,1,1,democrat,control
Planned_Parenthood,1,1,64,1,5,republican,libtrump
School_Guns,0,1,64,1,3,independent,libtrump
School_Guns,0,1,57,0,5,independent,control
School_Guns,1,1,71,0,1,independent,control
School_Guns,1,1,19,1,1,democrat,libtrump
Immigration,0,0,49,1,1,democrat,control
Minimum_Wage,1,1,56,0,1,democrat,control
Minimum_Wage,1,1,48,0,4,independent,libtrump
Immigration,0,1,33,0,5,independent,libtrump
Tax_Increase,1,1,33,1,5,republican,libtrump
Health_Care,0,1,63,0,4,republican,control
Immigration,1,1,34,0,1,democrat,control
Abortion,0,0,39,0,5,democrat,control
Guns_Background,1,1,41,0,5,republican,libtrump
Abortion,0,1,82,1,4,republican,control
Iran_Agreement,1,0,60,0,1,democrat,libtrump
School_Guns,0,1,57,0,2,independent,libtrump
Guns_Background,1,0,27,0,1,independent,control
School_Guns,1,1,42,0,1,independent,control
Iran_Agreement,1,1,80,0,1,democrat,control
School_Guns,1,1,56,0,3,republican,libtrump
Immigration,1,1,80,0,1,democrat,control
Health_Care,1,0,56,0,2,independent,control
Guns_Background,0,0,22,0,3,republican,control
Iran_Agreement,0,1,43,0,2,republican,control
Abortion,0,0,36,0,1,democrat,control
Iran_Agreement,1,1,60,1,1,democrat,libtrump
Guns_Background,1,1,57,1,1,democrat,control
Guns_Background,1,1,37,0,1,independent,control
Health_Care,1,1,21,0,1,democrat,control
Iran_Agreement,1,1,60,0,2,democrat,control
Iran_Agreement,1,1,41,0,5,republican,libtrump
Immigration,1,1,30,0,2,democrat,libtrump
Abortion,1,1,31,0,2,independent,libtrump
Health_Care,0,1,78,0,3,independent,control
Iran_Agreement,1,1,64,0,1,democrat,control
Iran_Agreement,1,1,61,0,1,democrat,control
Iran_Agreement,1,0,44,0,1,democrat,control
Tax_Increase,1,1,64,1,1,democrat,control
School_Guns,1,1,20,0,1,democrat,control
Immigration,0,1,21,0,1,democrat,control
Climate_Change,1,1,29,0,5,republican,libtrump
Tax_Increase,1,0,35,0,1,democrat,control
School_Guns,1,1,64,1,1,independent,control
Abortion,1,1,75,0,5,republican,control
Immigration,0,1,44,0,5,republican,control
Abortion,1,1,43,0,1,democrat,control
Guns_Background,1,1,40,0,4,republican,libtrump
Immigration,0,1,52,1,4,independent,control
Guns_Background,0,1,43,0,4,democrat,control
Tax_Increase,0,1,60,0,1,republican,control
School_Guns,1,1,56,0,1,democrat,control
Health_Care,1,1,73,0,1,democrat,control
Minimum_Wage,1,1,34,0,1,democrat,control
School_Guns,1,1,61,0,4,republican,control
Immigration,1,1,27,0,2,independent,libtrump
Climate_Change,0,1,69,0,5,republican,control
Guns_Background,1,1,39,0,1,democrat,control
Immigration,1,1,27,0,1,independent,libtrump
Climate_Change,0,1,60,0,4,republican,libtrump
Climate_Change,0,0,63,1,5,independent,control
Iran_Agreement,0,1,71,0,1,independent,control
Planned_Parenthood,1,1,57,1,5,republican,control
School_Guns,1,1,44,0,3,republican,libtrump
Iran_Agreement,1,1,32,0,5,republican,libtrump
School_Guns,0,1,54,0,5,republican,control
Guns_Background,1,0,29,0,2,democrat,control
Minimum_Wage,1,0,30,0,1,democrat,libtrump
School_Guns,0,1,20,1,4,republican,control
Immigration,0,1,63,1,3,republican,control
Tax_Increase,1,0,45,0,1,democrat,control
Guns_Background,0,1,34,0,3,republican,control
Planned_Parenthood,1,1,21,0,1,democrat,control
Climate_Change,0,0,62,0,5,republican,control
Abortion,1,0,36,1,1,democrat,control
Health_Care,0,0,43,0,2,democrat,libtrump
Planned_Parenthood,0,1,51,1,5,republican,control
Planned_Parenthood,1,1,52,0,1,democrat,control
Climate_Change,0,1,58,0,5,republican,libtrump
Iran_Agreement,0,1,44,0,5,republican,control
Immigration,1,0,22,1,1,democrat,control
Health_Care,0,1,63,0,5,republican,control
Iran_Agreement,0,1,54,0,5,republican,control
Immigration,0,1,31,0,1,democrat,control
Minimum_Wage,1,1,68,0,1,democrat,control
Planned_Parenthood,1,1,33,0,4,independent,libtrump
Tax_Increase,1,0,44,0,1,democrat,control
Abortion,1,1,68,0,1,democrat,control
Health_Care,1,1,56,0,2,independent,control
Minimum_Wage,1,1,62,0,1,democrat,control
Health_Care,0,1,40,0,4,republican,libtrump
Climate_Change,1,1,20,0,5,republican,libtrump
Tax_Increase,0,1,64,0,5,republican,control
Health_Care,1,1,61,0,1,democrat,control
Climate_Change,0,1,33,0,4,republican,control
Planned_Parenthood,0,1,75,0,4,republican,control
School_Guns,0,1,29,0,5,republican,libtrump
Tax_Increase,0,1,75,0,5,republican,control
Immigration,1,1,35,0,1,democrat,control
Health_Care,1,1,72,0,4,republican,control
Tax_Increase,1,0,60,0,1,democrat,libtrump
Planned_Parenthood,1,1,21,0,1,democrat,control
Tax_Increase,1,1,48,0,1,republican,control
Tax_Increase,1,1,66,0,1,democrat,control
Guns_Background,1,0,43,0,2,democrat,libtrump
Immigration,0,1,73,1,5,republican,control
Iran_Agreement,0,0,26,0,3,democrat,libtrump
Planned_Parenthood,1,1,60,0,4,democrat,libtrump
Abortion,1,1,64,0,4,republican,control
Tax_Increase,0,1,82,0,5,republican,control
Immigration,0,1,43,0,5,independent,control
Minimum_Wage,1,0,56,0,5,independent,libtrump
Abortion,1,1,61,0,3,republican,control
Immigration,1,0,27,0,3,independent,control
Minimum_Wage,1,1,67,0,2,independent,control
School_Guns,0,1,64,0,5,independent,control
Planned_Parenthood,1,1,27,0,1,democrat,control
Planned_Parenthood,1,1,60,1,1,democrat,control
Abortion,1,1,38,1,4,republican,control
Health_Care,1,0,50,0,1,democrat,control
Minimum_Wage,1,1,32,0,1,independent,control
Guns_Background,1,1,71,0,1,democrat,libtrump
Health_Care,1,1,72,0,1,democrat,libtrump
Immigration,1,1,24,0,5,republican,control
Abortion,1,1,33,0,1,independent,control
Planned_Parenthood,1,1,28,0,1,independent,libtrump
Iran_Agreement,1,1,63,0,5,democrat,control
Minimum_Wage,1,0,49,1,4,independent,control
Tax_Increase,1,1,28,0,3,independent,control
Abortion,0,1,61,1,5,republican,control
Climate_Change,1,1,55,0,4,independent,libtrump
School_Guns,0,1,83,0,5,republican,control
Immigration,0,0,63,0,2,independent,libtrump
Climate_Change,1,1,42,1,1,democrat,control
Health_Care,1,0,25,0,1,democrat,control
Guns_Background,1,0,25,0,1,democrat,control
Abortion,1,0,27,0,2,republican,control
Tax_Increase,1,1,59,0,1,democrat,control
Immigration,0,1,51,1,4,republican,libtrump
Iran_Agreement,0,1,57,1,4,republican,control
Health_Care,1,1,69,0,1,democrat,control
Abortion,0,0,33,0,4,democrat,control
Guns_Background,1,1,70,0,1,independent,control
Immigration,1,0,36,0,2,democrat,control
Tax_Increase,1,0,65,0,5,republican,control
Minimum_Wage,1,0,64,1,5,democrat,control
Tax_Increase,0,1,57,0,5,independent,control
Abortion,1,1,21,1,1,democrat,control
Iran_Agreement,1,1,60,0,2,independent,control
Immigration,1,1,33,0,4,republican,libtrump
Planned_Parenthood,1,1,63,0,1,independent,control
Minimum_Wage,0,1,20,0,4,republican,control
Immigration,0,0,25,0,2,independent,control
Immigration,0,1,60,1,5,republican,libtrump
Guns_Background,0,1,78,0,3,independent,control
Tax_Increase,1,1,57,1,1,democrat,control
Health_Care,1,1,75,0,5,republican,control
Health_Care,1,1,46,0,5,republican,control
Tax_Increase,1,1,33,0,4,independent,libtrump
School_Guns,1,0,71,0,4,democrat,libtrump
School_Guns,0,0,31,0,5,independent,control
Planned_Parenthood,1,1,64,1,1,democrat,control
Health_Care,1,0,22,0,1,republican,control
Planned_Parenthood,1,1,29,0,3,independent,control
Climate_Change,0,1,38,1,4,republican,control
School_Guns,1,1,57,0,1,democrat,control
Guns_Background,1,0,89,0,1,democrat,control
Minimum_Wage,1,1,75,0,5,republican,control
School_Guns,0,1,59,0,4,republican,control
Minimum_Wage,0,0,27,0,2,republican,control
Health_Care,1,1,38,1,1,democrat,control
Minimum_Wage,0,1,46,0,5,republican,control
School_Guns,1,1,24,1,3,independent,libtrump
Tax_Increase,1,0,27,0,3,independent,control
Planned_Parenthood,1,0,60,1,1,democrat,control
Tax_Increase,1,0,56,0,2,independent,control
Guns_Background,0,1,64,0,4,republican,libtrump
Planned_Parenthood,1,1,25,0,2,independent,control
Tax_Increase,0,1,78,0,4,republican,control
Minimum_Wage,1,1,71,0,1,independent,control
Minimum_Wage,1,1,58,1,5,republican,libtrump
Guns_Background,1,1,56,0,5,republican,control
School_Guns,0,1,20,0,5,republican,libtrump
School_Guns,1,1,40,0,3,republican,libtrump
Tax_Increase,1,1,63,0,1,independent,control
Minimum_Wage,0,1,29,0,1,democrat,control
Climate_Change,0,1,63,1,3,republican,control
School_Guns,1,0,64,0,1,democrat,control
Immigration,0,1,67,0,3,republican,control
Minimum_Wage,1,1,54,0,5,republican,control
Climate_Change,1,1,70,0,1,independent,control
School_Guns,0,1,53,0,5,republican,control
Planned_Parenthood,1,1,68,0,1,democrat,control
Abortion,1,1,28,0,1,democrat,control
Minimum_Wage,0,1,61,0,4,republican,control
Planned_Parenthood,1,1,62,1,1,democrat,control
Immigration,1,0,33,0,4,democrat,control
School_Guns,0,1,61,1,5,republican,control
Iran_Agreement,1,1,57,0,4,democrat,control
Planned_Parenthood,0,1,54,0,5,republican,control
Health_Care,1,0,33,0,3,democrat,control
Planned_Parenthood,1,1,49,0,3,republican,control
Iran_Agreement,1,1,31,0,3,republican,control
School_Guns,0,1,31,0,2,independent,libtrump
Minimum_Wage,1,0,42,0,1,democrat,control
School_Guns,1,1,35,0,1,democrat,control
Health_Care,1,0,39,0,1,democrat,control
School_Guns,0,1,64,0,5,republican,control
Planned_Parenthood,0,1,59,0,5,republican,control
Planned_Parenthood,0,1,31,1,5,republican,control
Minimum_Wage,1,0,79,0,1,democrat,control
Immigration,0,0,30,1,4,independent,control
School_Guns,1,1,48,0,1,republican,control
Health_Care,1,1,21,0,1,democrat,control
Guns_Background,0,0,53,1,5,republican,control
Abortion,1,0,39,0,1,democrat,control
Planned_Parenthood,0,1,38,0,4,republican,control
Iran_Agreement,0,1,27,0,2,republican,control
Abortion,1,1,50,1,1,democrat,control
Tax_Increase,1,1,43,1,5,republican,libtrump
Minimum_Wage,0,1,64,1,4,republican,control
Guns_Background,1,1,66,1,5,republican,control
Guns_Background,1,1,50,1,4,independent,control
Planned_Parenthood,1,1,29,0,1,democrat,control
Planned_Parenthood,1,1,60,0,3,independent,libtrump
Tax_Increase,1,1,31,1,5,republican,control
Minimum_Wage,0,1,58,0,4,democrat,control
Immigration,1,0,22,0,1,republican,control
Immigration,1,1,66,0,1,independent,control
Planned_Parenthood,0,0,28,0,4,democrat,control
Climate_Change,1,1,71,0,1,independent,control
Minimum_Wage,1,1,22,0,2,independent,libtrump
Iran_Agreement,1,1,25,0,2,independent,control
Health_Care,0,1,65,0,5,republican,control
Guns_Background,1,0,33,0,3,republican,control
Guns_Background,1,1,40,0,4,republican,control
School_Guns,0,0,30,0,1,republican,control
Iran_Agreement,1,1,52,0,1,democrat,libtrump
Health_Care,1,0,27,0,2,republican,control
Health_Care,1,0,19,0,1,independent,libtrump
Tax_Increase,1,0,42,0,2,democrat,control
Immigration,1,0,77,0,4,republican,libtrump
Immigration,0,1,57,1,4,republican,control
Planned_Parenthood,0,1,76,0,5,republican,libtrump
Planned_Parenthood,1,1,51,0,4,republican,libtrump
Guns_Background,1,1,26,0,3,republican,libtrump
School_Guns,1,1,60,1,1,democrat,libtrump
Immigration,1,0,28,0,1,democrat,control
Minimum_Wage,0,1,58,0,5,republican,control
Iran_Agreement,0,1,56,0,4,republican,control
Minimum_Wage,1,1,59,0,3,independent,libtrump
Immigration,1,1,49,0,3,republican,control
Tax_Increase,1,1,25,1,1,democrat,libtrump
Tax_Increase,1,1,44,0,3,republican,libtrump
Tax_Increase,0,0,27,0,2,republican,control
Tax_Increase,1,1,59,1,1,democrat,libtrump
Abortion,1,1,64,1,1,democrat,control
Planned_Parenthood,0,1,29,0,5,republican,control
Immigration,1,1,64,1,1,democrat,control
Climate_Change,1,0,42,0,2,democrat,control
Iran_Agreement,1,1,33,0,4,independent,libtrump
Guns_Background,0,1,63,0,5,republican,control
School_Guns,0,1,33,0,4,republican,libtrump
School_Guns,1,1,27,0,1,democrat,control
School_Guns,1,1,49,0,1,democrat,control
Immigration,1,1,31,1,1,democrat,control
Abortion,1,1,56,1,5,republican,libtrump
School_Guns,1,1,38,1,1,democrat,control
Climate_Change,0,1,45,0,5,republican,control
Minimum_Wage,1,1,42,1,1,democrat,control
Minimum_Wage,1,1,33,0,1,democrat,control
Abortion,1,1,29,0,1,independent,libtrump
Guns_Background,1,1,23,0,5,republican,control
Iran_Agreement,1,1,35,1,1,democrat,control
Minimum_Wage,1,1,55,0,1,democrat,control
Iran_Agreement,1,0,68,0,1,democrat,control
Immigration,0,1,47,1,4,republican,libtrump
Immigration,0,1,47,0,2,democrat,control
Abortion,1,1,66,0,1,independent,control
Health_Care,1,0,23,0,3,democrat,libtrump
Health_Care,1,0,29,0,2,democrat,control
Health_Care,1,1,71,0,1,democrat,control
Iran_Agreement,0,1,50,1,3,republican,control
Minimum_Wage,1,1,59,0,1,democrat,control
School_Guns,0,1,59,1,5,republican,control
School_Guns,0,0,22,0,1,republican,control
Immigration,1,0,27,0,1,independent,control
Minimum_Wage,1,1,36,1,1,democrat,control
Guns_Background,1,1,71,0,2,democrat,libtrump
Abortion,1,1,27,0,2,republican,control
Guns_Background,0,1,57,0,5,independent,control
Health_Care,1,1,52,0,2,independent,libtrump
Abortion,1,1,41,0,1,democrat,control
Abortion,1,1,62,0,1,democrat,control
School_Guns,0,1,59,0,5,republican,control
School_Guns,1,1,27,0,1,democrat,libtrump
Tax_Increase,1,1,35,0,3,republican,libtrump
Iran_Agreement,0,1,40,0,4,republican,control
Health_Care,1,1,44,0,3,republican,libtrump
Abortion,1,1,74,1,5,republican,control
Planned_Parenthood,1,1,27,0,1,independent,control
Abortion,1,1,34,0,1,democrat,control
Health_Care,1,1,50,0,1,democrat,control
Iran_Agreement,0,1,68,0,2,republican,control
Health_Care,1,1,34,0,5,independent,control
Abortion,1,1,68,0,2,republican,control
Abortion,0,0,43,0,4,independent,control
Tax_Increase,1,1,42,0,5,republican,control
Immigration,0,0,45,0,1,democrat,control
Guns_Background,1,1,68,0,5,democrat,control
Climate_Change,1,1,42,0,4,independent,libtrump
School_Guns,0,1,67,0,3,republican,control
Iran_Agreement,1,1,66,0,1,independent,control
Immigration,1,0,33,0,3,republican,control
Immigration,1,1,57,0,1,democrat,control
Planned_Parenthood,1,1,64,1,1,democrat,control
Minimum_Wage,0,1,47,0,5,republican,libtrump
School_Guns,0,1,52,0,4,independent,control
Tax_Increase,1,0,22,0,1,democrat,control
Planned_Parenthood,1,1,56,0,1,democrat,control
Immigration,1,1,58,1,4,republican,libtrump
Iran_Agreement,1,1,52,0,1,democrat,control
Planned_Parenthood,1,1,57,0,1,democrat,control
Health_Care,1,1,59,1,1,democrat,libtrump
Minimum_Wage,0,1,70,1,4,republican,control
Tax_Increase,0,1,27,1,1,independent,control
Iran_Agreement,1,1,32,0,1,democrat,control
Immigration,0,0,22,0,1,democrat,control
Minimum_Wage,1,1,59,0,1,democrat,control
School_Guns,1,0,22,1,1,democrat,control
Abortion,0,1,53,0,3,republican,control
Iran_Agreement,0,1,64,0,4,republican,control
School_Guns,1,0,51,0,3,republican,control
Immigration,0,1,58,0,1,democrat,control
School_Guns,0,0,39,0,5,democrat,control
Tax_Increase,1,1,39,0,3,independent,control
School_Guns,1,1,32,0,1,independent,control
Immigration,1,0,22,0,1,democrat,libtrump
Tax_Increase,0,0,25,0,4,democrat,control
Planned_Parenthood,0,0,53,1,2,democrat,libtrump
Planned_Parenthood,1,0,33,0,4,democrat,control
Health_Care,0,1,38,0,5,republican,control
School_Guns,0,1,28,0,1,independent,libtrump
Guns_Background,1,0,39,0,5,democrat,control
Minimum_Wage,1,1,20,0,5,republican,libtrump
Iran_Agreement,1,0,53,0,1,democrat,control
Iran_Agreement,0,1,38,0,4,republican,control
Guns_Background,0,1,83,0,5,republican,control
Iran_Agreement,0,1,62,0,4,republican,libtrump
Climate_Change,1,0,64,1,5,democrat,control
Immigration,1,1,64,1,5,republican,libtrump
Minimum_Wage,0,1,57,0,5,independent,control
Abortion,1,0,68,0,1,democrat,control
Immigration,1,1,43,0,1,independent,libtrump
Immigration,0,1,42,0,4,independent,libtrump
Iran_Agreement,1,1,76,0,5,republican,control
Abortion,1,1,40,0,3,republican,libtrump
Health_Care,1,1,47,1,1,independent,libtrump
Tax_Increase,1,0,57,0,3,democrat,libtrump
Iran_Agreement,1,1,47,0,5,republican,libtrump
School_Guns,1,0,44,0,1,democrat,control
School_Guns,1,1,57,1,1,democrat,control
Planned_Parenthood,1,0,66,0,1,democrat,control
Tax_Increase,0,1,51,0,4,republican,control
Tax_Increase,1,1,60,1,1,democrat,control
Planned_Parenthood,0,1,60,0,5,independent,control
Abortion,1,0,53,0,1,democrat,control
Immigration,0,1,62,0,4,republican,libtrump
Iran_Agreement,0,0,31,0,1,independent,control
Planned_Parenthood,1,0,63,0,1,democrat,libtrump
Climate_Change,1,0,67,0,2,democrat,control
Climate_Change,1,0,40,0,3,independent,libtrump
Guns_Background,1,1,43,0,1,democrat,control
Guns_Background,1,0,37,0,1,democrat,control
Abortion,0,1,43,0,2,republican,control
School_Guns,0,1,63,1,5,republican,control
Minimum_Wage,1,1,24,0,5,democrat,libtrump
Tax_Increase,0,0,63,1,5,independent,control
Immigration,0,0,64,0,1,democrat,control
Iran_Agreement,1,1,29,0,1,democrat,control
Climate_Change,1,1,51,0,4,independent,control
School_Guns,1,1,33,0,4,democrat,control
Tax_Increase,0,1,70,0,5,republican,control
Climate_Change,0,0,57,0,1,democrat,libtrump
Immigration,1,0,42,0,2,democrat,control
Immigration,1,1,59,0,1,democrat,control
Abortion,1,1,61,0,1,democrat,control
Immigration,0,1,48,1,4,republican,control
Abortion,1,1,52,0,2,independent,libtrump
Climate_Change,1,1,57,1,1,democrat,control
Minimum_Wage,0,1,85,0,5,republican,control
Minimum_Wage,1,0,62,0,1,democrat,libtrump
Minimum_Wage,1,1,32,0,1,democrat,control
Abortion,1,1,63,0,1,independent,control
Iran_Agreement,0,0,53,1,5,republican,control
Immigration,1,1,57,1,1,democrat,control
Minimum_Wage,0,1,33,0,1,democrat,control
Climate_Change,1,1,64,1,1,independent,control
Iran_Agreement,0,0,38,0,4,democrat,control
Minimum_Wage,0,1,64,0,5,republican,control
Immigration,0,1,61,0,4,republican,control
Iran_Agreement,1,1,55,1,1,democrat,libtrump
Immigration,0,1,53,1,5,republican,control
Climate_Change,0,1,59,0,4,republican,control
Health_Care,1,1,35,0,1,independent,control
School_Guns,1,0,28,0,1,democrat,control
School_Guns,1,0,38,0,4,democrat,control
Immigration,0,1,62,0,3,republican,control
Tax_Increase,1,0,50,0,2,independent,control
Health_Care,0,1,51,1,5,republican,control
Climate_Change,1,1,19,1,1,democrat,libtrump
School_Guns,0,1,61,0,4,republican,control
Planned_Parenthood,0,1,61,1,5,republican,control
School_Guns,0,1,82,1,4,republican,control
Minimum_Wage,0,1,70,0,5,republican,control
Guns_Background,0,1,68,0,4,republican,control
Health_Care,0,1,43,0,5,republican,control
Health_Care,0,1,52,0,4,independent,libtrump
Climate_Change,0,1,65,0,5,republican,control
Minimum_Wage,1,1,29,1,4,republican,control
Immigration,0,1,60,0,4,republican,control
Iran_Agreement,1,1,40,0,1,democrat,control
Climate_Change,1,0,25,0,4,democrat,control
Tax_Increase,1,1,31,0,1,democrat,libtrump
Health_Care,1,1,25,1,1,democrat,libtrump
School_Guns,0,1,56,1,5,republican,libtrump
Tax_Increase,1,1,48,1,1,democrat,control
Immigration,0,1,43,1,4,republican,control
Guns_Background,0,1,58,0,5,republican,libtrump
Planned_Parenthood,0,1,76,0,5,republican,control
Minimum_Wage,1,1,61,0,1,democrat,control
Health_Care,0,1,31,1,5,republican,control
Immigration,0,1,61,0,5,republican,control
Climate_Change,1,1,55,0,1,democrat,control
Guns_Background,1,1,42,0,1,democrat,libtrump
Abortion,1,1,60,1,3,republican,control
Iran_Agreement,0,1,53,1,5,republican,control
Immigration,1,0,20,0,3,independent,control
Abortion,0,1,33,0,5,independent,libtrump
Planned_Parenthood,1,0,22,1,1,democrat,control
Immigration,0,0,63,1,5,independent,control
Minimum_Wage,0,1,27,1,5,independent,libtrump
Planned_Parenthood,1,1,24,0,1,democrat,control
Iran_Agreement,1,1,31,0,1,democrat,control
Planned_Parenthood,0,1,63,0,5,republican,control
Planned_Parenthood,1,1,29,0,1,independent,libtrump
Tax_Increase,0,1,59,0,5,republican,control
Iran_Agreement,1,0,64,0,1,democrat,control
Health_Care,1,0,36,0,2,democrat,control
Iran_Agreement,1,1,32,0,1,democrat,libtrump
School_Guns,1,0,57,0,1,democrat,libtrump
Tax_Increase,1,1,42,0,4,republican,libtrump
Iran_Agreement,1,0,40,0,4,democrat,control
Health_Care,1,1,32,1,1,democrat,control
Tax_Increase,0,1,70,1,4,republican,control
Tax_Increase,1,1,23,0,2,independent,control
School_Guns,0,1,56,0,5,republican,control
Iran_Agreement,0,1,36,0,2,independent,control
School_Guns,1,1,70,0,1,independent,control
Abortion,1,0,64,0,1,democrat,control
Health_Care,1,1,71,0,1,democrat,libtrump
Climate_Change,1,0,68,0,1,democrat,control
Abortion,0,1,51,0,1,republican,control
Health_Care,1,0,45,0,1,democrat,control
Iran_Agreement,1,1,62,0,1,democrat,control
Minimum_Wage,1,1,40,0,1,democrat,control
Iran_Agreement,1,1,36,0,1,democrat,control
Guns_Background,0,1,38,1,4,republican,control
Abortion,1,1,21,1,4,republican,libtrump
Tax_Increase,1,1,69,0,1,democrat,control
Immigration,0,1,71,0,1,independent,control
Health_Care,0,1,20,0,4,republican,control
Guns_Background,1,0,29,0,2,independent,libtrump
Immigration,1,1,72,0,1,democrat,control
Climate_Change,1,1,27,0,4,independent,control
Abortion,0,0,38,0,4,democrat,control
Guns_Background,1,0,50,0,1,democrat,control
School_Guns,1,1,41,0,1,democrat,control
Minimum_Wage,1,1,64,0,1,democrat,control
Tax_Increase,1,0,68,0,1,democrat,control
Planned_Parenthood,1,1,29,1,4,republican,control
Tax_Increase,1,1,67,1,4,independent,control
Health_Care,1,0,36,0,1,democrat,control
Health_Care,1,1,52,0,1,democrat,control
Climate_Change,1,1,63,0,1,democrat,control
School_Guns,1,1,26,1,1,democrat,libtrump
Guns_Background,1,1,51,0,4,independent,control
Guns_Background,0,1,43,0,2,republican,control
Abortion,0,1,64,0,5,republican,libtrump
Climate_Change,1,1,66,0,1,independent,control
Iran_Agreement,1,1,26,0,1,democrat,libtrump
Immigration,0,0,38,0,1,democrat,control
Health_Care,1,0,54,0,1,democrat,control
Health_Care,0,1,62,1,1,democrat,control
Health_Care,1,1,38,1,1,democrat,libtrump
Minimum_Wage,1,1,32,0,1,democrat,libtrump
Tax_Increase,1,0,63,0,2,democrat,libtrump
Planned_Parenthood,0,1,64,0,5,republican,libtrump
Climate_Change,0,1,42,0,2,independent,control
School_Guns,1,1,56,0,1,democrat,control
Health_Care,0,1,53,1,4,republican,control
Climate_Change,1,1,35,0,3,republican,libtrump
Abortion,0,1,56,0,5,republican,control
Minimum_Wage,1,1,60,0,3,independent,libtrump
Health_Care,1,0,42,0,2,democrat,control
Iran_Agreement,1,0,36,0,1,democrat,control
Planned_Parenthood,1,1,44,0,3,republican,libtrump
Tax_Increase,1,1,60,0,4,democrat,libtrump
Iran_Agreement,0,0,42,0,1,democrat,control
Guns_Background,1,1,47,0,3,democrat,libtrump
Planned_Parenthood,0,1,51,1,4,republican,libtrump
Health_Care,1,1,44,0,5,republican,control
Tax_Increase,1,1,72,0,1,democrat,control
Iran_Agreement,1,0,64,0,1,democrat,control
School_Guns,0,0,47,0,5,republican,control
Immigration,0,1,60,1,3,republican,control
Guns_Background,1,1,60,0,3,republican,control
Immigration,0,1,82,0,4,republican,control
Climate_Change,0,1,41,0,2,democrat,libtrump
School_Guns,1,1,42,0,5,republican,control
Health_Care,1,1,57,1,1,democrat,libtrump
Guns_Background,1,1,29,0,1,democrat,control
Guns_Background,1,1,52,0,2,independent,libtrump
Health_Care,0,1,57,1,4,republican,control
Planned_Parenthood,1,1,28,0,5,democrat,libtrump
Climate_Change,1,0,89,0,1,democrat,control
Tax_Increase,0,1,42,0,2,independent,libtrump
School_Guns,0,0,56,0,2,democrat,control
Planned_Parenthood,1,0,60,0,1,democrat,libtrump
Climate_Change,0,1,38,0,1,independent,control
Immigration,1,0,77,0,5,republican,control
Climate_Change,0,1,58,1,4,independent,libtrump
Climate_Change,1,0,46,0,1,democrat,control
Immigration,0,1,76,0,5,republican,control
Immigration,1,1,71,0,1,democrat,control
Abortion,1,0,50,0,1,democrat,control
Guns_Background,1,1,28,0,5,democrat,libtrump
Guns_Background,1,0,33,0,4,democrat,control
Immigration,1,0,60,1,1,democrat,control
Health_Care,0,0,31,0,1,independent,control
Abortion,0,0,22,0,1,republican,control
Planned_Parenthood,1,0,68,0,1,democrat,control
Immigration,0,1,44,0,1,democrat,control
Minimum_Wage,1,1,53,0,1,democrat,control
Minimum_Wage,1,0,25,0,1,democrat,control
School_Guns,1,0,59,0,1,democrat,control
Immigration,0,1,70,1,4,republican,control
Iran_Agreement,1,0,50,0,1,democrat,control
Minimum_Wage,0,1,38,0,4,republican,control
Guns_Background,1,0,71,0,4,democrat,libtrump
Health_Care,0,1,42,0,2,independent,control
Iran_Agreement,1,1,46,0,5,republican,control
Minimum_Wage,1,1,19,1,1,democrat,libtrump
School_Guns,1,1,58,1,4,republican,libtrump
School_Guns,1,1,41,0,2,democrat,libtrump
School_Guns,1,1,57,0,1,democrat,libtrump
School_Guns,1,0,30,1,4,independent,control
School_Guns,1,1,37,0,1,independent,control
Climate_Change,1,1,31,1,1,democrat,control
Climate_Change,1,1,33,0,4,independent,libtrump
Health_Care,1,1,27,0,5,republican,control
Planned_Parenthood,0,1,61,1,5,republican,control
Guns_Background,1,0,59,1,1,democrat,control
Guns_Background,1,1,27,0,5,republican,control
Immigration,1,1,32,0,1,democrat,control
Climate_Change,1,1,41,0,1,republican,libtrump
Climate_Change,0,1,54,0,5,republican,control
School_Guns,1,0,59,1,1,democrat,control
Minimum_Wage,0,0,77,0,5,republican,control
Immigration,0,1,63,1,5,republican,control
School_Guns,0,1,41,0,1,independent,control
Guns_Background,1,1,42,1,5,republican,control
Abortion,1,1,56,0,1,democrat,control
Immigration,0,1,34,0,4,democrat,libtrump
Health_Care,1,1,56,0,1,democrat,control
School_Guns,1,1,33,0,1,democrat,control
School_Guns,0,1,31,1,5,republican,control
Guns_Background,1,1,22,0,3,democrat,control
Planned_Parenthood,1,0,38,0,4,democrat,control
Iran_Agreement,1,1,73,0,1,democrat,control
School_Guns,1,0,27,0,2,republican,control
School_Guns,0,1,52,0,5,republican,control
Guns_Background,1,1,36,0,1,democrat,control
Climate_Change,1,1,63,0,1,independent,control
Health_Care,1,1,50,0,3,republican,control
Minimum_Wage,1,0,36,0,2,independent,control
Climate_Change,1,1,57,0,2,independent,libtrump
Iran_Agreement,0,1,63,0,5,republican,control
Health_Care,1,1,55,0,4,republican,control
Guns_Background,1,0,67,0,1,democrat,control
Guns_Background,1,0,39,0,1,democrat,control
Planned_Parenthood,1,1,47,1,1,independent,libtrump
Iran_Agreement,1,0,67,0,1,democrat,libtrump
Abortion,0,1,60,0,3,republican,control
Abortion,1,0,59,0,1,democrat,control
Tax_Increase,1,1,35,0,1,democrat,control
Immigration,1,1,26,0,3,republican,libtrump
Guns_Background,1,0,48,0,1,democrat,control
Abortion,0,1,61,0,4,republican,control
Climate_Change,1,0,27,0,2,republican,control
Planned_Parenthood,0,0,30,0,1,republican,control
Abortion,1,1,72,0,1,democrat,libtrump
Iran_Agreement,1,1,64,0,5,republican,libtrump
Minimum_Wage,1,1,32,1,1,democrat,control
Tax_Increase,1,1,64,0,4,republican,libtrump
Climate_Change,1,1,68,0,5,democrat,control
Iran_Agreement,1,1,70,1,4,republican,control
Immigration,1,0,43,0,2,democrat,libtrump
Planned_Parenthood,1,1,48,0,1,independent,libtrump
Guns_Background,1,1,32,0,1,democrat,control
Tax_Increase,1,1,56,0,5,republican,control
Iran_Agreement,1,1,60,0,1,democrat,control
Planned_Parenthood,0,1,69,0,5,independent,control
Immigration,0,0,42,0,1,democrat,control
Iran_Agreement,1,1,29,0,1,independent,libtrump
Planned_Parenthood,0,1,63,0,5,republican,control
Minimum_Wage,0,1,28,0,5,republican,control
Planned_Parenthood,1,0,59,0,2,democrat,control
Abortion,1,1,30,0,5,republican,control
Iran_Agreement,0,1,42,0,2,independent,libtrump
Immigration,1,0,28,0,2,democrat,control
Minimum_Wage,1,0,67,0,2,democrat,control
Tax_Increase,1,1,34,0,1,democrat,control
School_Guns,0,0,33,0,3,republican,control
Iran_Agreement,1,1,39,0,1,democrat,control
Climate_Change,0,0,20,0,1,independent,control
Health_Care,0,0,70,0,5,independent,control
Guns_Background,1,1,60,0,1,democrat,control
Climate_Change,1,1,52,0,1,democrat,libtrump
School_Guns,0,1,63,0,5,republican,control
Climate_Change,1,0,56,0,2,independent,control
Iran_Agreement,0,1,64,0,5,republican,control
Minimum_Wage,0,1,59,1,5,republican,control
Guns_Background,1,1,21,0,1,democrat,control
Planned_Parenthood,1,1,31,0,3,republican,control
Planned_Parenthood,1,0,67,0,1,democrat,control
Health_Care,1,1,58,1,4,republican,libtrump
Minimum_Wage,1,0,45,0,1,democrat,control
Tax_Increase,0,0,30,0,5,republican,control
Minimum_Wage,1,0,46,0,1,democrat,control
Iran_Agreement,1,1,60,1,5,republican,libtrump
Climate_Change,1,1,55,0,1,democrat,control
Immigration,0,1,37,0,1,independent,control
Health_Care,1,1,33,0,1,independent,control
Immigration,0,1,27,1,5,independent,libtrump
Tax_Increase,0,0,51,1,5,independent,libtrump
Guns_Background,1,1,29,0,5,republican,control
Climate_Change,1,1,57,0,1,democrat,libtrump
Tax_Increase,1,1,57,0,4,republican,control
Immigration,1,1,19,1,1,democrat,libtrump
Abortion,1,1,20,1,1,independent,control
Guns_Background,1,1,73,1,5,republican,control
Abortion,0,1,34,0,3,republican,control
Immigration,1,0,35,0,1,democrat,control
Iran_Agreement,1,1,57,0,5,independent,control
Iran_Agreement,1,1,20,0,5,republican,libtrump
Planned_Parenthood,1,1,59,1,1,democrat,libtrump
Climate_Change,1,0,64,0,1,democrat,control
Guns_Background,1,1,20,1,4,republican,control
Abortion,1,0,64,1,5,democrat,control
Minimum_Wage,1,0,22,1,1,democrat,control
Climate_Change,1,0,65,0,5,republican,control
Iran_Agreement,1,1,59,0,1,democrat,control
Minimum_Wage,1,0,64,0,1,democrat,control
Climate_Change,1,1,64,0,4,republican,control
Guns_Background,1,1,41,0,1,democrat,control
Tax_Increase,1,1,67,0,2,independent,control
Planned_Parenthood,1,1,52,0,1,independent,control
Immigration,0,1,42,1,1,democrat,control
Iran_Agreement,1,1,24,0,5,democrat,libtrump
Immigration,1,1,36,0,1,democrat,control
Guns_Background,1,1,63,0,5,democrat,control
Tax_Increase,1,1,54,0,5,republican,control
School_Guns,1,1,63,0,1,democrat,control
Climate_Change,1,1,47,1,4,republican,libtrump
Tax_Increase,1,1,42,0,1,democrat,control
Iran_Agreement,1,1,39,0,2,independent,control
Guns_Background,1,1,66,0,1,independent,control
Immigration,0,1,21,1,4,republican,libtrump
School_Guns,0,1,35,0,1,independent,control
Tax_Increase,0,1,63,0,5,republican,control
School_Guns,1,0,79,0,1,democrat,control
Immigration,0,1,62,1,1,democrat,control
Tax_Increase,1,1,48,0,1,independent,libtrump
Abortion,1,0,25,0,4,democrat,control
Iran_Agreement,1,1,51,0,4,republican,control
Climate_Change,1,1,28,0,1,democrat,control
School_Guns,0,1,39,0,3,republican,control
Health_Care,1,1,24,1,3,independent,libtrump
Abortion,1,1,73,1,5,republican,control
Climate_Change,0,1,75,0,5,republican,control
Immigration,1,1,33,0,1,democrat,control
Tax_Increase,0,0,36,0,1,democrat,control
Guns_Background,1,1,34,0,5,independent,control
Immigration,1,1,21,1,1,democrat,control
Tax_Increase,1,1,22,1,1,democrat,control
School_Guns,1,1,53,0,1,democrat,control
Immigration,0,1,38,0,4,republican,control
Abortion,1,1,52,0,1,democrat,control
Planned_Parenthood,0,1,59,0,5,republican,control
School_Guns,1,1,59,0,1,democrat,control
Health_Care,0,0,77,0,5,republican,control
Guns_Background,1,1,57,1,1,democrat,control
Planned_Parenthood,1,1,64,1,1,democrat,control
Planned_Parenthood,1,1,27,0,1,democrat,libtrump
Immigration,1,1,51,0,4,republican,libtrump
Iran_Agreement,1,0,57,0,1,democrat,libtrump
Abortion,1,1,57,1,1,democrat,control
Immigration,1,0,66,0,1,democrat,control
Immigration,1,1,34,0,1,democrat,libtrump
Abortion,1,1,60,0,3,independent,control
School_Guns,1,0,36,1,1,democrat,control
Abortion,0,1,61,0,4,republican,libtrump
Climate_Change,0,1,52,1,4,independent,control
Climate_Change,1,1,60,0,5,republican,control
School_Guns,0,1,57,1,1,democrat,libtrump
Climate_Change,1,0,25,1,1,democrat,control
Planned_Parenthood,1,1,64,0,1,democrat,control
Tax_Increase,0,1,75,0,5,republican,control
Tax_Increase,0,1,59,0,5,republican,control
Tax_Increase,1,1,46,0,1,democrat,control
Health_Care,0,1,61,1,5,republican,control
Planned_Parenthood,0,1,27,0,2,republican,control
Tax_Increase,1,1,59,0,1,democrat,control
Climate_Change,0,1,58,0,4,democrat,control
Immigration,0,1,28,0,4,republican,libtrump
Iran_Agreement,1,1,37,1,1,democrat,control
Climate_Change,1,0,37,0,1,democrat,libtrump
Health_Care,1,1,51,0,1,republican,control
Iran_Agreement,1,1,52,0,5,republican,control
Guns_Background,1,1,72,0,4,republican,control
Abortion,1,1,72,0,1,democrat,control
Climate_Change,1,1,26,1,1,democrat,libtrump
Climate_Change,0,1,78,0,3,independent,control
Minimum_Wage,1,1,41,0,5,republican,libtrump
Guns_Background,1,0,30,1,4,independent,control
Planned_Parenthood,0,1,47,0,5,republican,libtrump
Guns_Background,1,0,56,0,2,democrat,control
School_Guns,1,0,62,0,2,democrat,libtrump
Planned_Parenthood,1,0,36,1,1,democrat,control
Abortion,1,1,50,1,4,independent,control
Tax_Increase,0,1,27,0,3,republican,libtrump
Planned_Parenthood,1,1,36,1,1,democrat,control
Iran_Agreement,0,1,47,0,3,independent,libtrump
Health_Care,1,1,27,0,5,independent,control
Health_Care,0,1,64,0,4,republican,libtrump
Tax_Increase,1,1,67,0,3,republican,control
Planned_Parenthood,0,0,30,0,5,republican,control
Guns_Background,1,1,64,1,4,republican,control
Health_Care,1,0,25,0,1,democrat,control
Abortion,1,1,42,0,2,independent,control
Abortion,1,1,59,0,1,democrat,control
Abortion,1,1,22,1,1,democrat,control
Tax_Increase,0,1,51,1,4,republican,libtrump
Iran_Agreement,1,1,55,0,4,republican,control
Planned_Parenthood,0,1,83,0,5,republican,control
Abortion,0,1,63,0,5,republican,control
Tax_Increase,1,1,58,0,5,republican,control
Minimum_Wage,0,1,59,1,5,democrat,control
Guns_Background,1,0,30,0,1,republican,control
School_Guns,0,1,45,0,2,republican,control
Immigration,0,1,55,0,4,republican,control
Minimum_Wage,1,0,40,0,1,democrat,control
Guns_Background,1,0,38,0,1,democrat,control
Iran_Agreement,0,1,70,0,5,republican,control
Minimum_Wage,1,0,19,0,3,democrat,libtrump
Guns_Background,1,1,51,0,2,democrat,control
School_Guns,0,1,57,1,3,republican,control
Planned_Parenthood,1,1,33,0,1,independent,control
Planned_Parenthood,0,1,27,1,5,independent,libtrump
Climate_Change,1,0,25,0,1,democrat,control
Abortion,0,0,53,1,5,republican,control
Minimum_Wage,1,1,64,1,1,democrat,control
Immigration,1,1,57,0,2,independent,libtrump
Iran_Agreement,1,1,59,1,1,democrat,libtrump
Climate_Change,0,0,58,1,5,republican,control
Iran_Agreement,0,1,33,0,1,democrat,control
Health_Care,1,0,22,1,1,democrat,control
Iran_Agreement,1,0,67,0,1,democrat,control
School_Guns,0,0,53,1,2,democrat,libtrump
Abortion,1,1,51,1,5,republican,control
School_Guns,1,1,50,1,1,democrat,control
School_Guns,1,1,27,0,2,independent,libtrump
Planned_Parenthood,0,1,57,0,5,independent,control
School_Guns,1,1,28,0,1,independent,control
Climate_Change,1,1,32,0,5,republican,libtrump
School_Guns,0,1,75,0,5,republican,control
Health_Care,1,1,31,1,1,democrat,control
Guns_Background,1,1,40,0,5,republican,libtrump
Health_Care,1,1,43,0,4,democrat,control
Health_Care,1,1,33,0,1,democrat,control
School_Guns,0,1,38,0,5,republican,control
Guns_Background,1,1,37,0,5,republican,control
Iran_Agreement,0,1,28,0,5,republican,control
Health_Care,1,0,38,0,1,democrat,control
Abortion,1,1,58,1,5,republican,libtrump
Health_Care,1,1,62,1,1,democrat,control
School_Guns,1,1,36,0,2,independent,control
Iran_Agreement,1,0,47,1,1,independent,control
Iran_Agreement,1,0,67,0,2,democrat,control
Climate_Change,1,1,38,1,1,democrat,libtrump
School_Guns,1,0,40,0,4,democrat,control
Health_Care,1,1,32,0,1,democrat,control
Climate_Change,1,1,64,1,1,democrat,control
Guns_Background,0,1,41,0,1,independent,control
Guns_Background,1,0,77,0,4,republican,libtrump
Health_Care,1,1,72,0,1,democrat,control
Tax_Increase,1,0,47,0,5,republican,control
Tax_Increase,1,0,39,0,5,democrat,control
Climate_Change,1,1,29,0,1,independent,libtrump
Guns_Background,1,1,25,0,3,republican,libtrump
Immigration,1,1,34,0,1,republican,control
Abortion,1,1,37,1,1,democrat,control
Minimum_Wage,0,1,57,0,5,independent,control
Health_Care,0,1,69,0,5,republican,control
Planned_Parenthood,1,0,30,0,5,democrat,control
Minimum_Wage,1,1,56,0,1,democrat,control
Tax_Increase,1,1,37,1,1,republican,control
Planned_Parenthood,1,1,26,0,1,democrat,control
Climate_Change,1,1,63,0,4,republican,libtrump
Immigration,1,1,63,0,5,democrat,control
Planned_Parenthood,0,1,53,1,4,republican,control
Tax_Increase,1,0,57,0,1,democrat,libtrump
Climate_Change,1,1,26,0,2,democrat,control
Tax_Increase,1,1,67,0,1,democrat,libtrump
Abortion,1,1,67,1,1,democrat,control
Climate_Change,1,1,26,0,1,democrat,control
Immigration,1,0,60,0,1,democrat,libtrump
Climate_Change,1,0,29,0,2,democrat,control
School_Guns,1,1,68,0,2,democrat,libtrump
Immigration,1,0,59,1,1,democrat,control
Guns_Background,1,1,35,0,1,democrat,control
Health_Care,1,1,35,1,1,democrat,control
Planned_Parenthood,0,1,22,0,2,democrat,control
Iran_Agreement,0,1,71,0,4,republican,libtrump
Tax_Increase,1,0,33,0,3,democrat,control
School_Guns,0,0,25,0,4,democrat,control
Minimum_Wage,1,0,57,0,1,democrat,libtrump
Health_Care,1,1,32,0,1,democrat,libtrump
Climate_Change,1,1,53,0,1,democrat,control
Abortion,1,1,57,0,4,republican,control
Tax_Increase,1,1,71,0,1,republican,control
Immigration,1,1,60,0,5,independent,control
Minimum_Wage,0,1,52,1,4,republican,libtrump
Guns_Background,1,1,61,1,5,republican,control
Planned_Parenthood,1,1,41,0,4,republican,libtrump
Immigration,0,1,56,0,2,independent,control
Climate_Change,1,1,43,0,5,independent,control
School_Guns,1,1,25,0,2,independent,control
Planned_Parenthood,1,1,28,0,3,independent,control
School_Guns,1,1,58,0,4,republican,control
Climate_Change,0,1,36,1,4,republican,control
Minimum_Wage,0,0,37,0,1,democrat,control
Minimum_Wage,1,1,57,0,1,democrat,control
Guns_Background,1,1,34,0,1,republican,control
Guns_Background,1,0,49,1,1,democrat,control
Iran_Agreement,0,1,59,0,5,republican,control
Climate_Change,1,1,33,0,1,democrat,libtrump
Guns_Background,1,0,60,1,1,democrat,control
Health_Care,1,1,64,1,1,democrat,control
Health_Care,1,1,26,0,1,democrat,control
Iran_Agreement,1,1,42,1,1,democrat,control
Minimum_Wage,1,1,71,0,1,democrat,libtrump
Immigration,1,1,59,0,1,democrat,control
Iran_Agreement,1,1,33,0,1,independent,control
Planned_Parenthood,1,1,40,0,1,democrat,control
Health_Care,1,1,53,0,1,democrat,control
Tax_Increase,1,0,68,0,1,democrat,control
Climate_Change,0,0,31,0,1,independent,control
Immigration,1,1,31,0,1,democrat,libtrump
Tax_Increase,1,0,34,0,1,democrat,control
Health_Care,0,0,42,0,1,democrat,control
Guns_Background,1,1,60,1,1,democrat,control
Abortion,1,1,55,0,1,democrat,control
Abortion,0,1,58,0,5,republican,control
Guns_Background,1,1,71,0,1,independent,control
School_Guns,0,1,38,0,4,republican,control
Climate_Change,1,1,57,1,1,democrat,control
Guns_Background,1,0,64,0,1,democrat,control
School_Guns,0,1,71,0,4,republican,libtrump
Planned_Parenthood,0,1,76,0,5,republican,control
Minimum_Wage,1,0,77,0,5,republican,control
Guns_Background,1,1,60,1,1,democrat,control
Minimum_Wage,1,1,76,0,5,republican,libtrump
School_Guns,1,1,46,0,1,democrat,control
School_Guns,1,1,47,0,2,democrat,control
Guns_Background,1,1,42,0,5,republican,control
School_Guns,1,0,46,0,1,democrat,control
Guns_Background,1,1,36,0,2,independent,control
Climate_Change,1,0,22,0,3,republican,control
Guns_Background,1,0,64,0,1,democrat,control
Guns_Background,1,1,68,0,2,democrat,libtrump
School_Guns,0,1,69,0,5,republican,control
Minimum_Wage,1,0,58,1,3,democrat,control
Guns_Background,1,1,51,0,1,republican,control
Minimum_Wage,1,0,60,1,1,democrat,control
School_Guns,1,1,38,1,1,democrat,libtrump
Climate_Change,1,1,48,1,1,democrat,control
Iran_Agreement,1,1,42,0,1,democrat,libtrump
Minimum_Wage,1,0,47,0,5,republican,control
Tax_Increase,1,1,38,1,1,democrat,control
Tax_Increase,1,0,39,0,1,democrat,control
Guns_Background,0,1,57,0,2,independent,libtrump
Minimum_Wage,0,1,61,0,3,republican,control
Climate_Change,1,1,27,0,1,democrat,libtrump
Health_Care,0,0,67,0,1,democrat,libtrump
Planned_Parenthood,1,1,52,0,2,independent,libtrump
Tax_Increase,1,1,36,0,1,democrat,control
Planned_Parenthood,1,1,42,0,1,independent,control
Minimum_Wage,0,0,51,0,2,republican,control
School_Guns,1,1,32,0,1,democrat,libtrump
Health_Care,1,1,57,1,1,democrat,control
Iran_Agreement,1,1,52,0,1,independent,control
Iran_Agreement,1,0,30,0,1,republican,control
Abortion,1,1,44,0,1,democrat,control
Guns_Background,1,0,30,0,5,democrat,control
School_Guns,0,1,47,0,5,republican,libtrump
School_Guns,1,1,62,1,1,democrat,control
Guns_Background,1,1,69,0,5,independent,control
Minimum_Wage,0,1,41,0,1,republican,libtrump
Climate_Change,1,1,59,0,1,democrat,control
Planned_Parenthood,0,1,35,0,4,republican,libtrump
Planned_Parenthood,0,1,75,0,5,republican,control
Climate_Change,0,1,59,1,5,democrat,control
Health_Care,0,1,61,0,4,republican,control
Minimum_Wage,1,1,57,1,5,republican,control
School_Guns,0,1,25,0,3,republican,libtrump
Tax_Increase,1,0,56,0,2,democrat,control
Tax_Increase,1,1,53,0,1,democrat,control
Climate_Change,0,1,27,0,3,republican,libtrump
Iran_Agreement,1,1,85,0,5,republican,control
Planned_Parenthood,0,1,69,0,5,republican,control
Health_Care,1,1,62,0,1,democrat,control
School_Guns,0,1,42,1,2,democrat,control
Abortion,1,0,57,0,1,democrat,libtrump
Iran_Agreement,1,1,43,0,1,independent,libtrump
Guns_Background,1,1,42,0,1,independent,control
Tax_Increase,0,0,30,0,5,democrat,control
Abortion,1,1,29,0,5,republican,libtrump
Planned_Parenthood,1,0,38,0,1,democrat,control
Climate_Change,1,1,34,0,1,democrat,control
Climate_Change,1,1,62,1,1,democrat,control
Climate_Change,1,0,42,0,1,democrat,libtrump
Planned_Parenthood,0,1,53,1,5,republican,control
Minimum_Wage,1,0,54,0,1,democrat,control
Climate_Change,0,1,53,1,5,republican,control
Immigration,0,1,63,0,1,democrat,control
Planned_Parenthood,1,0,37,0,1,democrat,libtrump
Climate_Change,1,1,33,0,1,independent,control
Immigration,0,1,42,1,5,democrat,libtrump
Health_Care,1,0,38,0,1,democrat,control
Planned_Parenthood,0,0,50,0,2,independent,control
Climate_Change,0,1,51,1,5,republican,control
Guns_Background,1,1,55,0,4,independent,libtrump
Guns_Background,1,1,42,1,1,democrat,control
Guns_Background,1,1,48,0,3,independent,libtrump
Tax_Increase,1,0,54,0,1,democrat,control
Guns_Background,1,0,62,0,1,democrat,libtrump
Health_Care,1,1,27,0,4,independent,control
Planned_Parenthood,0,1,42,0,4,republican,control
Immigration,0,1,25,0,3,independent,libtrump
Climate_Change,0,0,51,0,2,republican,control
School_Guns,0,1,58,1,4,independent,libtrump
Guns_Background,0,1,75,0,5,republican,control
Planned_Parenthood,1,0,51,0,1,democrat,control
School_Guns,0,1,50,1,3,republican,control
Health_Care,1,1,25,0,3,republican,control
Health_Care,0,1,60,0,1,republican,control
School_Guns,1,1,70,1,1,democrat,libtrump
Minimum_Wage,1,1,24,0,1,democrat,control
Iran_Agreement,1,1,56,0,1,democrat,control
Iran_Agreement,1,0,29,0,2,democrat,control
Health_Care,0,1,48,0,3,independent,libtrump
Minimum_Wage,1,1,60,0,5,republican,libtrump
Tax_Increase,1,1,59,0,4,republican,control
Guns_Background,1,0,25,1,1,democrat,control
School_Guns,0,1,43,1,4,republican,control
Immigration,0,1,62,0,5,republican,control
Guns_Background,1,1,26,0,2,democrat,control
Abortion,1,1,71,0,1,democrat,libtrump
Immigration,1,0,31,0,2,democrat,control
Climate_Change,1,1,39,0,3,republican,control
Guns_Background,1,1,71,0,1,democrat,control
Health_Care,1,1,19,1,1,democrat,libtrump
Immigration,1,0,24,0,1,democrat,control
Tax_Increase,1,1,64,1,1,democrat,control
School_Guns,0,1,37,0,5,republican,control
Planned_Parenthood,0,1,52,1,4,independent,control
Climate_Change,0,1,63,1,5,republican,control
Guns_Background,1,1,62,1,1,democrat,control
Planned_Parenthood,0,1,53,0,3,republican,control
School_Guns,1,1,56,0,1,democrat,control
Minimum_Wage,1,1,55,1,1,democrat,libtrump
School_Guns,0,1,63,0,5,republican,control
Guns_Background,1,1,54,1,4,republican,control
Iran_Agreement,1,1,57,0,1,democrat,control
Tax_Increase,1,1,60,0,3,republican,control
Iran_Agreement,1,1,63,0,1,independent,control
School_Guns,1,1,62,1,1,democrat,control
Abortion,0,0,30,0,1,republican,control
Planned_Parenthood,0,1,51,0,2,democrat,control
Iran_Agreement,1,1,31,1,5,republican,control
Health_Care,1,1,61,1,1,democrat,control
Health_Care,1,1,64,1,5,republican,libtrump
Immigration,1,1,79,0,1,democrat,libtrump
Planned_Parenthood,1,0,36,0,1,democrat,control
Guns_Background,0,1,82,0,4,republican,control
Climate_Change,1,0,27,0,1,independent,control
Tax_Increase,1,1,52,0,1,independent,control
Health_Care,1,1,60,0,4,democrat,libtrump
Health_Care,1,1,51,0,4,independent,control
Abortion,1,1,35,0,3,republican,libtrump
Climate_Change,1,0,40,0,1,democrat,control
Guns_Background,1,1,27,1,1,independent,control
Planned_Parenthood,1,0,51,0,3,republican,control
Minimum_Wage,0,1,82,1,4,republican,control
Abortion,0,1,63,0,5,republican,control
Planned_Parenthood,0,1,37,0,5,republican,control
Abortion,1,1,63,0,5,republican,control
Iran_Agreement,1,1,39,0,3,independent,control
Health_Care,1,1,64,1,4,republican,libtrump
Immigration,0,1,58,1,5,republican,libtrump
Iran_Agreement,1,1,52,1,4,republican,libtrump
School_Guns,0,1,51,1,4,republican,libtrump
School_Guns,1,1,29,0,3,independent,control
Guns_Background,1,1,70,0,5,republican,control
School_Guns,1,1,62,0,1,democrat,control
Tax_Increase,1,1,70,0,1,independent,control
Planned_Parenthood,1,0,64,1,5,democrat,control
Guns_Background,1,0,25,0,2,independent,control
Planned_Parenthood,1,1,70,0,1,independent,control
School_Guns,1,0,67,0,1,democrat,libtrump
Immigration,1,1,62,0,1,democrat,control
Planned_Parenthood,0,1,40,0,4,republican,control
Planned_Parenthood,1,1,35,1,1,democrat,control
Guns_Background,1,1,28,0,1,independent,libtrump
Health_Care,1,0,53,0,1,democrat,control
Minimum_Wage,1,1,80,0,1,democrat,control
Planned_Parenthood,0,1,64,1,4,republican,control
Minimum_Wage,1,1,64,0,4,republican,control
School_Guns,1,0,42,0,2,democrat,control
School_Guns,1,1,62,0,3,republican,control
Guns_Background,1,1,33,0,4,independent,libtrump
Planned_Parenthood,0,1,75,0,5,republican,control
Iran_Agreement,1,1,56,0,1,democrat,control
Tax_Increase,0,1,75,0,4,republican,control
Iran_Agreement,0,1,28,0,1,independent,libtrump
Iran_Agreement,1,1,24,0,5,republican,control
Climate_Change,0,1,60,0,5,republican,libtrump
Climate_Change,0,1,47,0,3,independent,libtrump
Abortion,1,1,20,0,1,democrat,control
Tax_Increase,1,1,37,0,5,republican,control
Climate_Change,0,1,57,1,4,republican,control
Iran_Agreement,1,1,42,1,2,democrat,control
Iran_Agreement,1,0,45,0,1,democrat,control
Iran_Agreement,1,1,56,0,1,democrat,control
Health_Care,1,1,36,1,1,democrat,control
Guns_Background,1,1,82,1,4,republican,control
Abortion,1,1,45,0,2,republican,control
Health_Care,0,1,57,0,5,independent,control
Tax_Increase,0,1,48,0,3,independent,libtrump
Guns_Background,0,1,51,1,4,republican,libtrump
School_Guns,0,1,60,0,5,independent,control
Guns_Background,1,0,45,0,1,democrat,control
Immigration,0,1,57,1,1,democrat,libtrump
Iran_Agreement,0,1,61,0,4,republican,control
Health_Care,0,1,28,0,5,republican,control
Minimum_Wage,1,0,65,0,5,republican,control
Minimum_Wage,1,1,42,0,4,independent,libtrump
Planned_Parenthood,1,0,25,0,4,republican,libtrump
School_Guns,1,1,41,0,4,republican,libtrump
Abortion,1,1,39,0,3,republican,control
Tax_Increase,1,1,60,0,3,independent,control
Tax_Increase,1,1,29,0,5,republican,libtrump
Climate_Change,1,0,25,0,2,independent,control
Planned_Parenthood,0,1,82,0,4,republican,control
Health_Care,1,0,25,0,4,democrat,control
Tax_Increase,1,1,62,0,1,democrat,control
Immigration,1,1,28,0,1,democrat,control
Minimum_Wage,0,1,63,1,5,republican,control
Minimum_Wage,1,1,64,0,5,republican,libtrump
Abortion,1,0,64,0,1,democrat,control
Planned_Parenthood,1,1,38,1,1,democrat,control
Tax_Increase,1,0,19,0,1,independent,libtrump
Planned_Parenthood,1,0,47,1,1,independent,control
Tax_Increase,1,0,69,0,1,democrat,control
Immigration,1,1,22,0,2,democrat,control
Guns_Background,0,0,63,1,5,independent,control
Planned_Parenthood,0,0,70,0,5,independent,control
Minimum_Wage,1,0,51,0,3,republican,control
Tax_Increase,1,1,42,0,4,independent,libtrump
Immigration,1,1,61,1,4,republican,control
Climate_Change,1,1,57,1,5,republican,control
Climate_Change,1,1,29,0,1,democrat,control
Iran_Agreement,1,1,40,0,4,republican,libtrump
Health_Care,0,1,27,1,1,independent,control
School_Guns,1,0,19,0,3,democrat,libtrump
Iran_Agreement,1,1,48,0,1,independent,libtrump
Minimum_Wage,1,1,31,0,1,democrat,libtrump
Tax_Increase,1,1,42,0,1,democrat,libtrump
Immigration,1,1,24,1,3,independent,libtrump
Guns_Background,1,1,63,0,1,democrat,control
Climate_Change,1,1,55,1,1,democrat,libtrump
Health_Care,0,1,51,0,4,republican,control
Iran_Agreement,1,1,64,0,4,democrat,control
Planned_Parenthood,0,1,70,1,4,republican,control
Health_Care,1,1,57,0,4,democrat,control
Planned_Parenthood,0,1,28,0,4,republican,libtrump
Immigration,1,0,56,0,2,independent,control
Tax_Increase,1,1,57,1,1,democrat,control
Abortion,1,0,77,0,4,republican,libtrump
Minimum_Wage,0,1,59,0,5,republican,control
Immigration,1,0,57,0,1,democrat,libtrump
Planned_Parenthood,0,1,67,1,4,independent,control
Iran_Agreement,1,1,35,0,1,independent,control
Iran_Agreement,1,1,50,1,4,independent,control
Health_Care,1,1,32,0,1,independent,control
Abortion,1,1,72,0,4,republican,control
Minimum_Wage,0,1,27,0,2,republican,control
School_Guns,0,1,28,0,5,democrat,libtrump
Abortion,1,1,38,1,1,democrat,libtrump
Planned_Parenthood,1,1,59,0,1,democrat,control
School_Guns,0,1,53,1,4,republican,control
Minimum_Wage,1,1,26,0,1,democrat,libtrump
Immigration,1,1,43,0,4,democrat,control
Abortion,0,1,65,0,5,republican,control
Planned_Parenthood,1,0,40,0,3,independent,libtrump
Planned_Parenthood,1,1,76,1,1,democrat,libtrump
School_Guns,0,1,61,0,4,republican,control
Immigration,0,1,64,0,4,republican,control
Planned_Parenthood,1,1,55,0,1,democrat,control
Guns_Background,1,1,28,0,5,republican,control
Guns_Background,1,1,57,0,1,democrat,libtrump
Health_Care,1,1,48,0,3,democrat,control
Planned_Parenthood,0,1,62,0,4,republican,libtrump
Planned_Parenthood,1,1,41,0,1,democrat,control
Tax_Increase,1,1,56,0,2,independent,control
School_Guns,1,0,34,0,5,republican,control
Immigration,0,1,60,0,1,republican,control
Immigration,0,1,78,0,4,republican,control
Planned_Parenthood,1,1,32,0,1,democrat,libtrump
Planned_Parenthood,1,1,68,0,5,democrat,control
Minimum_Wage,1,0,30,1,4,independent,control
Health_Care,1,0,34,0,2,democrat,control
Abortion,1,1,64,1,5,republican,libtrump
Climate_Change,1,1,31,0,2,independent,libtrump
Minimum_Wage,0,0,30,0,5,republican,control
Climate_Change,0,1,48,1,4,republican,control
Minimum_Wage,1,1,61,1,5,republican,control
Iran_Agreement,1,1,28,0,4,republican,libtrump
School_Guns,1,1,43,0,1,democrat,control
Planned_Parenthood,0,1,77,0,4,republican,libtrump
Tax_Increase,1,0,25,1,1,democrat,control
Planned_Parenthood,0,0,77,0,4,republican,libtrump
Health_Care,1,1,68,0,1,democrat,control
Immigration,0,1,56,1,5,republican,libtrump
Iran_Agreement,1,1,52,0,1,democrat,control
Climate_Change,0,1,69,0,5,independent,control
Minimum_Wage,1,1,42,1,5,republican,control
School_Guns,0,1,60,1,5,republican,libtrump
Immigration,1,1,76,1,1,democrat,libtrump
School_Guns,1,0,24,0,1,democrat,control
Abortion,1,1,66,1,5,republican,control
Minimum_Wage,0,1,61,0,4,republican,control
Climate_Change,0,1,53,1,4,republican,control
Iran_Agreement,1,1,27,1,5,independent,libtrump
Tax_Increase,0,1,82,1,4,republican,control
Guns_Background,0,0,20,0,1,independent,control
Iran_Agreement,0,0,46,0,1,democrat,control
School_Guns,0,1,36,0,2,independent,control
Guns_Background,1,0,24,0,1,democrat,control
Guns_Background,1,1,56,0,1,democrat,control
Minimum_Wage,0,1,27,0,3,republican,libtrump
Abortion,1,0,35,0,1,democrat,control
Minimum_Wage,1,0,64,0,1,democrat,control
Abortion,1,1,76,0,3,independent,control
Health_Care,0,1,31,0,2,independent,libtrump
Health_Care,1,1,33,0,4,independent,libtrump
Health_Care,1,1,26,0,1,democrat,libtrump
Climate_Change,0,1,63,0,5,republican,control
Minimum_Wage,1,0,22,0,1,republican,control
Climate_Change,0,0,51,0,3,republican,control
Tax_Increase,1,1,58,0,4,republican,control
Iran_Agreement,1,1,27,0,5,republican,control
Tax_Increase,1,0,34,0,2,democrat,control
Health_Care,0,1,68,0,2,democrat,libtrump
Tax_Increase,0,1,74,1,5,republican,control
Abortion,1,0,37,0,1,democrat,control
Minimum_Wage,1,1,22,0,2,democrat,control
Climate_Change,0,1,31,0,3,republican,control
Abortion,0,1,29,0,5,republican,control
School_Guns,0,1,26,0,1,democrat,control
Climate_Change,0,1,75,0,4,republican,control
Tax_Increase,1,1,45,0,2,republican,control
Abortion,1,1,26,0,1,democrat,libtrump
Guns_Background,0,1,52,1,4,republican,libtrump
Health_Care,0,1,36,1,4,republican,control
Immigration,1,1,59,0,1,democrat,control
Immigration,0,0,31,0,5,independent,control
Guns_Background,1,1,56,0,4,republican,control
Planned_Parenthood,1,0,24,0,1,democrat,control
Iran_Agreement,1,1,33,0,1,independent,libtrump
Immigration,0,0,53,1,5,republican,control
School_Guns,1,1,22,0,2,democrat,control
Health_Care,1,1,64,1,1,independent,control
Immigration,1,1,28,0,5,republican,control
Planned_Parenthood,0,1,56,1,5,republican,libtrump
Planned_Parenthood,1,1,34,0,1,democrat,control
School_Guns,1,1,55,0,4,independent,libtrump
School_Guns,1,0,43,0,1,democrat,control
Climate_Change,1,1,63,0,1,democrat,control
Abortion,0,1,58,0,4,democrat,control
Planned_Parenthood,0,1,38,0,1,independent,control
Planned_Parenthood,0,1,40,0,4,republican,libtrump
Minimum_Wage,1,1,47,0,2,democrat,control
Climate_Change,0,1,42,1,5,republican,control
Climate_Change,0,1,28,0,3,independent,control
Guns_Background,1,1,60,0,5,republican,control
Tax_Increase,1,1,28,0,4,independent,control
Abortion,1,1,49,0,3,republican,control
Guns_Background,1,1,69,0,1,democrat,control
Planned_Parenthood,1,1,57,0,1,democrat,libtrump
Minimum_Wage,1,0,25,0,4,democrat,control
Tax_Increase,1,1,34,0,5,independent,control
Health_Care,0,1,78,0,4,republican,control
Planned_Parenthood,0,1,62,0,5,republican,control
Abortion,1,1,75,0,5,republican,control
Climate_Change,1,1,36,1,1,democrat,control
Guns_Background,1,1,62,1,1,democrat,control
Tax_Increase,0,1,52,1,4,independent,control
Abortion,1,1,21,1,1,democrat,control
Guns_Background,1,0,58,1,3,democrat,control
Minimum_Wage,1,1,31,1,1,democrat,control
Immigration,1,0,40,0,4,democrat,control
Guns_Background,1,1,20,1,1,independent,control
School_Guns,1,0,64,0,1,democrat,control
Planned_Parenthood,1,1,69,0,1,independent,control
Iran_Agreement,1,1,64,1,1,democrat,control
Tax_Increase,1,1,27,0,5,republican,control
Minimum_Wage,1,1,35,0,1,democrat,control
Climate_Change,0,1,62,0,5,republican,control
School_Guns,0,1,60,0,5,republican,libtrump
Immigration,0,1,27,0,5,republican,control
Tax_Increase,1,1,31,0,3,republican,control
Minimum_Wage,0,0,38,0,1,democrat,control
Climate_Change,0,1,51,0,4,republican,control
Immigration,1,0,50,0,2,independent,control
Abortion,0,1,42,0,5,republican,control
Tax_Increase,0,1,62,0,4,republican,libtrump
School_Guns,0,1,54,0,5,republican,control
Planned_Parenthood,0,1,43,0,5,republican,control
Tax_Increase,1,1,27,0,1,democrat,control
Abortion,1,1,68,0,2,democrat,libtrump
Minimum_Wage,1,1,42,1,1,democrat,control
Abortion,1,1,77,0,4,republican,libtrump
Climate_Change,1,1,21,1,1,democrat,control
Tax_Increase,1,0,59,1,1,democrat,control
Guns_Background,0,1,63,1,5,republican,control
Iran_Agreement,1,1,22,1,1,democrat,control
Iran_Agreement,1,1,61,0,4,republican,libtrump
Climate_Change,1,1,46,0,1,democrat,control
School_Guns,0,1,43,0,5,independent,control
School_Guns,0,1,52,0,1,democrat,libtrump
Climate_Change,1,0,67,0,1,democrat,libtrump
School_Guns,1,1,48,0,3,democrat,control
Planned_Parenthood,1,1,39,0,1,democrat,control
Climate_Change,1,1,42,0,1,independent,control
Planned_Parenthood,1,1,24,0,1,democrat,control
Minimum_Wage,1,1,64,1,5,republican,libtrump
Immigration,1,1,42,0,1,independent,control
Iran_Agreement,1,1,20,0,1,democrat,control
Planned_Parenthood,1,0,59,1,1,democrat,control
Climate_Change,1,1,60,1,5,republican,libtrump
School_Guns,0,1,27,0,5,independent,control
Minimum_Wage,0,1,31,1,1,democrat,control
School_Guns,0,1,40,0,4,republican,libtrump
Guns_Background,1,1,60,0,4,republican,libtrump
Minimum_Wage,0,1,53,0,5,republican,control
Minimum_Wage,1,1,43,0,5,independent,control
Minimum_Wage,1,1,53,1,4,republican,control
Guns_Background,1,1,76,0,5,republican,control
Iran_Agreement,1,1,61,1,5,republican,control
Minimum_Wage,1,1,53,0,3,democrat,libtrump
Immigration,0,1,48,0,3,independent,libtrump
Abortion,1,1,29,0,1,democrat,control
Iran_Agreement,1,1,66,0,1,democrat,control
Minimum_Wage,1,1,74,0,5,republican,libtrump
Minimum_Wage,0,1,62,1,1,democrat,control
Climate_Change,1,1,24,0,1,democrat,control
Health_Care,1,0,59,0,2,democrat,control
Guns_Background,1,1,76,1,1,democrat,libtrump
Immigration,0,1,65,0,5,republican,control
Abortion,0,1,24,0,5,democrat,libtrump
Minimum_Wage,0,1,48,0,3,independent,libtrump
Abortion,1,1,46,0,1,democrat,control
School_Guns,0,1,68,0,4,republican,control
Immigration,0,1,22,0,3,democrat,control
Minimum_Wage,1,1,26,0,1,democrat,libtrump
Iran_Agreement,1,0,20,0,3,independent,control
School_Guns,1,0,67,0,1,democrat,control
Health_Care,1,0,49,1,4,independent,control
Minimum_Wage,0,1,25,0,3,independent,libtrump
Tax_Increase,1,1,72,0,5,republican,control
Abortion,1,1,41,0,1,democrat,control
Tax_Increase,1,0,43,0,1,democrat,control
Guns_Background,1,0,40,0,3,independent,libtrump
Climate_Change,1,1,56,0,2,independent,control
Climate_Change,1,1,52,0,1,independent,control
Tax_Increase,1,0,28,0,4,democrat,control
Health_Care,1,0,35,0,1,democrat,control
Climate_Change,1,1,25,0,3,republican,libtrump
Abortion,0,1,27,1,5,independent,libtrump
Climate_Change,1,1,74,0,5,republican,libtrump
Iran_Agreement,1,1,59,0,3,independent,libtrump
School_Guns,1,1,72,0,1,democrat,control
School_Guns,1,1,36,0,1,democrat,control
Tax_Increase,1,1,52,0,1,democrat,control
Iran_Agreement,1,1,27,0,2,independent,libtrump
Planned_Parenthood,1,1,64,0,1,independent,libtrump
Health_Care,1,0,35,0,1,democrat,control
Health_Care,1,1,57,1,1,democrat,control
Planned_Parenthood,0,1,58,0,4,democrat,control
Iran_Agreement,0,1,26,0,3,republican,libtrump
Minimum_Wage,0,1,75,0,5,republican,control
Minimum_Wage,0,0,29,0,3,democrat,control
Minimum_Wage,0,1,27,0,2,independent,libtrump
Tax_Increase,0,1,74,1,5,independent,control
Tax_Increase,1,0,64,0,1,democrat,control
Guns_Background,1,0,27,0,3,independent,control
Planned_Parenthood,0,1,70,0,4,republican,libtrump
Iran_Agreement,1,1,51,0,2,democrat,control
Abortion,1,0,43,0,3,independent,control
Planned_Parenthood,1,1,59,1,5,republican,libtrump
Iran_Agreement,1,1,27,0,1,democrat,libtrump
Tax_Increase,1,1,32,0,1,democrat,libtrump
Tax_Increase,1,1,41,0,4,republican,libtrump
Health_Care,1,1,59,0,1,democrat,control
Minimum_Wage,1,1,29,1,1,democrat,control
Minimum_Wage,0,1,38,1,4,republican,control
Immigration,0,0,26,0,3,democrat,libtrump
Abortion,1,1,22,0,2,democrat,control
Health_Care,0,1,61,0,4,republican,control
Immigration,0,0,25,0,1,democrat,control
Climate_Change,1,0,23,0,3,democrat,libtrump
Iran_Agreement,0,1,61,0,4,republican,control
Abortion,1,1,42,0,1,independent,control
Health_Care,0,1,27,0,2,republican,control
Climate_Change,0,1,61,0,5,republican,control
Climate_Change,1,1,27,1,5,independent,libtrump
Tax_Increase,1,1,57,0,4,democrat,control
Climate_Change,1,1,61,0,1,democrat,control
Planned_Parenthood,0,1,85,0,5,republican,control
Guns_Background,1,1,83,1,5,republican,control
Immigration,1,1,42,1,1,democrat,control
Immigration,1,1,49,0,1,democrat,control
Tax_Increase,1,0,62,0,2,democrat,libtrump
Abortion,1,1,42,0,1,democrat,libtrump
Iran_Agreement,1,1,62,1,1,democrat,control
Abortion,0,1,20,0,4,republican,control
School_Guns,0,0,42,1,3,democrat,control
Guns_Background,0,1,42,0,2,independent,libtrump
Guns_Background,1,0,27,0,2,republican,control
Climate_Change,1,0,62,0,2,democrat,libtrump
Abortion,1,0,22,0,1,democrat,libtrump
Minimum_Wage,1,1,29,0,5,republican,libtrump
Planned_Parenthood,0,1,56,0,2,independent,control
Climate_Change,0,1,82,0,4,republican,control
Minimum_Wage,1,1,51,0,2,democrat,control
Iran_Agreement,1,1,43,1,5,republican,libtrump
Minimum_Wage,1,1,52,0,1,democrat,control
Health_Care,1,1,64,0,4,democrat,control
Abortion,1,1,52,0,1,democrat,control
Health_Care,0,1,82,0,5,republican,control
School_Guns,1,1,80,0,1,democrat,control
Minimum_Wage,1,0,28,0,2,democrat,control
Planned_Parenthood,0,1,61,0,3,republican,control
Iran_Agreement,0,0,51,0,2,republican,control
Immigration,1,1,64,1,1,democrat,control
Tax_Increase,0,1,63,0,5,republican,control
Planned_Parenthood,1,1,66,0,1,independent,control
Guns_Background,0,1,43,0,5,republican,control
Guns_Background,0,0,26,0,3,democrat,libtrump
Immigration,1,0,58,1,3,democrat,control
Tax_Increase,0,1,59,1,5,democrat,control
School_Guns,1,1,63,0,5,democrat,control
Iran_Agreement,1,1,42,0,1,democrat,libtrump
Climate_Change,1,0,57,0,1,democrat,libtrump
Immigration,0,1,61,1,5,republican,control
Guns_Background,1,1,44,0,3,republican,libtrump
Iran_Agreement,1,0,25,0,4,republican,libtrump
Iran_Agreement,0,1,57,0,5,independent,control
Tax_Increase,1,1,75,0,5,republican,control
Health_Care,1,1,40,0,1,democrat,control
Minimum_Wage,1,1,33,0,1,independent,libtrump
Minimum_Wage,1,1,67,1,4,independent,control
Minimum_Wage,1,1,61,0,1,democrat,control
Planned_Parenthood,1,0,37,0,1,democrat,libtrump
Immigration,1,0,36,1,1,democrat,control
Health_Care,1,0,42,1,3,democrat,control
Planned_Parenthood,1,0,44,0,1,democrat,control
Climate_Change,1,1,33,0,1,democrat,control
Abortion,0,1,78,0,4,republican,control
Immigration,1,1,56,0,1,democrat,control
Tax_Increase,0,1,22,1,1,independent,control
School_Guns,0,1,76,0,3,republican,control
Minimum_Wage,0,1,61,1,5,republican,control
Abortion,1,1,66,0,1,democrat,control
Tax_Increase,1,0,49,1,4,independent,control
Minimum_Wage,0,1,60,1,3,republican,control
Abortion,0,1,20,0,5,republican,libtrump
Minimum_Wage,1,1,52,0,1,democrat,libtrump
Abortion,0,1,58,0,4,republican,control
Minimum_Wage,1,1,47,1,1,independent,libtrump
Tax_Increase,1,1,51,0,4,independent,control
School_Guns,1,1,37,1,1,democrat,control
Iran_Agreement,1,1,34,0,1,democrat,libtrump
School_Guns,1,1,71,0,1,democrat,libtrump
Tax_Increase,1,1,42,0,1,independent,control
Abortion,0,1,60,0,2,democrat,control
Abortion,1,0,38,0,3,republican,control
Health_Care,1,0,57,0,1,democrat,libtrump
Planned_Parenthood,1,1,64,1,4,republican,libtrump
Guns_Background,0,0,70,0,5,independent,control
Health_Care,1,0,37,0,1,democrat,libtrump
Abortion,1,0,50,0,2,independent,control
Minimum_Wage,1,1,44,0,3,independent,control
Climate_Change,1,1,31,0,1,democrat,libtrump
Tax_Increase,0,1,43,0,2,republican,control
Minimum_Wage,0,1,54,1,4,republican,control
Iran_Agreement,1,1,57,1,5,republican,control
Tax_Increase,1,1,50,1,1,democrat,control
School_Guns,0,1,64,0,5,republican,control
Planned_Parenthood,0,0,62,0,2,democrat,libtrump
Immigration,0,1,55,0,4,independent,control
Tax_Increase,1,1,42,1,5,democrat,libtrump
Health_Care,1,0,60,0,5,republican,control
Tax_Increase,1,1,27,0,1,independent,control
Climate_Change,1,0,36,0,2,democrat,control
Immigration,1,0,51,0,3,republican,control
Immigration,1,1,67,0,1,democrat,libtrump
Iran_Agreement,1,1,42,0,1,independent,control
Iran_Agreement,1,0,37,0,1,democrat,libtrump
Planned_Parenthood,1,1,29,1,1,democrat,control
Health_Care,1,1,29,0,5,republican,control
Minimum_Wage,1,0,64,0,1,democrat,control
Climate_Change,1,0,22,0,1,democrat,libtrump
Iran_Agreement,1,1,55,0,1,democrat,control
Tax_Increase,1,1,76,0,5,republican,control
Iran_Agreement,1,1,48,0,1,republican,control
Climate_Change,1,0,32,0,1,democrat,control
School_Guns,0,1,65,0,5,republican,control
Planned_Parenthood,1,1,72,0,4,republican,control
Minimum_Wage,1,1,72,0,1,democrat,libtrump
Climate_Change,0,1,54,0,5,republican,control
Guns_Background,1,1,56,0,1,democrat,control
Guns_Background,0,1,54,0,5,republican,control
Climate_Change,1,1,34,0,3,republican,control
Immigration,0,1,67,1,4,independent,control
Abortion,1,0,64,0,1,democrat,control
Planned_Parenthood,0,1,22,0,3,democrat,control
Minimum_Wage,1,1,50,1,3,republican,control
Iran_Agreement,1,1,50,0,1,democrat,control
Abortion,1,1,76,0,5,republican,libtrump
Iran_Agreement,1,0,27,0,1,independent,control
Tax_Increase,1,1,52,0,1,democrat,control
Tax_Increase,1,1,60,1,3,republican,control
Health_Care,0,1,70,0,5,republican,control
Immigration,1,1,40,0,1,democrat,control
Planned_Parenthood,0,1,59,0,4,republican,control
Minimum_Wage,1,0,68,0,1,democrat,control
Tax_Increase,1,1,41,0,1,democrat,control
Planned_Parenthood,1,1,56,0,1,democrat,control
Tax_Increase,0,1,52,1,4,republican,libtrump
Health_Care,1,1,53,0,3,democrat,libtrump
School_Guns,0,1,27,1,5,independent,libtrump
Iran_Agreement,1,1,72,0,1,democrat,libtrump
School_Guns,1,0,89,0,1,democrat,control
Iran_Agreement,1,1,34,0,1,republican,control
Health_Care,1,1,27,0,1,democrat,control
Planned_Parenthood,0,1,74,0,5,republican,control
Abortion,1,1,62,0,5,republican,control
School_Guns,0,1,76,0,5,republican,control
Tax_Increase,1,0,25,1,1,democrat,control
Climate_Change,1,1,60,1,1,democrat,control
Health_Care,1,0,59,0,1,democrat,control
Abortion,0,1,64,0,4,democrat,libtrump
Guns_Background,1,1,64,1,1,democrat,control
Iran_Agreement,1,0,28,0,2,democrat,control
Abortion,1,1,52,0,1,democrat,libtrump
Health_Care,1,1,62,0,1,democrat,control
Abortion,1,1,58,1,4,republican,libtrump
Iran_Agreement,1,1,71,0,1,democrat,libtrump
School_Guns,0,1,26,0,1,democrat,libtrump
Immigration,1,1,64,1,4,republican,libtrump
School_Guns,0,1,29,0,1,democrat,control
Guns_Background,1,1,60,1,5,republican,libtrump
Climate_Change,1,1,61,0,4,republican,libtrump
Tax_Increase,1,1,38,0,5,republican,libtrump
Minimum_Wage,1,1,61,0,1,democrat,control
School_Guns,0,1,29,0,1,independent,libtrump
Health_Care,1,1,36,0,1,democrat,control
Climate_Change,1,0,37,0,1,democrat,libtrump
Tax_Increase,1,1,59,0,1,democrat,control
Iran_Agreement,0,1,65,0,5,republican,control
Climate_Change,0,1,58,1,5,republican,libtrump
Immigration,1,1,63,0,1,democrat,control
Immigration,1,1,59,0,4,independent,libtrump
Immigration,1,0,51,1,5,independent,libtrump
School_Guns,0,1,43,0,5,republican,control
Immigration,0,1,56,0,4,republican,control
Planned_Parenthood,1,1,33,0,1,democrat,control
Iran_Agreement,1,1,47,0,2,democrat,control
Guns_Background,1,0,79,0,1,democrat,control
Immigration,0,1,26,0,2,democrat,control
Guns_Background,0,1,25,0,3,republican,control
Minimum_Wage,0,0,63,0,2,independent,libtrump
Guns_Background,1,1,42,0,4,republican,control
Tax_Increase,1,1,79,0,1,democrat,libtrump
Minimum_Wage,0,1,53,1,5,republican,control
Planned_Parenthood,1,0,48,0,1,democrat,control
Immigration,0,1,75,0,5,republican,control
Planned_Parenthood,0,1,64,0,4,republican,libtrump
Abortion,1,0,65,0,5,republican,control
School_Guns,0,1,54,1,4,republican,control
Tax_Increase,0,1,63,1,5,republican,control
Planned_Parenthood,0,1,61,0,5,republican,control
School_Guns,1,1,42,0,1,democrat,libtrump
Tax_Increase,0,1,63,1,5,republican,control
Abortion,1,1,64,1,4,republican,control
Abortion,0,0,38,0,1,democrat,control
Immigration,0,0,57,1,5,republican,libtrump
Abortion,0,1,37,0,5,republican,control
Tax_Increase,0,1,61,0,4,republican,control
Iran_Agreement,1,1,41,0,4,republican,libtrump
Minimum_Wage,0,1,52,0,2,independent,libtrump
Climate_Change,0,1,80,0,3,independent,control
Tax_Increase,1,1,28,0,5,democrat,libtrump
School_Guns,1,0,25,1,1,democrat,control
Tax_Increase,1,1,60,0,5,republican,control
Abortion,1,1,62,0,1,democrat,control
Health_Care,0,1,79,0,5,republican,libtrump
Iran_Agreement,0,1,54,0,5,republican,control
School_Guns,1,0,59,0,2,democrat,control
Minimum_Wage,1,1,64,0,4,democrat,control
Health_Care,1,1,41,0,4,republican,libtrump
Planned_Parenthood,0,1,40,0,5,republican,libtrump
Abortion,1,1,40,0,4,republican,control
Planned_Parenthood,0,1,43,1,4,republican,control
Minimum_Wage,0,1,20,1,1,independent,control
Guns_Background,0,1,59,1,5,democrat,control
Minimum_Wage,1,1,67,0,1,democrat,libtrump
Tax_Increase,1,1,31,0,1,democrat,control
Tax_Increase,1,1,26,0,1,democrat,libtrump
Tax_Increase,1,1,62,0,1,democrat,libtrump
Abortion,1,1,69,0,1,independent,control
Planned_Parenthood,0,1,29,0,5,republican,libtrump
Climate_Change,1,1,52,0,1,democrat,control
Minimum_Wage,0,1,80,0,3,independent,control
Tax_Increase,1,1,68,0,4,republican,control
Planned_Parenthood,0,1,55,0,4,independent,libtrump
Climate_Change,1,1,27,0,4,democrat,libtrump
Tax_Increase,1,0,64,0,1,democrat,control
Climate_Change,1,1,34,0,1,republican,control
Tax_Increase,1,1,83,1,5,republican,control
Tax_Increase,1,1,59,1,5,republican,libtrump
Abortion,1,1,33,0,1,independent,libtrump
Planned_Parenthood,1,1,20,0,1,democrat,control
Guns_Background,1,1,64,1,1,independent,control
Climate_Change,0,1,70,1,4,republican,control
Guns_Background,1,1,72,0,5,republican,control
Guns_Background,1,0,20,0,3,independent,control
Planned_Parenthood,0,1,63,1,5,republican,control
Guns_Background,1,1,27,0,2,republican,control
Planned_Parenthood,1,0,22,0,1,democrat,libtrump
Iran_Agreement,0,1,63,1,5,republican,control
Health_Care,1,1,24,0,5,republican,control
Tax_Increase,1,1,67,1,1,democrat,control
School_Guns,1,1,23,0,5,republican,control
Immigration,1,1,66,0,1,democrat,control
School_Guns,1,1,24,0,1,democrat,control
Iran_Agreement,1,1,33,0,4,democrat,control
Guns_Background,1,1,29,0,1,independent,libtrump
Guns_Background,1,1,82,0,5,republican,control
Climate_Change,0,0,31,0,1,independent,control
Minimum_Wage,1,1,27,0,1,democrat,libtrump
Climate_Change,1,1,36,0,1,democrat,control
Abortion,1,1,41,0,1,republican,libtrump
Abortion,1,1,62,0,3,republican,control
Iran_Agreement,1,0,68,0,1,democrat,control
Climate_Change,1,0,22,0,4,democrat,control
Iran_Agreement,0,1,61,0,4,republican,control
Health_Care,0,1,47,0,5,republican,libtrump
Minimum_Wage,0,1,82,0,5,republican,control
Planned_Parenthood,0,1,73,1,5,republican,control
Climate_Change,1,0,50,0,1,democrat,control
School_Guns,0,1,68,0,2,republican,control
School_Guns,0,1,82,0,5,republican,control
Climate_Change,0,1,43,1,4,republican,control
Climate_Change,1,1,62,0,1,democrat,control
Guns_Background,1,1,64,1,5,republican,libtrump
Abortion,1,0,79,0,1,democrat,control
School_Guns,1,1,47,1,4,republican,libtrump
Immigration,0,1,72,0,5,republican,control
Abortion,1,0,59,0,2,democrat,control
Iran_Agreement,1,1,28,0,5,democrat,libtrump
Climate_Change,0,1,43,0,5,republican,control
Iran_Agreement,1,0,33,0,4,democrat,control
Abortion,1,0,89,0,1,democrat,control
Climate_Change,1,1,20,0,4,republican,control
Guns_Background,1,1,32,0,1,democrat,libtrump
Abortion,0,1,42,0,2,independent,libtrump
Abortion,1,1,57,1,1,democrat,control
Abortion,1,1,70,1,4,republican,control
Climate_Change,0,1,22,1,1,independent,control
Health_Care,0,1,21,1,4,republican,libtrump
Immigration,0,1,67,0,2,independent,control
School_Guns,0,1,24,0,5,republican,control
Abortion,1,1,38,1,1,democrat,control
Climate_Change,0,1,27,0,5,independent,control
Climate_Change,1,1,45,0,2,republican,control
Tax_Increase,0,0,30,0,1,republican,control
Iran_Agreement,1,1,52,0,2,independent,libtrump
Tax_Increase,1,0,29,0,2,democrat,control
Guns_Background,1,1,55,1,1,democrat,libtrump
Immigration,1,1,32,0,5,republican,libtrump
Health_Care,0,1,36,0,2,independent,control
Iran_Agreement,1,0,36,0,2,democrat,control
Minimum_Wage,0,1,53,0,3,republican,control
Guns_Background,1,0,56,0,5,independent,libtrump
School_Guns,0,1,70,0,5,republican,control
Abortion,1,1,37,0,1,independent,control
Immigration,1,0,25,1,1,democrat,control
Climate_Change,1,1,61,1,5,republican,control
Minimum_Wage,1,1,28,0,1,independent,control
Minimum_Wage,1,1,42,1,2,democrat,control
Tax_Increase,1,1,60,0,4,republican,libtrump
Guns_Background,1,1,33,0,1,democrat,control
Abortion,1,0,62,0,5,republican,control
Planned_Parenthood,1,0,32,0,1,democrat,control
Immigration,0,1,63,0,5,republican,control
Health_Care,1,0,51,0,3,republican,control
Guns_Background,1,1,23,0,2,independent,control
Climate_Change,1,1,42,0,4,republican,control
Planned_Parenthood,1,1,42,0,1,democrat,libtrump
Climate_Change,0,1,56,0,5,republican,control
Guns_Background,1,1,78,0,4,republican,control
School_Guns,0,1,75,0,5,republican,control
Immigration,1,1,53,0,1,democrat,control
Immigration,1,1,64,1,1,independent,control
Health_Care,1,1,42,0,4,republican,control
Guns_Background,1,1,42,0,4,republican,control
Health_Care,0,1,42,0,2,independent,libtrump
Guns_Background,1,1,64,0,4,democrat,libtrump
Abortion,1,1,59,0,1,democrat,control
School_Guns,0,1,37,1,1,republican,control
Iran_Agreement,0,1,45,0,5,republican,control
Minimum_Wage,1,1,47,0,3,independent,libtrump
Iran_Agreement,0,1,56,1,5,republican,libtrump
Health_Care,1,1,34,0,4,democrat,libtrump
School_Guns,1,1,73,1,5,republican,control
Tax_Increase,1,1,43,0,5,independent,control
Health_Care,1,1,55,1,1,democrat,libtrump
Abortion,1,1,55,0,1,democrat,control
School_Guns,0,0,63,0,2,independent,libtrump
Immigration,0,1,83,1,5,republican,control
Health_Care,1,0,51,0,1,democrat,control
Minimum_Wage,1,1,60,0,2,democrat,control
Health_Care,0,1,42,1,5,republican,control
Iran_Agreement,1,1,36,0,1,democrat,control
Health_Care,1,1,39,0,3,republican,control
Planned_Parenthood,0,1,42,0,2,independent,control
Tax_Increase,1,1,76,0,5,republican,libtrump
Tax_Increase,1,0,25,0,1,democrat,control
Guns_Background,1,0,65,0,5,republican,control
Abortion,1,1,34,0,1,democrat,control
Planned_Parenthood,1,0,50,0,1,democrat,control
Immigration,0,1,76,0,5,republican,control
Abortion,1,1,25,0,3,republican,libtrump
School_Guns,0,0,38,0,1,democrat,control
School_Guns,0,1,64,0,4,republican,libtrump
Minimum_Wage,1,1,58,0,4,republican,control
Planned_Parenthood,1,1,63,0,1,democrat,control
Minimum_Wage,0,1,57,0,4,democrat,control
Planned_Parenthood,0,1,27,0,2,republican,control
Immigration,0,1,57,0,5,independent,control
Immigration,0,1,48,0,1,republican,control
Immigration,1,1,83,1,1,democrat,libtrump
Climate_Change,1,1,64,1,1,democrat,control
Tax_Increase,0,1,61,0,5,republican,control
Health_Care,1,0,19,0,3,democrat,libtrump
Planned_Parenthood,0,1,53,0,5,republican,control
Tax_Increase,1,1,70,1,1,democrat,libtrump
Climate_Change,1,1,29,1,4,republican,control
Iran_Agreement,1,0,60,1,1,democrat,control
Tax_Increase,1,1,63,0,1,democrat,control
Iran_Agreement,0,1,74,1,5,republican,control
Iran_Agreement,0,0,28,0,4,democrat,control
Climate_Change,1,1,27,0,5,republican,control
Planned_Parenthood,1,0,56,0,5,independent,libtrump
School_Guns,0,0,28,0,4,democrat,control
Iran_Agreement,1,1,34,0,1,democrat,control
School_Guns,0,0,33,0,4,democrat,control
Immigration,0,1,34,0,5,independent,control
Guns_Background,1,1,48,1,1,democrat,control
Immigration,1,1,29,0,5,republican,libtrump
Iran_Agreement,1,0,64,0,1,democrat,control
Immigration,0,0,29,0,2,democrat,control
School_Guns,1,1,48,1,1,independent,control
Abortion,1,1,19,1,1,democrat,libtrump
Tax_Increase,1,1,63,0,4,republican,control
Climate_Change,1,1,48,1,1,independent,control
Climate_Change,1,1,25,1,1,democrat,libtrump
Minimum_Wage,1,0,34,0,1,democrat,control
Planned_Parenthood,1,0,53,0,1,democrat,control
Guns_Background,1,1,55,0,4,republican,control
Guns_Background,1,1,50,1,1,democrat,control
School_Guns,0,1,28,0,5,republican,control
Tax_Increase,1,1,70,0,4,republican,libtrump
Tax_Increase,1,1,60,0,1,democrat,control
Abortion,0,1,53,0,3,democrat,libtrump
Abortion,1,1,56,0,1,democrat,control
Health_Care,1,0,30,0,5,democrat,control
Planned_Parenthood,0,1,48,1,4,republican,control
Planned_Parenthood,1,0,73,0,1,democrat,libtrump
Climate_Change,0,1,40,0,4,republican,control
Immigration,0,1,31,0,2,independent,libtrump
Health_Care,1,1,57,0,2,independent,libtrump
School_Guns,1,1,42,1,1,democrat,control
Tax_Increase,1,0,38,0,1,democrat,control
Health_Care,1,1,43,1,5,republican,libtrump
Tax_Increase,1,1,80,0,1,democrat,control
Guns_Background,1,1,26,0,1,democrat,libtrump
Minimum_Wage,1,1,60,0,5,independent,control
School_Guns,0,1,59,1,5,democrat,control
Abortion,0,0,47,0,5,republican,control
Abortion,1,1,75,0,5,republican,control
Tax_Increase,1,1,33,0,1,democrat,libtrump
Planned_Parenthood,1,1,37,0,1,independent,control
Immigration,1,1,28,0,1,democrat,control
Abortion,1,0,29,0,2,democrat,control
Climate_Change,1,1,21,1,1,democrat,control
Abortion,0,1,64,0,5,republican,libtrump
Minimum_Wage,1,1,57,1,1,democrat,control
Guns_Background,1,0,67,0,2,democrat,control
Tax_Increase,0,0,51,0,2,republican,control
Guns_Background,0,1,38,0,4,republican,control
Minimum_Wage,1,1,33,1,5,republican,libtrump
Health_Care,0,1,59,0,5,republican,control
Iran_Agreement,1,1,33,1,5,republican,libtrump
Iran_Agreement,1,1,28,0,4,independent,control
Abortion,1,1,48,0,1,independent,libtrump
School_Guns,1,1,73,0,1,democrat,control
Immigration,0,1,54,0,5,republican,control
Abortion,1,0,22,0,4,democrat,control
Immigration,0,1,85,0,5,republican,control
Abortion,1,0,42,0,2,democrat,control
Planned_Parenthood,1,1,35,0,1,democrat,control
Planned_Parenthood,0,1,63,1,3,republican,control
Climate_Change,1,1,39,0,3,independent,control
Planned_Parenthood,1,1,32,1,1,democrat,control
Climate_Change,1,0,22,1,1,democrat,control
Health_Care,1,1,64,1,1,democrat,control
Guns_Background,0,0,22,0,1,democrat,control
Minimum_Wage,1,1,68,0,5,democrat,control
Tax_Increase,1,1,52,0,1,democrat,control
Health_Care,1,1,27,0,1,independent,control
Abortion,1,1,41,0,4,republican,control
Guns_Background,1,1,61,0,4,republican,libtrump
Minimum_Wage,1,1,42,0,4,republican,control
Immigration,0,1,57,1,5,republican,control
Immigration,1,1,71,0,1,democrat,libtrump
Climate_Change,0,0,19,0,1,independent,libtrump
Climate_Change,1,0,25,0,4,republican,libtrump
School_Guns,1,1,64,0,4,democrat,libtrump
Iran_Agreement,0,0,51,1,5,independent,libtrump
Health_Care,0,1,58,0,5,republican,libtrump
Planned_Parenthood,0,0,77,0,5,republican,control
Abortion,1,1,45,0,5,republican,control
Tax_Increase,1,1,34,0,4,democrat,libtrump
Minimum_Wage,1,1,64,1,4,republican,libtrump
Guns_Background,1,1,65,0,5,republican,control
Minimum_Wage,1,1,36,0,1,democrat,control
Planned_Parenthood,1,0,39,0,5,democrat,control
Climate_Change,1,1,35,0,4,republican,libtrump
Guns_Background,1,1,30,0,5,republican,control
Tax_Increase,0,1,58,1,4,republican,libtrump
Minimum_Wage,1,1,58,0,1,democrat,control
Iran_Agreement,1,1,35,0,4,republican,libtrump
Iran_Agreement,1,1,28,0,1,independent,control
Abortion,1,1,52,0,1,independent,control
School_Guns,0,0,51,0,2,republican,control
Minimum_Wage,1,1,33,0,1,independent,control
Tax_Increase,1,1,42,1,1,democrat,control
Climate_Change,1,1,60,0,3,independent,libtrump
Guns_Background,0,1,56,1,5,republican,libtrump
Minimum_Wage,1,0,44,0,1,democrat,control
Health_Care,1,1,48,1,1,independent,control
School_Guns,1,1,50,0,1,democrat,control
Climate_Change,1,1,59,0,1,democrat,control
Abortion,1,0,25,0,4,republican,libtrump
Climate_Change,0,1,68,0,4,republican,control
Planned_Parenthood,0,1,33,0,5,independent,libtrump
Abortion,1,1,42,0,4,republican,control
Planned_Parenthood,1,1,28,0,1,democrat,control
Guns_Background,0,1,74,0,5,republican,control
Tax_Increase,0,1,75,0,5,republican,control
Minimum_Wage,1,0,64,0,1,democrat,control
Planned_Parenthood,0,1,54,0,5,republican,control
Minimum_Wage,0,1,28,0,1,independent,libtrump
Tax_Increase,1,1,60,1,1,democrat,control
Minimum_Wage,1,1,49,0,3,republican,control
Abortion,1,1,60,1,1,democrat,control
Minimum_Wage,1,0,33,0,4,democrat,control
Immigration,1,0,42,0,1,democrat,libtrump
Immigration,0,1,20,1,1,independent,control
Tax_Increase,1,1,63,0,5,democrat,control
Guns_Background,1,1,33,0,4,independent,libtrump
Immigration,0,1,27,0,5,independent,control
Guns_Background,1,0,22,0,1,republican,control
Abortion,1,1,42,1,1,democrat,control
Health_Care,1,1,25,0,3,independent,libtrump
Health_Care,1,1,76,1,1,democrat,libtrump
Health_Care,1,1,71,0,2,democrat,libtrump
Planned_Parenthood,1,0,53,0,1,democrat,control
Minimum_Wage,0,1,75,0,5,republican,control
Guns_Background,1,0,43,0,4,independent,control
Tax_Increase,1,1,64,0,5,republican,libtrump
Planned_Parenthood,1,1,36,0,1,democrat,control
Guns_Background,0,1,59,1,5,republican,control
Health_Care,0,1,27,0,2,independent,libtrump
Immigration,0,0,65,0,5,republican,control
Immigration,0,1,70,0,4,republican,libtrump
Guns_Background,1,1,32,1,1,democrat,control
Guns_Background,1,1,61,1,1,democrat,control
Health_Care,0,1,61,0,4,republican,libtrump
School_Guns,1,1,60,1,1,democrat,control
Abortion,1,0,19,0,3,democrat,libtrump
Iran_Agreement,0,1,25,0,3,independent,libtrump
Abortion,0,0,28,0,4,democrat,control
Tax_Increase,1,1,62,1,1,democrat,control
Minimum_Wage,0,1,51,1,5,republican,control
Health_Care,1,0,47,0,5,republican,control
Climate_Change,0,0,28,0,4,democrat,control
Climate_Change,1,1,42,0,1,democrat,libtrump
Iran_Agreement,1,1,58,1,4,independent,libtrump
Iran_Agreement,1,1,26,1,1,democrat,libtrump
Iran_Agreement,1,1,35,0,1,democrat,control
Planned_Parenthood,1,1,66,0,1,democrat,control
Health_Care,1,0,59,1,1,democrat,control
Climate_Change,0,1,37,1,1,republican,control
Guns_Background,1,1,57,0,1,democrat,control
Climate_Change,1,1,71,0,1,democrat,libtrump
Immigration,1,1,53,0,1,democrat,control
Abortion,0,1,35,0,4,republican,libtrump
Minimum_Wage,1,0,23,0,3,democrat,libtrump
Iran_Agreement,1,1,50,1,3,republican,control
Immigration,0,0,70,0,5,independent,control
School_Guns,0,1,82,0,4,republican,control
School_Guns,0,1,42,0,2,independent,libtrump
Climate_Change,1,1,49,0,1,democrat,control
Minimum_Wage,0,0,53,1,2,democrat,libtrump
Immigration,0,1,50,1,4,independent,control
Immigration,1,1,20,0,4,republican,control
Planned_Parenthood,1,1,53,0,1,democrat,control
Planned_Parenthood,0,1,33,0,4,republican,control
Minimum_Wage,0,1,62,0,4,republican,libtrump
Tax_Increase,0,1,60,0,5,republican,libtrump
Guns_Background,1,1,63,0,1,democrat,control
Tax_Increase,1,1,37,0,1,independent,control
Tax_Increase,1,1,34,0,1,democrat,control
Tax_Increase,0,1,28,0,5,republican,control
Guns_Background,0,1,57,1,4,republican,control
Tax_Increase,1,1,26,0,1,democrat,control
Immigration,0,1,69,0,5,independent,control
Iran_Agreement,1,1,27,0,4,independent,control
Planned_Parenthood,1,0,25,0,1,democrat,control
Tax_Increase,1,1,47,1,1,independent,libtrump
Minimum_Wage,0,1,76,0,3,independent,control
Planned_Parenthood,0,1,60,0,4,republican,libtrump
Iran_Agreement,0,1,60,1,3,republican,control
Tax_Increase,1,1,34,0,1,democrat,libtrump
Immigration,0,1,55,0,1,democrat,control
Immigration,1,0,40,0,1,democrat,control
Abortion,0,0,51,1,5,independent,libtrump
Minimum_Wage,0,1,57,0,5,republican,control
Climate_Change,1,1,58,0,4,republican,control
Planned_Parenthood,0,0,43,0,4,independent,control
Guns_Background,1,1,36,1,1,democrat,control
Immigration,1,1,28,0,1,independent,libtrump
School_Guns,0,1,83,1,5,republican,control
Guns_Background,1,1,51,0,4,republican,control
Tax_Increase,1,0,38,0,3,republican,control
Health_Care,1,0,25,1,1,democrat,control
Guns_Background,1,1,47,0,2,democrat,control
Guns_Background,1,1,57,1,3,republican,control
Health_Care,0,1,47,1,4,republican,libtrump
Iran_Agreement,1,1,32,0,1,independent,control
Iran_Agreement,1,1,51,0,4,independent,control
Health_Care,1,1,58,0,5,republican,control
Planned_Parenthood,1,0,28,0,4,democrat,control
Minimum_Wage,1,0,25,0,2,independent,control
Tax_Increase,1,0,38,0,1,democrat,control
Health_Care,1,0,30,1,4,independent,control
Planned_Parenthood,0,1,44,0,5,republican,control
Minimum_Wage,0,0,25,0,4,democrat,control
Tax_Increase,1,0,40,0,3,independent,libtrump
Climate_Change,1,1,53,0,1,democrat,control
Immigration,0,0,43,0,4,independent,control
Iran_Agreement,1,1,44,0,5,republican,control
Planned_Parenthood,1,0,42,1,3,democrat,control
Abortion,1,0,62,0,2,democrat,libtrump
Abortion,1,1,76,1,1,democrat,libtrump
School_Guns,1,1,61,1,4,republican,control
Abortion,0,1,32,0,5,republican,libtrump
Planned_Parenthood,1,1,27,0,4,democrat,libtrump
Planned_Parenthood,1,0,25,1,1,democrat,control
Tax_Increase,1,1,36,0,1,democrat,control
Tax_Increase,1,1,37,1,1,democrat,control
Immigration,1,1,52,0,1,democrat,control
Climate_Change,1,1,24,0,1,democrat,control
Planned_Parenthood,1,1,68,0,2,republican,control
Immigration,0,1,59,0,5,republican,control
Planned_Parenthood,1,1,76,0,3,independent,control
Climate_Change,1,0,53,0,1,democrat,control
Guns_Background,1,0,51,1,5,independent,libtrump
Minimum_Wage,1,1,52,0,1,democrat,control
Minimum_Wage,1,1,33,0,4,republican,libtrump
School_Guns,0,1,58,1,4,republican,libtrump
Minimum_Wage,1,0,30,0,1,independent,control
Immigration,1,1,64,0,4,democrat,libtrump
Iran_Agreement,1,0,63,0,2,independent,libtrump
Climate_Change,0,0,30,1,4,independent,control
Planned_Parenthood,1,0,43,0,1,democrat,control
Guns_Background,1,1,75,0,5,republican,control
Abortion,1,1,64,1,1,independent,control
Guns_Background,1,1,50,1,3,republican,control
School_Guns,1,1,42,0,4,republican,libtrump
Tax_Increase,1,1,38,0,5,republican,control
Iran_Agreement,1,0,62,0,2,democrat,libtrump
Guns_Background,1,1,31,1,1,democrat,control
School_Guns,1,1,58,0,5,republican,control
Guns_Background,1,1,64,0,5,republican,libtrump
Guns_Background,1,0,29,0,3,democrat,control
Guns_Background,1,1,61,0,5,republican,control
Minimum_Wage,1,1,64,0,1,independent,libtrump
Minimum_Wage,0,1,22,1,1,independent,control
Abortion,1,1,34,0,1,republican,control
Minimum_Wage,1,1,60,0,5,republican,control
Climate_Change,0,1,52,0,4,independent,libtrump
Guns_Background,1,0,66,0,1,democrat,control
Immigration,1,0,19,0,1,independent,libtrump
Immigration,1,1,55,1,1,democrat,libtrump
Immigration,1,1,56,0,1,democrat,control
Guns_Background,1,1,60,0,3,independent,libtrump
Tax_Increase,0,1,78,0,3,independent,control
School_Guns,1,1,39,0,3,independent,control
Health_Care,0,1,33,0,4,republican,control
Tax_Increase,1,0,36,1,1,democrat,control
Planned_Parenthood,1,1,55,0,1,democrat,control
Minimum_Wage,1,0,39,0,5,democrat,control
Immigration,0,1,53,0,5,republican,control
Climate_Change,0,1,64,0,4,republican,libtrump
Guns_Background,1,1,53,0,5,republican,control
Immigration,0,1,42,0,1,democrat,libtrump
Minimum_Wage,1,1,71,0,1,democrat,control
School_Guns,0,1,70,1,4,republican,control
School_Guns,1,1,41,0,1,republican,libtrump
Guns_Background,1,0,59,0,1,democrat,control
Iran_Agreement,0,1,25,0,3,republican,control
Health_Care,1,1,64,0,5,republican,control
Minimum_Wage,1,1,61,1,4,republican,control
Minimum_Wage,0,1,56,0,4,republican,control
Guns_Background,1,0,19,0,1,independent,libtrump
Minimum_Wage,0,1,42,0,5,republican,control
Minimum_Wage,1,1,78,0,4,republican,control
Tax_Increase,1,1,29,0,1,democrat,control
Minimum_Wage,1,1,52,0,4,independent,control
Health_Care,1,1,57,1,5,republican,control
Health_Care,0,1,61,0,3,republican,control
Guns_Background,1,1,35,1,1,democrat,control
Minimum_Wage,0,1,56,0,3,republican,libtrump
Health_Care,0,1,76,0,5,republican,control
School_Guns,0,1,58,1,5,republican,libtrump
Abortion,0,1,46,0,5,republican,control
School_Guns,1,1,34,0,5,independent,control
Tax_Increase,0,1,73,1,5,republican,control
Minimum_Wage,0,1,74,0,5,republican,control
Abortion,0,1,27,0,3,republican,libtrump
Abortion,1,1,25,1,1,democrat,libtrump
Immigration,0,1,61,0,1,democrat,control
Guns_Background,0,0,60,0,4,independent,libtrump
Guns_Background,1,1,68,0,2,republican,control
School_Guns,1,0,25,0,2,independent,control
Iran_Agreement,0,1,58,0,4,democrat,control
Tax_Increase,1,1,31,0,2,independent,libtrump
Guns_Background,1,0,57,1,5,republican,libtrump
Abortion,1,1,21,0,1,democrat,control
Climate_Change,0,1,28,0,5,republican,control
School_Guns,0,0,40,0,3,independent,libtrump
Iran_Agreement,1,1,59,0,1,democrat,control
Abortion,1,1,57,0,1,democrat,libtrump
Planned_Parenthood,1,0,42,0,2,democrat,control
Tax_Increase,0,0,31,0,1,independent,control
Iran_Agreement,1,0,37,0,1,democrat,control
Iran_Agreement,1,1,59,0,1,democrat,control
School_Guns,1,1,66,0,1,independent,control
Guns_Background,1,1,40,0,3,republican,libtrump
Health_Care,1,1,68,0,3,independent,libtrump
Tax_Increase,1,1,32,0,1,democrat,control
Guns_Background,1,1,53,0,1,democrat,control
Health_Care,0,1,42,0,4,republican,control
Iran_Agreement,1,1,27,0,1,independent,control
Abortion,1,1,73,0,1,democrat,control
Iran_Agreement,1,1,22,0,2,democrat,control
Minimum_Wage,1,1,43,0,1,independent,libtrump
Tax_Increase,1,1,56,0,1,democrat,control
Health_Care,1,1,60,0,2,democrat,control
Guns_Background,1,1,79,0,5,republican,libtrump
Abortion,1,1,62,1,1,democrat,control
Minimum_Wage,1,1,64,0,4,republican,libtrump
Immigration,0,1,63,0,4,republican,control
Guns_Background,1,0,38,0,4,democrat,control
Guns_Background,1,0,60,0,1,democrat,libtrump
Minimum_Wage,1,1,63,0,1,democrat,control
Health_Care,0,1,54,0,5,republican,control
Guns_Background,1,1,58,0,4,democrat,control
Tax_Increase,0,1,43,1,4,republican,control
Immigration,1,1,41,0,4,republican,libtrump
Guns_Background,1,0,28,0,4,democrat,control
Climate_Change,1,0,47,1,1,independent,control
Iran_Agreement,1,1,41,0,1,democrat,control
Immigration,0,1,64,0,5,republican,control
Iran_Agreement,1,1,38,1,4,republican,control
Tax_Increase,1,0,64,0,1,democrat,control
Tax_Increase,1,0,42,1,3,democrat,control
Abortion,0,1,51,0,4,republican,libtrump
Planned_Parenthood,0,1,68,0,2,democrat,libtrump
Minimum_Wage,1,1,51,0,1,republican,control
Iran_Agreement,1,1,48,0,4,independent,libtrump
Minimum_Wage,0,1,83,0,5,republican,control
Minimum_Wage,1,1,42,0,1,democrat,libtrump
School_Guns,1,1,48,0,4,independent,libtrump
Minimum_Wage,1,0,89,0,1,democrat,control
Iran_Agreement,1,1,62,0,1,democrat,control
School_Guns,1,0,29,0,2,independent,libtrump
Health_Care,0,1,64,1,4,republican,control
Minimum_Wage,1,0,23,0,3,democrat,control
Abortion,1,1,32,0,1,democrat,libtrump
Health_Care,1,1,29,0,1,democrat,control
Tax_Increase,0,1,27,1,4,democrat,control
Guns_Background,1,1,36,0,1,democrat,control
Immigration,0,1,61,0,3,republican,control
Guns_Background,1,0,50,0,2,independent,control
Guns_Background,1,1,62,0,5,republican,control
School_Guns,1,1,71,0,1,independent,control
Guns_Background,1,1,52,0,1,democrat,libtrump
Guns_Background,1,1,76,0,5,republican,control
Immigration,0,1,47,0,5,republican,libtrump
Climate_Change,0,1,56,0,4,republican,control
Climate_Change,1,1,61,0,1,democrat,control
Planned_Parenthood,1,1,57,1,1,democrat,control
Tax_Increase,1,0,37,0,1,democrat,control
School_Guns,0,0,36,0,1,democrat,control
Abortion,1,1,59,0,1,democrat,control
Climate_Change,1,1,60,0,1,democrat,control
Minimum_Wage,1,1,27,0,1,independent,control
Planned_Parenthood,1,1,60,1,3,republican,control
Climate_Change,0,1,59,0,5,republican,control
Guns_Background,1,1,33,0,1,independent,control
Iran_Agreement,0,1,59,1,5,republican,control
Immigration,1,1,61,0,4,republican,control
Minimum_Wage,0,1,45,0,5,republican,control
Climate_Change,1,0,35,0,1,democrat,control
Health_Care,1,0,27,0,1,independent,control
Health_Care,1,0,25,1,1,democrat,control
Health_Care,1,1,34,0,1,democrat,control
Health_Care,0,1,60,0,5,republican,libtrump
Abortion,1,1,26,0,2,democrat,control
Guns_Background,1,1,24,0,5,democrat,libtrump
Guns_Background,1,1,31,0,3,republican,control
Iran_Agreement,1,1,77,0,4,republican,libtrump
Health_Care,0,1,75,0,5,republican,control
Minimum_Wage,0,1,20,1,4,republican,control
Planned_Parenthood,0,1,50,1,3,republican,control
Abortion,1,1,36,0,2,independent,control
Climate_Change,1,1,20,1,1,independent,control
Immigration,0,1,33,0,4,republican,control
School_Guns,0,0,63,0,1,democrat,libtrump
Iran_Agreement,1,1,48,1,1,independent,control
Tax_Increase,0,0,19,0,3,democrat,libtrump
Tax_Increase,0,1,63,1,3,republican,control
Tax_Increase,1,1,55,0,4,republican,control
Iran_Agreement,0,0,62,0,5,republican,control
Immigration,1,1,41,0,2,democrat,libtrump
Immigration,1,1,42,0,1,democrat,libtrump
Minimum_Wage,1,0,58,1,5,republican,control
Immigration,1,0,59,0,1,democrat,control
Immigration,0,0,47,1,1,independent,control
Iran_Agreement,0,1,59,0,4,republican,control
Immigration,1,0,73,0,1,democrat,libtrump
Minimum_Wage,1,1,45,0,2,republican,control
Iran_Agreement,0,1,78,0,3,independent,control
School_Guns,1,0,73,0,1,democrat,libtrump
Iran_Agreement,1,0,32,0,1,democrat,control
Climate_Change,1,1,48,0,3,democrat,control
Minimum_Wage,1,1,68,0,1,democrat,control
School_Guns,1,1,68,0,1,democrat,control
Guns_Background,1,1,38,1,1,democrat,control
Immigration,0,1,57,0,5,independent,control
Guns_Background,1,1,62,0,1,democrat,libtrump
Immigration,1,1,36,0,1,democrat,control
Health_Care,1,0,34,0,5,republican,control
Minimum_Wage,1,1,34,0,1,democrat,control
Minimum_Wage,1,1,31,0,2,independent,libtrump
Tax_Increase,1,0,35,0,1,democrat,control
Abortion,1,0,45,0,1,democrat,control
Climate_Change,1,1,60,0,1,republican,control
Guns_Background,0,0,77,0,5,republican,control
School_Guns,1,1,21,1,1,democrat,control
Iran_Agreement,1,1,64,1,1,democrat,control
Immigration,1,1,73,0,1,democrat,control
Health_Care,1,1,68,0,5,democrat,control
Health_Care,1,1,32,0,5,republican,libtrump
Tax_Increase,1,0,33,0,3,republican,control
Iran_Agreement,1,1,53,0,3,democrat,libtrump
Guns_Background,1,1,59,0,1,democrat,control
Immigration,0,1,52,0,4,independent,libtrump
School_Guns,0,1,33,0,4,republican,control
Abortion,1,0,40,0,1,democrat,control
Planned_Parenthood,1,0,27,0,1,independent,control
Health_Care,0,1,74,1,5,independent,control
Health_Care,1,1,57,0,1,democrat,libtrump
Minimum_Wage,1,1,22,0,3,democrat,control
Guns_Background,1,1,58,0,4,republican,control
Immigration,1,0,62,0,1,democrat,libtrump
Tax_Increase,0,1,36,0,2,independent,control
Tax_Increase,1,0,53,1,2,democrat,libtrump
School_Guns,1,1,32,1,1,democrat,control
Abortion,1,1,60,1,1,democrat,control
Health_Care,0,1,56,0,5,republican,control
Climate_Change,1,1,21,0,1,democrat,control
Planned_Parenthood,1,1,29,0,1,democrat,control
Abortion,1,1,59,0,5,democrat,control
Immigration,0,1,57,1,3,republican,control
Minimum_Wage,1,1,57,0,4,republican,control
Immigration,1,1,38,1,1,democrat,control
Guns_Background,1,1,64,1,1,democrat,control
Tax_Increase,1,1,57,0,2,independent,libtrump
Iran_Agreement,0,0,30,0,5,republican,control
Tax_Increase,1,1,60,0,2,democrat,control
Immigration,0,1,41,0,5,republican,libtrump
Health_Care,1,1,34,0,1,democrat,control
School_Guns,1,1,34,0,1,democrat,libtrump
Guns_Background,1,1,27,0,2,republican,control
School_Guns,1,1,67,0,2,independent,control
Planned_Parenthood,1,0,54,0,1,democrat,control
School_Guns,1,1,76,1,1,democrat,libtrump
Abortion,1,1,43,1,4,republican,control
Immigration,0,0,27,0,2,republican,control
Abortion,1,0,57,1,5,republican,libtrump
Immigration,1,1,32,1,1,democrat,control
Planned_Parenthood,1,1,52,0,1,democrat,control
Minimum_Wage,1,1,64,1,1,democrat,control
Guns_Background,0,1,56,0,1,democrat,control
Health_Care,1,1,20,0,5,republican,libtrump
Iran_Agreement,0,1,43,0,5,republican,control
Minimum_Wage,0,1,27,0,1,independent,libtrump
Health_Care,1,0,39,0,5,democrat,control
Guns_Background,1,1,64,1,3,independent,libtrump
Health_Care,0,1,56,1,5,republican,libtrump
School_Guns,1,1,59,0,1,democrat,control
Climate_Change,0,0,42,1,3,democrat,control
Planned_Parenthood,1,0,25,0,2,independent,control
Health_Care,1,1,35,0,3,republican,libtrump
Abortion,1,1,34,0,1,democrat,libtrump
Tax_Increase,1,0,71,0,4,democrat,libtrump
School_Guns,0,1,53,1,5,republican,control
Tax_Increase,0,1,59,0,5,democrat,control
Climate_Change,1,0,62,0,1,democrat,libtrump
Climate_Change,0,1,38,0,4,republican,control
Climate_Change,0,1,78,0,4,republican,control
Tax_Increase,1,1,21,0,1,democrat,control
Planned_Parenthood,1,1,63,0,5,democrat,control
Guns_Background,1,1,60,0,4,republican,control
Planned_Parenthood,0,1,64,0,5,republican,control
Climate_Change,1,0,39,0,5,democrat,control
Iran_Agreement,1,1,42,1,5,democrat,libtrump
Planned_Parenthood,0,1,71,0,4,republican,libtrump
Guns_Background,1,1,60,0,4,democrat,libtrump
School_Guns,1,1,63,0,1,democrat,control
Guns_Background,1,1,74,1,5,republican,control
Tax_Increase,1,1,27,0,4,democrat,libtrump
Abortion,0,1,28,0,5,democrat,libtrump
Immigration,1,1,24,0,1,democrat,control
Planned_Parenthood,1,1,26,0,1,democrat,libtrump
Climate_Change,1,1,38,1,1,democrat,control
School_Guns,0,0,77,0,4,republican,libtrump
School_Guns,0,1,60,1,3,republican,control
Iran_Agreement,1,1,58,0,5,republican,control
School_Guns,0,1,64,0,4,republican,control
Minimum_Wage,1,1,68,0,2,republican,control
Tax_Increase,1,0,51,0,1,democrat,control
Minimum_Wage,1,1,22,0,3,democrat,control
Abortion,1,1,36,0,2,independent,control
Guns_Background,1,1,61,0,1,democrat,control
Abortion,1,1,43,0,1,independent,libtrump
School_Guns,1,0,30,0,1,democrat,libtrump
Minimum_Wage,0,1,63,0,5,republican,libtrump
Minimum_Wage,1,1,35,0,1,independent,control
Abortion,1,1,71,0,1,independent,control
Immigration,0,1,58,0,5,republican,control
Climate_Change,1,0,57,1,5,republican,libtrump
Iran_Agreement,1,1,33,0,5,independent,libtrump
Guns_Background,0,1,63,1,5,republican,control
Climate_Change,1,1,28,0,1,independent,libtrump
Tax_Increase,1,1,57,1,5,republican,control
Climate_Change,1,1,66,0,1,democrat,control
Iran_Agreement,1,1,27,0,4,democrat,libtrump
Immigration,0,1,74,1,5,independent,control
Tax_Increase,0,0,26,0,3,democrat,libtrump
Climate_Change,1,1,29,0,5,republican,control
Tax_Increase,1,0,46,0,1,democrat,control
Abortion,1,0,58,1,3,democrat,control
Health_Care,1,1,66,0,1,democrat,control
Iran_Agreement,1,1,68,0,1,democrat,control
Health_Care,0,1,22,1,1,independent,control
Guns_Background,1,1,58,1,5,republican,libtrump
Health_Care,1,1,46,0,5,republican,control
Abortion,1,0,63,0,2,independent,libtrump
Climate_Change,1,1,38,0,5,republican,libtrump
Minimum_Wage,1,0,34,0,5,republican,control
Guns_Background,1,1,61,0,1,democrat,control
Guns_Background,1,1,20,0,1,democrat,control
Minimum_Wage,1,1,37,1,1,democrat,control
Minimum_Wage,0,1,63,1,5,republican,control
Guns_Background,1,1,24,0,5,republican,control
School_Guns,1,1,32,0,1,democrat,libtrump
Climate_Change,1,1,73,1,5,republican,control
Climate_Change,0,1,42,0,2,independent,libtrump
Minimum_Wage,0,1,56,0,2,independent,control
Abortion,1,1,47,0,2,democrat,control
Abortion,1,1,60,0,3,independent,libtrump
Iran_Agreement,1,1,40,0,3,republican,libtrump
School_Guns,1,1,27,0,1,independent,libtrump
School_Guns,0,0,36,0,2,democrat,control
Guns_Background,1,1,44,0,1,democrat,control
Immigration,0,0,43,0,3,independent,control
Planned_Parenthood,1,0,59,0,1,democrat,control
Immigration,0,1,52,0,2,independent,libtrump
Climate_Change,1,1,64,0,4,democrat,libtrump
School_Guns,1,1,52,0,2,independent,libtrump
Tax_Increase,1,1,62,0,1,democrat,control
Guns_Background,0,1,22,1,1,independent,control
Planned_Parenthood,0,1,20,1,4,republican,control
School_Guns,1,0,50,0,1,democrat,control
Immigration,1,0,53,0,1,democrat,control
Minimum_Wage,1,0,24,0,1,democrat,control
Iran_Agreement,1,1,73,1,5,republican,control
Immigration,0,1,71,0,1,republican,control
Climate_Change,0,1,47,0,5,republican,libtrump
Abortion,1,1,42,1,1,democrat,control
School_Guns,1,1,20,1,1,independent,control
Iran_Agreement,1,0,89,0,1,democrat,control
Immigration,1,1,44,0,5,republican,control
Abortion,1,1,33,0,4,democrat,control
Health_Care,1,1,52,0,1,democrat,control
Health_Care,0,1,29,1,4,republican,control
Tax_Increase,1,1,63,0,3,democrat,control
School_Guns,1,0,45,0,1,democrat,control
Iran_Agreement,1,1,71,0,1,independent,control
Guns_Background,1,1,55,0,4,independent,control
Planned_Parenthood,1,1,72,0,1,democrat,libtrump
Tax_Increase,1,1,52,0,4,independent,control
Iran_Agreement,0,1,44,0,3,independent,control
Planned_Parenthood,1,1,60,0,1,democrat,control
Immigration,0,0,77,0,5,republican,control
Abortion,1,0,64,0,1,democrat,control
Planned_Parenthood,0,1,54,1,4,republican,control
Immigration,1,0,25,1,1,democrat,control
Planned_Parenthood,1,0,22,0,1,republican,control
Tax_Increase,1,1,57,1,1,democrat,libtrump
Guns_Background,1,1,62,0,1,democrat,control
Immigration,0,0,30,0,5,democrat,control
Planned_Parenthood,1,0,22,0,1,democrat,control
Abortion,1,1,63,0,4,republican,libtrump
Abortion,1,0,28,0,1,democrat,control
Minimum_Wage,0,1,43,1,4,republican,control
Climate_Change,1,1,63,0,1,democrat,control
Health_Care,0,1,38,0,5,republican,control
Health_Care,0,1,60,1,5,republican,libtrump
Minimum_Wage,1,1,55,0,4,republican,control
Health_Care,1,1,80,0,1,democrat,control
Planned_Parenthood,0,0,31,0,1,independent,control
Climate_Change,1,1,68,0,1,democrat,control
Abortion,1,1,60,0,4,republican,libtrump
Minimum_Wage,1,1,28,0,4,independent,control
Planned_Parenthood,0,1,61,0,4,republican,control
Tax_Increase,1,0,30,1,4,independent,control
Tax_Increase,1,1,34,0,1,republican,control
Minimum_Wage,0,1,36,0,2,independent,control
Tax_Increase,0,1,56,0,4,republican,control
Minimum_Wage,1,1,56,0,1,democrat,control
Tax_Increase,1,1,27,0,2,republican,control
Health_Care,0,0,77,0,4,republican,libtrump
Health_Care,1,0,32,0,1,democrat,control
Health_Care,0,0,53,1,2,democrat,libtrump
Tax_Increase,1,1,71,0,1,democrat,libtrump
Abortion,0,1,59,0,4,independent,libtrump
Abortion,1,1,37,0,5,republican,control
Guns_Background,1,1,45,0,5,republican,control
School_Guns,0,1,27,0,5,republican,control
Climate_Change,1,0,29,0,2,independent,libtrump
Guns_Background,1,1,67,0,2,independent,control
Iran_Agreement,0,1,79,0,5,republican,libtrump
Climate_Change,1,1,31,1,1,democrat,control
Planned_Parenthood,0,0,63,0,2,independent,libtrump
Health_Care,0,0,51,1,5,independent,libtrump
Abortion,0,1,42,0,4,republican,libtrump
Minimum_Wage,1,0,35,0,1,democrat,control
Tax_Increase,0,1,61,0,3,republican,control
Climate_Change,1,1,41,0,1,democrat,control
School_Guns,1,0,42,0,1,democrat,control
Climate_Change,1,0,28,0,2,democrat,control
Climate_Change,1,1,70,1,1,democrat,libtrump
Guns_Background,1,1,38,0,5,republican,libtrump
Abortion,1,1,71,0,1,democrat,control
Climate_Change,1,1,67,1,4,independent,control
School_Guns,0,1,52,1,4,republican,libtrump
Minimum_Wage,0,1,74,1,5,republican,control
School_Guns,0,0,31,0,1,independent,control
School_Guns,1,1,48,1,1,democrat,control
Guns_Background,1,1,61,0,3,republican,control
Immigration,0,1,51,0,4,independent,control
Abortion,0,1,26,0,1,democrat,libtrump
Climate_Change,0,1,40,0,1,democrat,control
Guns_Background,1,1,52,1,4,independent,control
Health_Care,1,0,22,0,1,democrat,libtrump
Climate_Change,1,1,48,0,4,independent,libtrump
Immigration,1,1,23,0,2,independent,control
Health_Care,1,1,60,0,1,democrat,control
Health_Care,0,1,62,0,5,republican,control
Tax_Increase,1,0,22,0,1,democrat,libtrump
Guns_Background,1,1,39,0,3,independent,control
Planned_Parenthood,1,0,37,0,1,democrat,control
Climate_Change,0,1,56,0,4,republican,control
School_Guns,1,1,77,0,4,republican,libtrump
Immigration,1,0,38,0,1,democrat,control
Iran_Agreement,1,0,77,0,4,republican,libtrump
Health_Care,1,1,42,0,1,democrat,libtrump
Minimum_Wage,1,1,46,0,5,republican,control
School_Guns,0,1,78,0,3,independent,control
Iran_Agreement,1,0,57,0,3,democrat,libtrump
Immigration,1,0,68,0,1,democrat,control
Planned_Parenthood,1,0,89,0,1,democrat,control
Planned_Parenthood,0,1,78,0,3,independent,control
Guns_Background,1,0,25,0,4,democrat,control
Minimum_Wage,1,0,40,0,3,independent,libtrump
Minimum_Wage,1,1,33,0,4,independent,libtrump
Abortion,1,1,58,0,5,republican,libtrump
Minimum_Wage,1,1,58,1,4,republican,libtrump
Climate_Change,0,1,42,0,4,republican,control
Minimum_Wage,0,1,71,0,4,republican,libtrump
Immigration,1,0,31,0,1,independent,control
Climate_Change,1,1,20,0,1,democrat,control
Climate_Change,1,1,42,0,1,democrat,libtrump
Minimum_Wage,1,1,27,0,1,democrat,control
Guns_Background,1,1,38,1,1,democrat,control
Climate_Change,0,1,83,1,1,democrat,libtrump
Planned_Parenthood,1,1,62,0,1,democrat,control
Climate_Change,0,1,61,0,4,republican,control
Health_Care,1,1,67,0,2,independent,control
Iran_Agreement,1,1,23,0,2,independent,control
Iran_Agreement,1,1,59,0,1,democrat,control
Immigration,1,1,52,0,4,independent,control
Guns_Background,1,0,36,0,2,independent,control
School_Guns,0,1,43,0,5,independent,control
Minimum_Wage,1,0,28,0,1,democrat,control
Climate_Change,1,1,62,0,1,democrat,control
Tax_Increase,1,1,56,0,1,democrat,control
School_Guns,1,1,69,0,1,democrat,control
Climate_Change,0,1,64,0,5,republican,control
Minimum_Wage,0,1,62,0,3,republican,control
Iran_Agreement,0,1,59,0,4,independent,libtrump
Immigration,1,1,40,0,4,republican,control
Health_Care,0,1,37,0,5,republican,control
Minimum_Wage,1,1,39,0,2,independent,control
Climate_Change,1,0,66,0,1,democrat,control
Minimum_Wage,1,0,26,0,3,democrat,libtrump
Tax_Increase,1,1,41,0,1,democrat,control
Abortion,0,0,51,0,1,democrat,control
School_Guns,1,1,31,1,1,democrat,control
Minimum_Wage,0,1,82,0,4,republican,control
Health_Care,0,1,71,0,1,republican,control
Tax_Increase,1,1,48,0,3,democrat,control
Planned_Parenthood,0,1,56,0,5,republican,control
Guns_Background,0,1,38,1,1,democrat,libtrump
Planned_Parenthood,1,1,49,0,1,democrat,control
Abortion,1,1,48,0,1,republican,control
Iran_Agreement,1,0,47,0,5,republican,control
Planned_Parenthood,1,0,57,0,3,democrat,libtrump
Abortion,0,1,57,0,5,republican,control
Abortion,1,1,57,0,4,democrat,control
Tax_Increase,1,1,63,0,5,republican,libtrump
Minimum_Wage,0,1,49,0,1,democrat,control
Health_Care,1,1,83,1,1,democrat,libtrump
Climate_Change,1,1,56,0,3,republican,libtrump
School_Guns,1,0,25,1,1,democrat,control
Minimum_Wage,1,1,28,0,5,democrat,libtrump
Climate_Change,1,0,64,0,1,democrat,control
Minimum_Wage,1,1,39,0,1,democrat,control
Abortion,0,1,50,1,3,republican,control
Guns_Background,1,1,27,0,1,democrat,libtrump
Health_Care,1,1,58,0,1,democrat,control
Planned_Parenthood,1,1,43,0,1,democrat,control
Tax_Increase,1,1,61,1,1,democrat,control
Minimum_Wage,1,1,20,0,1,democrat,control
Climate_Change,1,1,27,0,1,democrat,control
Abortion,1,1,24,1,3,independent,libtrump
Planned_Parenthood,1,1,44,0,1,democrat,control
Minimum_Wage,1,0,60,0,5,republican,control
Minimum_Wage,0,1,38,0,5,republican,control
Guns_Background,1,0,57,0,1,democrat,libtrump
Health_Care,1,1,76,0,5,republican,control
School_Guns,0,1,28,0,4,independent,control
School_Guns,0,1,56,0,4,republican,control
Iran_Agreement,0,1,66,1,5,republican,control
School_Guns,0,1,57,0,5,independent,control
Immigration,0,0,56,0,2,democrat,control
Abortion,1,1,71,0,1,independent,control
Abortion,1,0,63,0,1,democrat,libtrump
Health_Care,0,1,82,0,5,republican,control
School_Guns,1,0,27,0,1,independent,control
Minimum_Wage,0,1,52,1,4,independent,control
Planned_Parenthood,1,1,62,0,1,democrat,control
Health_Care,1,0,30,0,1,independent,control
Planned_Parenthood,1,1,57,1,1,democrat,control
Guns_Background,1,0,53,0,1,democrat,control
Abortion,1,1,33,0,4,republican,control
Tax_Increase,1,1,26,0,2,democrat,control
Guns_Background,1,1,34,0,1,democrat,libtrump
Iran_Agreement,1,0,36,1,1,democrat,control
Planned_Parenthood,0,1,25,0,3,republican,libtrump
Tax_Increase,1,1,55,1,1,democrat,libtrump
Health_Care,1,1,28,0,1,democrat,control
Tax_Increase,1,0,47,1,1,independent,control
Health_Care,1,0,69,0,1,democrat,control
Minimum_Wage,1,1,41,0,2,democrat,libtrump
Planned_Parenthood,0,1,57,0,5,independent,control
Iran_Agreement,0,1,68,0,4,republican,control
Climate_Change,1,0,44,0,1,democrat,control
Health_Care,0,1,57,0,5,independent,control
Minimum_Wage,1,0,22,0,3,republican,control
Minimum_Wage,1,1,33,0,4,democrat,control
Immigration,0,1,43,0,2,republican,control
Health_Care,1,1,33,0,1,democrat,control
School_Guns,1,1,68,0,1,democrat,control
Iran_Agreement,1,1,83,1,1,democrat,libtrump
Health_Care,0,1,53,0,5,republican,control
Immigration,1,1,33,0,4,independent,libtrump
Minimum_Wage,0,1,36,1,4,republican,control
Planned_Parenthood,1,1,44,0,5,republican,control
Iran_Agreement,1,1,26,0,1,democrat,control
Minimum_Wage,0,1,59,0,4,republican,control
Minimum_Wage,1,1,70,0,1,independent,control
Immigration,0,1,75,0,5,republican,control
Minimum_Wage,0,1,40,0,5,republican,libtrump
Immigration,1,1,60,0,4,democrat,libtrump
Planned_Parenthood,0,1,23,0,2,independent,control
Abortion,1,0,28,0,2,democrat,control
Iran_Agreement,1,1,57,0,4,republican,control
Abortion,1,1,64,0,4,republican,libtrump
Iran_Agreement,0,1,69,0,5,independent,control
Immigration,0,1,38,0,1,independent,control
Iran_Agreement,0,1,64,0,4,republican,libtrump
School_Guns,0,1,60,0,1,democrat,control
Planned_Parenthood,1,1,20,1,1,independent,control
Planned_Parenthood,0,0,19,0,3,democrat,libtrump
Guns_Background,0,1,76,0,3,republican,control
Planned_Parenthood,0,1,79,0,5,republican,libtrump
Planned_Parenthood,0,1,67,0,3,republican,control
Climate_Change,0,1,57,0,5,independent,control
Planned_Parenthood,1,1,39,0,3,independent,control
Planned_Parenthood,0,1,38,0,5,republican,control
Guns_Background,1,1,50,0,3,republican,control
Abortion,0,1,27,0,4,independent,control
Tax_Increase,0,1,62,0,5,republican,control
Immigration,0,0,59,0,2,democrat,control
Guns_Background,1,1,38,0,1,independent,control
Health_Care,1,1,24,0,1,democrat,control
Guns_Background,0,1,31,1,5,republican,control
Immigration,0,1,29,0,3,independent,control
Minimum_Wage,1,0,28,0,4,democrat,control
Health_Care,1,1,40,0,4,republican,control
Iran_Agreement,1,1,20,1,1,independent,control
Iran_Agreement,1,1,69,0,1,independent,control
School_Guns,0,1,27,0,4,independent,control
Health_Care,1,0,40,0,1,democrat,control
Guns_Background,0,0,51,0,2,republican,control
Guns_Background,1,1,35,0,3,republican,libtrump
Minimum_Wage,1,0,57,0,3,democrat,libtrump
Guns_Background,1,1,56,0,4,republican,control
Planned_Parenthood,1,1,21,1,1,democrat,control
Minimum_Wage,1,1,50,1,3,republican,control
Guns_Background,1,1,50,0,1,democrat,control
Health_Care,1,1,38,1,1,democrat,control
Planned_Parenthood,1,1,34,0,1,democrat,control
Guns_Background,1,1,27,0,1,democrat,control
Tax_Increase,1,1,71,0,4,republican,libtrump
Abortion,1,0,53,1,2,democrat,libtrump
Minimum_Wage,1,0,28,0,4,democrat,control
Minimum_Wage,1,1,64,0,5,republican,control
Immigration,0,1,39,0,1,democrat,control
Guns_Background,1,1,62,0,1,democrat,control
Tax_Increase,1,1,22,0,2,democrat,control
Immigration,1,0,28,0,4,democrat,control
Iran_Agreement,0,0,53,1,2,democrat,libtrump
Planned_Parenthood,0,1,38,1,4,republican,control
Tax_Increase,0,1,27,1,5,independent,libtrump
Iran_Agreement,1,1,57,0,1,democrat,libtrump
Tax_Increase,1,1,53,0,1,democrat,control
Tax_Increase,1,1,41,0,1,republican,libtrump
Health_Care,0,1,64,1,3,independent,libtrump
Abortion,1,1,47,1,4,republican,libtrump
Guns_Background,0,1,60,1,3,republican,control
Planned_Parenthood,1,1,26,1,1,democrat,libtrump
Health_Care,1,0,64,0,1,democrat,control
Climate_Change,1,1,22,0,3,democrat,control
Health_Care,1,1,63,0,5,democrat,control
Guns_Background,1,0,42,0,1,democrat,control
Tax_Increase,1,1,66,0,1,independent,control
Immigration,0,1,56,0,5,republican,control
Tax_Increase,1,1,29,1,1,democrat,control
Guns_Background,1,1,42,0,4,independent,libtrump
Minimum_Wage,1,1,59,1,5,republican,libtrump
Planned_Parenthood,1,1,24,1,3,independent,libtrump
Immigration,0,1,61,1,5,republican,control
Planned_Parenthood,0,1,65,0,5,republican,control
Health_Care,1,0,62,0,1,democrat,libtrump
Tax_Increase,1,0,50,0,1,democrat,control
Climate_Change,1,0,53,0,1,democrat,control
Immigration,0,1,45,0,5,republican,control
Minimum_Wage,0,1,41,0,4,republican,libtrump
Minimum_Wage,1,1,26,1,1,democrat,libtrump
Planned_Parenthood,1,0,60,0,4,independent,libtrump
Health_Care,1,1,26,0,2,democrat,control
Immigration,1,1,60,0,1,democrat,control
Health_Care,1,1,55,0,1,democrat,control
Climate_Change,1,1,55,0,4,republican,control
Minimum_Wage,1,1,39,0,3,independent,control
Abortion,1,1,42,0,1,democrat,control
Guns_Background,1,1,52,0,1,democrat,control
Health_Care,1,0,79,0,1,democrat,control
Tax_Increase,0,1,51,0,2,democrat,control
Immigration,1,1,57,1,1,democrat,control
Tax_Increase,1,1,42,0,1,democrat,libtrump
Guns_Background,1,1,33,1,5,republican,libtrump
Planned_Parenthood,0,1,42,0,2,independent,libtrump
Guns_Background,1,1,34,0,4,democrat,libtrump
Planned_Parenthood,1,1,42,0,1,democrat,control
Abortion,1,1,37,1,1,republican,control
Tax_Increase,1,0,25,0,2,independent,control
Iran_Agreement,0,1,64,0,4,republican,libtrump
Planned_Parenthood,1,1,38,1,1,democrat,control
Guns_Background,1,1,29,0,3,independent,control
Health_Care,1,1,61,1,5,republican,control
Planned_Parenthood,1,0,30,0,1,democrat,libtrump
Climate_Change,0,1,43,0,2,republican,control
School_Guns,0,0,35,0,1,democrat,control
Guns_Background,1,1,58,1,4,republican,libtrump
Abortion,1,1,60,0,4,democrat,libtrump
Tax_Increase,1,1,63,0,1,democrat,control
Guns_Background,0,1,38,0,5,republican,control
Climate_Change,1,1,64,1,5,republican,libtrump
Abortion,1,1,48,1,1,independent,control
Health_Care,0,0,63,0,2,independent,libtrump
Minimum_Wage,1,1,23,0,5,republican,control
Planned_Parenthood,1,1,83,1,1,democrat,libtrump
Planned_Parenthood,1,1,61,0,1,democrat,control
Tax_Increase,1,0,22,1,1,democrat,control
Health_Care,0,1,75,0,5,republican,control
Tax_Increase,1,0,36,0,2,independent,control
Health_Care,1,1,42,1,1,democrat,control
School_Guns,0,0,31,0,1,independent,control
Guns_Background,0,1,61,0,4,republican,control
Minimum_Wage,0,1,69,0,5,independent,control
Planned_Parenthood,0,1,39,0,3,republican,control
Climate_Change,1,1,32,0,1,democrat,libtrump
Planned_Parenthood,1,1,41,0,1,democrat,control
Immigration,0,0,51,0,2,republican,control
Abortion,1,1,30,0,2,democrat,libtrump
Health_Care,1,0,64,1,5,democrat,control
Immigration,1,1,47,1,1,independent,libtrump
Planned_Parenthood,1,1,47,0,3,democrat,libtrump
Planned_Parenthood,0,1,59,1,5,republican,control
Iran_Agreement,1,1,29,0,5,republican,control
Planned_Parenthood,1,0,31,0,2,democrat,control
Health_Care,1,1,60,1,1,democrat,control
Health_Care,1,1,41,0,1,democrat,control
Abortion,1,0,69,0,1,democrat,control
Guns_Background,1,1,28,0,1,democrat,control
Guns_Background,1,1,37,1,1,republican,control
Minimum_Wage,1,0,31,0,2,democrat,control
Abortion,1,1,32,0,1,democrat,libtrump
Health_Care,0,1,58,1,4,republican,libtrump
Guns_Background,1,1,40,0,1,democrat,control
Minimum_Wage,1,1,26,0,1,democrat,control
Immigration,1,1,69,0,1,independent,control
Health_Care,0,0,28,0,1,democrat,control
Abortion,1,1,59,1,1,democrat,libtrump
Climate_Change,1,0,20,0,3,independent,control
Planned_Parenthood,1,1,22,0,3,democrat,control
Minimum_Wage,0,1,62,0,5,republican,control
Planned_Parenthood,1,0,35,0,1,democrat,control
Climate_Change,0,1,61,1,5,republican,control
Immigration,0,1,37,0,5,republican,control
School_Guns,1,1,27,0,2,republican,control
Iran_Agreement,1,1,63,0,1,democrat,control
Minimum_Wage,0,1,25,0,2,independent,control
Climate_Change,0,1,60,1,3,republican,control
Minimum_Wage,1,1,53,0,1,democrat,control
Abortion,1,1,82,0,5,republican,control
Iran_Agreement,0,1,63,0,4,republican,libtrump
Immigration,0,1,82,1,4,republican,control
Immigration,0,1,74,0,5,republican,control
Climate_Change,1,0,30,0,1,republican,control
Abortion,0,0,28,0,1,democrat,control
Iran_Agreement,1,1,52,0,4,independent,control
Planned_Parenthood,0,0,58,1,5,republican,control
Iran_Agreement,1,1,63,0,4,republican,control
Planned_Parenthood,1,1,25,0,3,republican,control
School_Guns,1,1,83,1,1,democrat,libtrump
Planned_Parenthood,0,1,70,0,5,republican,control
School_Guns,1,1,21,0,1,democrat,control
Tax_Increase,1,1,21,1,1,democrat,control
Minimum_Wage,0,1,42,0,2,independent,control
Tax_Increase,0,0,31,0,1,independent,control
Iran_Agreement,1,0,49,1,1,democrat,control
Minimum_Wage,1,1,32,0,1,democrat,libtrump
Iran_Agreement,0,1,58,0,5,republican,libtrump
Guns_Background,1,0,64,1,5,democrat,control
Minimum_Wage,1,1,76,1,1,democrat,libtrump
Planned_Parenthood,0,1,62,0,3,republican,control
Guns_Background,1,1,28,0,4,republican,libtrump
School_Guns,0,1,76,0,5,republican,control
Minimum_Wage,1,1,52,0,5,republican,control
Minimum_Wage,1,1,60,1,1,democrat,libtrump
School_Guns,0,1,75,0,5,republican,control
Tax_Increase,0,1,38,0,5,republican,control
Health_Care,1,0,64,0,1,democrat,control
Minimum_Wage,1,1,64,1,1,democrat,control
Minimum_Wage,1,0,68,0,1,democrat,control
Tax_Increase,1,1,58,1,4,republican,libtrump
Health_Care,0,1,47,0,3,democrat,libtrump
Health_Care,1,1,63,0,4,republican,libtrump
Abortion,1,1,82,0,4,republican,control
Planned_Parenthood,0,1,22,1,1,independent,control
Tax_Increase,0,1,64,1,4,republican,control
Minimum_Wage,1,1,69,0,1,independent,control
Minimum_Wage,0,0,22,0,1,democrat,control
Iran_Agreement,1,1,60,0,1,democrat,control
Planned_Parenthood,1,0,69,0,1,democrat,control
Minimum_Wage,1,1,21,0,1,democrat,control
Guns_Background,1,1,62,1,1,democrat,control
Abortion,1,1,53,0,1,democrat,control
Tax_Increase,1,1,27,0,1,independent,libtrump
Iran_Agreement,1,1,42,1,1,democrat,control
Health_Care,1,1,22,0,2,democrat,control
Minimum_Wage,1,1,67,0,3,republican,control
Iran_Agreement,1,1,60,1,1,democrat,control
Iran_Agreement,1,1,64,1,1,democrat,control
Immigration,0,1,51,1,5,republican,control
Climate_Change,1,1,71,0,1,democrat,control
Abortion,1,1,31,0,1,democrat,control
Iran_Agreement,1,1,82,1,4,republican,control
School_Guns,1,0,64,0,1,democrat,control
School_Guns,0,0,26,0,3,democrat,libtrump
Abortion,1,1,63,0,1,democrat,control
Iran_Agreement,1,1,60,0,3,independent,libtrump
Guns_Background,1,1,53,0,3,democrat,libtrump
Immigration,0,1,58,1,4,independent,libtrump
Abortion,1,1,57,1,5,republican,control
Guns_Background,1,1,83,1,1,democrat,libtrump
School_Guns,1,1,25,1,1,democrat,libtrump
Minimum_Wage,0,1,33,0,1,democrat,libtrump
Planned_Parenthood,1,1,20,0,5,republican,libtrump
Planned_Parenthood,0,1,23,0,5,republican,control
Guns_Background,1,1,27,0,4,democrat,libtrump
Climate_Change,1,1,64,0,5,republican,libtrump
Planned_Parenthood,0,1,72,0,5,republican,control
Immigration,0,1,74,0,5,republican,libtrump
School_Guns,1,1,85,0,5,republican,control
Abortion,1,0,35,0,1,democrat,control
Climate_Change,1,1,62,0,1,democrat,libtrump
Tax_Increase,1,1,42,1,1,democrat,control
Climate_Change,1,1,48,0,1,republican,control
Iran_Agreement,0,1,52,0,4,independent,libtrump
Climate_Change,1,1,52,0,1,democrat,control
Abortion,1,1,32,0,1,democrat,control
Tax_Increase,0,0,58,1,5,republican,control
Planned_Parenthood,1,1,26,0,1,democrat,libtrump
Abortion,0,0,70,0,5,independent,control
Abortion,1,0,59,1,1,democrat,control
Abortion,1,1,68,0,5,democrat,control
Planned_Parenthood,1,1,59,0,1,democrat,control
Guns_Background,1,1,35,0,4,republican,libtrump
Health_Care,1,1,76,0,5,republican,libtrump
School_Guns,1,1,50,1,4,independent,control
School_Guns,0,1,60,0,3,independent,control
School_Guns,1,1,42,0,1,democrat,control
School_Guns,0,1,32,0,5,republican,libtrump
Tax_Increase,1,1,50,1,4,independent,control
Minimum_Wage,1,1,24,1,3,independent,libtrump
School_Guns,1,0,60,0,1,democrat,libtrump
Abortion,1,1,38,0,5,republican,libtrump
Tax_Increase,1,1,59,0,3,independent,libtrump
Health_Care,0,1,59,0,4,republican,control
Tax_Increase,1,1,61,1,5,republican,control
Guns_Background,1,0,38,0,3,republican,control
Minimum_Wage,1,1,57,1,1,democrat,control
Health_Care,1,1,50,1,3,republican,control
Iran_Agreement,0,1,64,0,5,independent,control
Tax_Increase,1,1,62,1,1,democrat,control
Minimum_Wage,1,1,61,0,4,republican,control
Immigration,1,1,68,0,1,democrat,control
Health_Care,1,1,24,0,5,democrat,libtrump
Planned_Parenthood,0,1,63,0,4,republican,control
Immigration,1,1,61,0,1,democrat,control
Iran_Agreement,1,0,79,0,1,democrat,control
School_Guns,0,1,75,0,5,republican,control
Health_Care,1,1,58,1,5,republican,libtrump
Planned_Parenthood,1,1,59,0,3,independent,libtrump
Tax_Increase,1,1,64,0,5,independent,control
Abortion,1,1,60,0,1,democrat,control
Climate_Change,1,1,24,0,5,republican,control
Guns_Background,1,1,64,1,1,democrat,control
Climate_Change,1,0,28,0,1,democrat,control
Guns_Background,1,1,72,0,5,republican,control
Health_Care,1,1,49,0,1,democrat,control
School_Guns,1,1,38,0,1,independent,control
Abortion,0,0,34,0,5,republican,control
School_Guns,1,1,61,0,4,republican,libtrump
Abortion,0,1,31,0,3,republican,control
Tax_Increase,1,1,63,0,4,republican,libtrump
Minimum_Wage,1,1,51,0,4,independent,control
Tax_Increase,0,1,20,0,4,republican,control
Immigration,1,0,63,0,2,democrat,libtrump
Minimum_Wage,0,1,27,0,5,independent,control
Tax_Increase,1,1,50,1,3,republican,control
Health_Care,0,1,57,1,3,republican,control
Tax_Increase,0,1,51,1,5,republican,control
School_Guns,0,1,52,1,4,independent,control
Climate_Change,1,1,64,0,1,democrat,control
Immigration,0,1,23,0,5,republican,control
Guns_Background,1,0,49,1,4,independent,control
Abortion,1,1,64,0,1,independent,libtrump
Minimum_Wage,1,1,36,0,1,democrat,control
Immigration,0,0,30,0,5,republican,control
Tax_Increase,1,0,67,0,2,democrat,control
Climate_Change,1,0,19,0,3,democrat,libtrump
Minimum_Wage,1,1,42,0,4,republican,libtrump
Climate_Change,1,1,61,1,1,democrat,control
Health_Care,1,1,64,0,1,independent,libtrump
Minimum_Wage,1,1,33,0,4,republican,control
School_Guns,1,1,21,1,1,democrat,control
Abortion,1,0,32,0,1,democrat,control
Climate_Change,1,0,34,0,1,democrat,control
Abortion,0,1,82,0,5,republican,control
Iran_Agreement,1,0,69,0,1,democrat,control
Tax_Increase,1,0,64,1,5,democrat,control
Guns_Background,0,1,33,0,5,independent,libtrump
Guns_Background,1,0,37,0,1,democrat,libtrump
Minimum_Wage,0,1,27,0,5,republican,control
Minimum_Wage,0,1,38,0,5,republican,control
Immigration,0,1,27,0,2,republican,control
Immigration,1,1,72,0,1,democrat,libtrump
Health_Care,1,1,37,0,1,independent,control
Planned_Parenthood,0,1,75,0,5,republican,control
Immigration,0,1,52,0,1,democrat,libtrump
Iran_Agreement,0,1,22,1,1,independent,control
Tax_Increase,0,0,32,0,1,democrat,control
Guns_Background,0,1,60,0,5,independent,control
Abortion,0,1,28,0,4,republican,libtrump
Abortion,1,1,59,1,5,republican,libtrump
Tax_Increase,1,0,22,0,1,republican,control
Guns_Background,1,0,51,0,1,democrat,control
Immigration,0,1,42,0,4,republican,control
Guns_Background,1,0,67,0,1,democrat,libtrump
Abortion,1,1,26,0,1,democrat,control
Climate_Change,1,1,46,0,5,republican,control
Tax_Increase,1,0,25,0,4,democrat,control
Health_Care,0,1,48,1,4,republican,control
Minimum_Wage,1,1,52,0,4,independent,libtrump
Abortion,1,0,38,0,1,democrat,control
Immigration,0,1,58,0,5,republican,libtrump
Immigration,0,1,22,0,3,democrat,control
Immigration,0,1,68,0,1,democrat,control
Guns_Background,1,1,35,0,1,independent,control
Planned_Parenthood,0,1,64,0,5,independent,control
Iran_Agreement,0,1,60,0,5,republican,control
Abortion,1,1,48,1,1,democrat,control
Planned_Parenthood,1,1,43,0,5,independent,control
Health_Care,1,0,47,1,1,independent,control
Climate_Change,0,1,74,1,5,independent,control
Guns_Background,0,1,53,1,4,republican,control
Climate_Change,0,1,44,0,5,republican,control
Tax_Increase,1,1,24,0,5,republican,control
Immigration,1,1,32,0,1,democrat,libtrump
Iran_Agreement,1,1,29,0,1,democrat,control
Climate_Change,1,1,60,1,1,democrat,libtrump
Climate_Change,0,0,43,0,4,independent,control
Minimum_Wage,1,1,55,0,4,independent,libtrump
Health_Care,1,0,60,0,1,democrat,libtrump
Tax_Increase,1,0,43,0,2,democrat,libtrump
Guns_Background,1,1,46,0,1,democrat,control
Health_Care,1,1,26,1,1,democrat,libtrump
Climate_Change,1,0,40,0,4,democrat,control
Climate_Change,1,1,60,0,3,independent,control
Planned_Parenthood,0,0,31,0,5,independent,control
Immigration,1,1,29,0,5,republican,control
Immigration,1,1,70,0,1,independent,control
Guns_Background,1,1,32,0,1,independent,control
Planned_Parenthood,1,0,43,0,2,democrat,libtrump
Minimum_Wage,1,1,70,1,1,democrat,libtrump
Guns_Background,1,0,22,0,4,democrat,control
Planned_Parenthood,0,0,20,0,1,independent,control
Tax_Increase,1,1,39,0,3,republican,control
Tax_Increase,0,1,33,0,1,independent,control
Guns_Background,1,1,62,0,3,republican,control
Minimum_Wage,1,1,29,0,5,republican,control
Tax_Increase,1,1,44,0,3,independent,control
Iran_Agreement,0,1,52,1,4,independent,control
Planned_Parenthood,1,1,32,0,5,republican,libtrump
Abortion,1,1,33,0,4,republican,libtrump
Minimum_Wage,1,1,34,0,4,democrat,libtrump
Health_Care,1,1,70,1,1,democrat,libtrump
Health_Care,0,1,72,0,5,republican,control
Guns_Background,1,0,64,0,1,democrat,control
Tax_Increase,1,0,30,0,1,independent,control
School_Guns,0,0,77,0,5,republican,control
Tax_Increase,1,1,55,0,1,democrat,control
Guns_Background,1,1,53,0,1,democrat,control
Immigration,0,1,58,0,4,republican,control
Health_Care,1,0,64,0,1,democrat,control
Tax_Increase,1,1,61,1,4,republican,control
Guns_Background,1,1,57,0,4,democrat,control
Health_Care,1,1,63,0,1,independent,control
Tax_Increase,1,0,37,0,1,democrat,libtrump
Minimum_Wage,1,0,77,0,4,republican,libtrump
Guns_Background,1,0,68,0,1,democrat,control
Immigration,1,1,27,0,4,democrat,libtrump
Guns_Background,1,1,47,1,1,independent,libtrump
Immigration,0,1,59,1,5,republican,control
Planned_Parenthood,1,1,52,0,1,democrat,libtrump
Guns_Background,0,1,58,1,4,independent,libtrump
Minimum_Wage,0,1,64,1,3,independent,libtrump
Minimum_Wage,1,1,48,1,1,democrat,control
Climate_Change,1,1,39,0,1,democrat,control
Abortion,1,1,57,0,1,democrat,control
Minimum_Wage,1,0,32,0,1,democrat,control
Abortion,1,1,33,0,4,independent,libtrump
Climate_Change,1,1,53,0,3,democrat,libtrump
Guns_Background,1,0,57,0,1,democrat,libtrump
Minimum_Wage,1,1,77,0,4,republican,libtrump
Immigration,0,1,64,0,4,republican,libtrump
School_Guns,1,0,30,0,5,democrat,control
Health_Care,1,1,33,0,4,democrat,control
Health_Care,1,0,67,0,1,democrat,control
Iran_Agreement,0,0,31,0,5,independent,control
Immigration,0,1,71,0,2,democrat,libtrump
Climate_Change,1,1,57,0,1,democrat,control
School_Guns,1,0,22,0,1,democrat,control
Minimum_Wage,1,1,58,1,4,republican,libtrump
Abortion,1,1,36,0,1,democrat,control
Tax_Increase,0,1,74,0,5,republican,control
Immigration,1,0,64,0,1,democrat,control
Guns_Background,1,0,30,0,5,republican,control
Minimum_Wage,0,0,70,0,5,independent,control
School_Guns,1,0,58,1,3,democrat,control
Abortion,1,1,68,0,1,democrat,control
Minimum_Wage,0,1,60,1,5,republican,libtrump
Guns_Background,1,1,48,0,1,republican,control
Climate_Change,0,1,51,0,2,democrat,control
School_Guns,1,1,29,1,1,democrat,control
School_Guns,0,0,42,0,1,democrat,libtrump
Abortion,1,1,70,1,1,democrat,libtrump
Tax_Increase,1,1,36,1,1,democrat,control
Immigration,0,1,40,0,5,republican,libtrump
School_Guns,0,1,28,0,1,democrat,control
Abortion,0,1,20,1,4,republican,control
Abortion,1,1,35,1,1,democrat,control
Minimum_Wage,0,1,42,0,2,independent,libtrump
Minimum_Wage,1,0,25,0,1,democrat,control
Minimum_Wage,1,1,63,0,1,democrat,control
School_Guns,1,0,64,1,5,democrat,control
Abortion,0,1,22,0,3,democrat,control
Minimum_Wage,1,0,59,1,1,democrat,control
Guns_Background,1,1,61,0,4,republican,control
Iran_Agreement,0,0,19,0,1,independent,libtrump
Health_Care,1,1,39,0,2,independent,control
Health_Care,1,0,63,0,1,democrat,libtrump
Guns_Background,1,0,22,1,1,democrat,control
Guns_Background,0,0,62,0,5,republican,control
Tax_Increase,1,1,64,0,5,republican,control
Planned_Parenthood,1,0,65,0,5,republican,control
Planned_Parenthood,1,1,38,0,5,republican,libtrump
Tax_Increase,1,1,35,0,4,republican,libtrump
Health_Care,0,1,59,0,4,independent,libtrump
Health_Care,0,1,51,1,4,republican,libtrump
Immigration,1,0,30,0,1,independent,control
Climate_Change,0,0,77,0,5,republican,control
Guns_Background,1,1,77,0,4,republican,libtrump
Iran_Agreement,1,1,28,0,1,democrat,control
Guns_Background,1,1,69,0,1,independent,control
Abortion,1,1,26,0,3,republican,libtrump
Climate_Change,0,1,61,0,4,republican,control
Immigration,1,0,38,0,4,democrat,control
Planned_Parenthood,0,1,27,0,3,republican,libtrump
Guns_Background,1,1,24,0,1,democrat,control
Planned_Parenthood,1,0,29,0,2,democrat,control
Immigration,0,1,75,0,5,republican,control
Minimum_Wage,1,1,27,1,4,democrat,control
Planned_Parenthood,1,1,33,0,1,democrat,control
Health_Care,1,0,28,0,4,democrat,control
Health_Care,1,1,85,0,5,republican,control
Guns_Background,1,1,59,1,1,democrat,libtrump
Guns_Background,1,1,68,0,3,independent,libtrump
Planned_Parenthood,0,1,20,0,4,republican,control
Health_Care,1,1,42,1,2,democrat,control
School_Guns,1,0,25,0,1,democrat,control
Health_Care,1,1,60,0,3,independent,libtrump
Minimum_Wage,1,1,27,0,4,independent,control
Abortion,0,1,33,1,5,republican,libtrump
Immigration,0,1,60,0,5,republican,libtrump
Abortion,1,1,47,0,3,democrat,libtrump
Tax_Increase,1,0,66,0,1,democrat,control
Immigration,1,1,28,0,1,independent,control
Climate_Change,1,1,21,0,1,democrat,control
Abortion,1,0,25,1,1,democrat,control
Guns_Background,0,1,33,0,1,democrat,control
Minimum_Wage,1,0,33,0,3,democrat,control
Abortion,1,1,38,1,1,democrat,control
Immigration,1,1,25,0,3,republican,control
Health_Care,1,1,68,0,1,democrat,control
School_Guns,0,1,48,1,4,republican,control
Guns_Background,1,1,70,1,4,republican,control
Guns_Background,1,0,63,0,1,democrat,libtrump
Planned_Parenthood,1,1,37,1,1,democrat,control
Health_Care,0,1,56,0,4,republican,control
Guns_Background,0,1,42,0,2,independent,control
School_Guns,1,1,26,0,1,democrat,libtrump
Immigration,1,1,27,0,3,republican,libtrump
School_Guns,1,1,52,0,1,democrat,control
Immigration,0,0,28,0,4,democrat,control
Climate_Change,0,1,74,0,5,republican,control
Health_Care,0,0,31,0,1,independent,control
Minimum_Wage,1,1,38,1,1,democrat,control
Minimum_Wage,1,1,34,0,5,independent,control
School_Guns,0,0,64,0,1,democrat,control
Climate_Change,1,0,25,1,1,democrat,control
Tax_Increase,0,1,59,1,5,republican,control
Climate_Change,1,1,56,0,1,democrat,control
Immigration,0,0,34,0,5,republican,control
Tax_Increase,1,0,59,0,2,democrat,control
School_Guns,1,1,51,0,4,independent,control
Minimum_Wage,1,1,42,1,5,democrat,libtrump
Immigration,1,1,55,0,1,democrat,control
Planned_Parenthood,1,1,42,1,1,democrat,control
School_Guns,1,1,64,0,1,democrat,control
Immigration,0,1,71,0,1,independent,control
Abortion,1,1,39,0,2,independent,control
Iran_Agreement,1,1,61,0,4,republican,control
Immigration,1,0,39,0,5,democrat,control
Minimum_Wage,1,0,39,0,1,democrat,control
Abortion,1,1,59,0,4,republican,control
Immigration,1,1,32,0,1,independent,control
Tax_Increase,1,0,43,0,4,independent,control
Immigration,0,1,82,0,5,republican,control
Minimum_Wage,1,1,24,0,5,republican,control
School_Guns,1,1,61,0,1,democrat,control
Immigration,1,0,57,0,1,democrat,libtrump
Abortion,1,1,27,0,1,independent,libtrump
Abortion,1,0,27,0,3,independent,control
Planned_Parenthood,0,1,76,0,3,republican,control
Immigration,1,1,50,1,3,republican,control
Minimum_Wage,1,1,59,1,1,democrat,libtrump
Minimum_Wage,1,1,44,0,5,republican,control
Minimum_Wage,1,1,62,1,1,democrat,control
Climate_Change,0,1,59,0,5,republican,control
Iran_Agreement,0,0,77,0,5,republican,control
Iran_Agreement,0,0,64,1,5,democrat,control
Immigration,1,1,50,0,1,democrat,control
Guns_Background,1,1,46,0,5,republican,control
Health_Care,1,1,58,0,4,republican,control
Guns_Background,1,0,31,0,2,democrat,control
Immigration,1,1,29,0,1,democrat,control
Guns_Background,1,1,30,0,2,democrat,libtrump
Planned_Parenthood,1,0,36,0,2,democrat,control
Tax_Increase,1,1,53,0,3,democrat,libtrump
Iran_Agreement,1,1,35,0,3,republican,libtrump
School_Guns,0,1,61,1,5,republican,control
Climate_Change,1,1,33,0,4,democrat,control
Climate_Change,1,1,22,1,1,democrat,control
Tax_Increase,1,0,59,0,1,democrat,control
Minimum_Wage,1,1,35,1,1,democrat,control
Immigration,1,1,57,0,4,democrat,control
Health_Care,1,1,68,0,2,republican,control
Abortion,1,1,64,1,1,democrat,control
Tax_Increase,1,0,60,1,1,democrat,control
Iran_Agreement,1,1,28,0,3,independent,control
Health_Care,1,1,22,0,2,independent,libtrump
Minimum_Wage,0,1,69,0,5,republican,control
Abortion,1,0,60,0,5,republican,control
Guns_Background,1,1,56,0,3,republican,libtrump
School_Guns,1,1,62,0,1,democrat,control
Climate_Change,1,0,39,0,1,democrat,control
Planned_Parenthood,0,1,42,0,5,republican,control
Guns_Background,1,1,67,1,1,democrat,control
Immigration,1,1,22,1,1,democrat,control
Climate_Change,1,1,76,0,3,independent,control
Planned_Parenthood,1,0,40,0,4,democrat,control
Minimum_Wage,0,1,61,0,4,republican,control
Tax_Increase,1,0,48,0,1,democrat,control
Health_Care,1,1,42,1,1,democrat,control
Tax_Increase,1,1,68,0,5,democrat,control
Tax_Increase,0,1,29,1,4,republican,control
Iran_Agreement,1,0,58,1,3,democrat,control
Health_Care,1,1,45,0,2,republican,control
Planned_Parenthood,1,1,24,0,5,democrat,libtrump
Iran_Agreement,0,1,61,1,5,republican,control
Planned_Parenthood,0,1,78,0,4,republican,control
School_Guns,0,0,30,0,5,republican,control
Health_Care,0,0,22,0,4,democrat,control
Iran_Agreement,1,1,55,0,1,democrat,control
School_Guns,1,1,39,0,1,democrat,control
Iran_Agreement,0,1,74,1,5,independent,control
School_Guns,0,0,34,0,2,democrat,control
Planned_Parenthood,1,1,67,1,1,democrat,control
Climate_Change,1,1,60,0,1,democrat,control
Health_Care,1,0,36,0,2,independent,control
Abortion,1,1,43,0,5,independent,control
Minimum_Wage,1,0,36,0,2,democrat,control
Guns_Background,1,1,45,0,2,republican,control
Iran_Agreement,1,0,25,0,2,independent,control
Immigration,0,1,74,1,5,republican,control
Tax_Increase,1,1,46,0,5,republican,control
Climate_Change,1,1,69,0,1,democrat,control
Minimum_Wage,1,0,37,0,1,democrat,libtrump
Tax_Increase,0,0,22,0,4,democrat,control
Planned_Parenthood,1,1,31,0,1,democrat,control
Health_Care,0,1,38,1,4,republican,control
Health_Care,1,0,30,0,1,democrat,libtrump
Climate_Change,1,1,27,0,1,independent,control
Guns_Background,1,1,28,0,4,independent,control
Climate_Change,1,1,68,0,2,democrat,libtrump
Health_Care,1,0,33,0,3,republican,control
Health_Care,1,1,29,0,1,independent,libtrump
School_Guns,0,1,29,1,4,republican,control
Planned_Parenthood,0,1,43,0,2,republican,control
Immigration,0,1,47,0,3,independent,libtrump
Iran_Agreement,0,0,31,0,1,independent,control
Health_Care,1,1,41,0,5,republican,libtrump
Climate_Change,1,1,42,1,2,democrat,control
Guns_Background,1,1,29,1,4,republican,control
Iran_Agreement,1,1,57,1,1,democrat,control
Climate_Change,1,1,34,0,4,democrat,libtrump
Immigration,1,1,51,0,4,republican,control
Guns_Background,1,1,75,0,5,republican,control
Minimum_Wage,1,1,62,0,1,democrat,libtrump
Tax_Increase,1,1,64,1,1,independent,control
Climate_Change,1,1,38,0,5,republican,control
School_Guns,1,1,34,0,1,democrat,control
Tax_Increase,0,1,47,0,3,independent,libtrump
Guns_Background,1,0,34,0,1,democrat,control
Minimum_Wage,1,1,34,0,1,republican,control
Planned_Parenthood,1,0,63,0,2,democrat,libtrump
Immigration,1,0,39,0,1,democrat,control
Climate_Change,1,1,50,0,1,democrat,control
Climate_Change,0,1,53,0,5,republican,control
Climate_Change,0,1,70,0,4,republican,libtrump
School_Guns,0,0,70,0,5,independent,control
Guns_Background,1,1,76,0,3,independent,control
Iran_Agreement,0,1,22,0,3,democrat,control
Planned_Parenthood,1,1,50,0,1,democrat,control
Guns_Background,1,1,21,1,1,democrat,control
Minimum_Wage,1,1,50,1,4,independent,control
Climate_Change,1,1,23,0,2,independent,control
Minimum_Wage,1,1,57,0,1,democrat,libtrump
Minimum_Wage,1,0,34,0,2,democrat,control
Immigration,0,1,35,0,3,republican,libtrump
Minimum_Wage,1,1,60,1,1,democrat,control
Minimum_Wage,1,0,53,0,1,democrat,control
School_Guns,0,1,76,0,3,independent,control
Iran_Agreement,0,1,55,0,4,independent,libtrump
Abortion,1,1,28,0,1,democrat,control
Tax_Increase,1,1,62,0,3,republican,control
Climate_Change,1,1,62,1,1,democrat,control
Guns_Background,1,1,27,0,1,independent,libtrump
Tax_Increase,1,1,20,0,5,republican,libtrump
Planned_Parenthood,0,1,71,0,1,republican,control
School_Guns,0,1,23,0,2,independent,control
Immigration,0,1,56,0,4,republican,control
Guns_Background,1,0,37,0,1,democrat,libtrump
School_Guns,1,1,33,0,1,independent,libtrump
Climate_Change,1,1,72,0,4,republican,control
Iran_Agreement,1,0,25,1,1,democrat,control
Minimum_Wage,1,1,72,0,5,republican,control
Planned_Parenthood,1,1,31,0,2,independent,libtrump
Tax_Increase,1,1,33,0,1,democrat,control
Immigration,1,0,25,0,4,democrat,control
Tax_Increase,1,0,60,0,4,independent,libtrump
Immigration,1,1,36,0,2,independent,control
Abortion,1,1,24,0,1,democrat,control
Climate_Change,0,0,43,0,2,democrat,libtrump
Minimum_Wage,0,1,76,0,3,republican,control
Abortion,1,1,29,0,1,democrat,control
Tax_Increase,1,0,49,1,1,democrat,control
Climate_Change,1,1,52,0,1,democrat,control
Tax_Increase,1,0,60,0,5,republican,control
Immigration,0,1,60,0,2,democrat,control
Health_Care,0,1,54,0,5,republican,control
Immigration,1,1,33,0,1,democrat,control
Abortion,1,0,30,0,5,republican,control
Climate_Change,0,1,59,0,3,republican,control
Health_Care,0,1,42,0,5,republican,control
Planned_Parenthood,1,1,34,0,4,democrat,libtrump
Immigration,0,1,52,1,4,republican,libtrump
Guns_Background,1,1,61,0,4,republican,control
Guns_Background,1,0,25,1,1,democrat,control
Minimum_Wage,1,1,55,0,1,democrat,control
Tax_Increase,1,1,64,1,1,democrat,control
Iran_Agreement,1,1,63,0,1,democrat,control
Iran_Agreement,1,1,50,1,1,democrat,control
Health_Care,0,0,58,1,5,republican,control
Climate_Change,0,1,50,1,3,republican,control
Abortion,1,1,51,0,2,democrat,control
Immigration,0,1,63,0,5,republican,control
Tax_Increase,0,1,58,0,4,democrat,control
Guns_Background,1,1,68,0,2,democrat,libtrump
Immigration,0,0,62,0,5,republican,control
Guns_Background,0,1,64,0,4,republican,libtrump
Iran_Agreement,1,1,37,1,1,republican,control
Immigration,1,1,27,0,1,democrat,control
Guns_Background,1,1,48,1,4,republican,control
Iran_Agreement,1,0,38,0,1,democrat,control
Abortion,1,1,21,0,1,democrat,control
Immigration,0,1,57,0,5,republican,control
Tax_Increase,0,1,22,0,3,democrat,control
Guns_Background,1,1,60,0,2,democrat,control
Health_Care,1,1,41,0,2,democrat,libtrump
Guns_Background,1,0,40,0,4,democrat,control
School_Guns,0,1,42,0,4,republican,control
Health_Care,1,1,48,0,4,independent,libtrump
Planned_Parenthood,1,0,62,0,1,democrat,libtrump
Minimum_Wage,1,0,30,0,1,republican,control
Immigration,0,1,64,0,5,independent,control
Guns_Background,1,0,36,1,1,democrat,control
Iran_Agreement,1,1,58,1,5,republican,libtrump
Climate_Change,1,1,59,0,1,democrat,control
Climate_Change,1,1,42,0,4,republican,libtrump
Health_Care,1,1,21,1,1,democrat,control
Iran_Agreement,0,1,54,1,4,republican,control
School_Guns,0,0,65,0,5,republican,control
School_Guns,1,1,42,0,1,democrat,libtrump
Iran_Agreement,1,0,49,1,4,independent,control
Iran_Agreement,1,0,65,0,5,republican,control
Tax_Increase,1,1,51,0,4,republican,libtrump
Climate_Change,0,1,49,0,3,republican,control
Guns_Background,1,1,76,0,5,republican,libtrump
Iran_Agreement,1,1,27,0,3,republican,libtrump
Guns_Background,1,0,56,0,2,independent,control
Planned_Parenthood,0,1,59,0,4,independent,libtrump
Climate_Change,1,0,30,0,1,independent,control
Health_Care,1,1,71,0,1,independent,control
Iran_Agreement,1,1,70,0,1,independent,control
Abortion,0,0,56,0,5,independent,libtrump
Planned_Parenthood,0,1,37,0,5,republican,control
Planned_Parenthood,1,0,25,0,4,democrat,control
Abortion,1,1,23,0,5,republican,control
Abortion,1,1,50,0,3,republican,control
Climate_Change,1,1,37,1,1,democrat,control
Iran_Agreement,1,1,57,0,2,independent,libtrump
Iran_Agreement,1,1,53,0,1,democrat,control
Iran_Agreement,1,1,64,1,1,independent,control
Planned_Parenthood,1,1,55,1,1,democrat,libtrump
Guns_Background,1,0,43,0,1,democrat,control
Health_Care,0,1,62,0,3,republican,control
Abortion,1,0,44,0,1,democrat,control
Immigration,0,1,61,0,4,republican,control
Health_Care,1,1,38,0,1,independent,control
Tax_Increase,1,1,39,0,1,democrat,control
Abortion,1,0,54,0,1,democrat,control
Guns_Background,1,1,49,0,3,republican,control
Climate_Change,0,1,57,0,5,republican,control
Iran_Agreement,0,1,61,0,3,republican,control
Guns_Background,1,1,80,0,3,independent,control
Health_Care,0,1,28,0,1,independent,libtrump
Abortion,1,1,67,0,2,independent,control
Immigration,0,1,68,0,4,republican,control
School_Guns,1,1,55,0,1,democrat,control
Immigration,1,1,52,0,1,democrat,control
Minimum_Wage,1,0,66,0,1,democrat,control
Climate_Change,0,1,33,0,4,republican,libtrump
Climate_Change,1,1,29,1,1,democrat,control
School_Guns,1,0,68,0,1,democrat,control
Health_Care,1,1,27,0,1,democrat,libtrump
School_Guns,1,0,47,1,1,independent,control
Tax_Increase,1,0,79,0,1,democrat,control
School_Guns,1,1,55,0,4,republican,control
School_Guns,1,1,29,0,1,democrat,control
Planned_Parenthood,0,1,61,0,4,republican,control
Climate_Change,1,1,64,1,1,democrat,control
Abortion,1,1,54,0,5,republican,control
Abortion,1,1,57,1,4,republican,control
Climate_Change,0,1,57,1,3,republican,control
Planned_Parenthood,1,0,57,0,1,democrat,libtrump
Minimum_Wage,1,0,37,0,1,democrat,libtrump
Health_Care,1,1,28,0,4,republican,libtrump
Planned_Parenthood,0,1,37,1,1,republican,control
School_Guns,0,1,53,0,5,republican,control
Guns_Background,1,0,38,0,1,democrat,control
School_Guns,1,0,51,0,1,democrat,control
Minimum_Wage,1,1,59,0,5,democrat,control
Guns_Background,1,1,52,0,5,republican,control
School_Guns,1,1,64,1,1,democrat,control
Health_Care,1,1,22,1,1,democrat,control
Minimum_Wage,0,0,31,0,1,independent,control
Planned_Parenthood,0,0,36,0,2,independent,control
Planned_Parenthood,0,1,38,0,5,republican,control
Tax_Increase,1,1,28,0,1,democrat,control
Iran_Agreement,0,0,51,0,3,republican,control
Climate_Change,1,0,56,0,2,democrat,control
Abortion,0,1,56,0,4,republican,control
Climate_Change,0,0,31,0,5,independent,control
Abortion,1,1,56,0,1,democrat,control
Abortion,1,0,31,0,1,independent,control
Minimum_Wage,1,1,48,0,1,independent,libtrump
Planned_Parenthood,0,1,72,0,5,republican,control
Abortion,0,1,63,1,5,republican,control
Climate_Change,1,1,33,0,1,democrat,control
Iran_Agreement,1,1,58,0,1,democrat,control
Iran_Agreement,1,0,43,0,2,democrat,libtrump
Tax_Increase,0,1,58,0,5,republican,libtrump
Minimum_Wage,1,1,43,0,1,democrat,control
School_Guns,1,1,44,0,1,democrat,control
Health_Care,1,1,52,0,5,republican,control
Immigration,1,1,62,0,1,democrat,control
Tax_Increase,0,1,33,0,4,republican,control
Abortion,0,1,28,0,4,independent,control
Planned_Parenthood,1,1,47,0,2,democrat,control
School_Guns,1,1,79,0,1,democrat,libtrump
Abortion,1,1,32,0,1,independent,control
Immigration,1,0,89,0,1,democrat,control
Abortion,0,1,28,0,3,independent,control
Immigration,0,1,64,0,4,republican,libtrump
Minimum_Wage,0,1,48,1,4,republican,control
Guns_Background,1,1,27,0,1,independent,control
Minimum_Wage,1,0,50,0,1,democrat,control
Abortion,1,0,60,0,1,democrat,libtrump
Minimum_Wage,1,1,39,0,3,republican,control
Minimum_Wage,1,1,28,0,3,independent,control
Tax_Increase,0,1,63,0,5,republican,control
Tax_Increase,0,1,55,0,4,independent,control
Abortion,0,1,85,0,5,republican,control
Planned_Parenthood,0,0,29,0,3,democrat,control
School_Guns,0,0,63,1,5,independent,control
Guns_Background,1,1,55,0,4,independent,libtrump
Health_Care,1,1,25,0,3,republican,libtrump
Health_Care,1,0,56,0,2,democrat,control
Guns_Background,1,1,49,0,1,democrat,control
Iran_Agreement,1,1,64,0,5,republican,control
Abortion,1,1,67,0,3,republican,control
Immigration,1,1,60,0,3,independent,control
Guns_Background,1,0,53,0,1,democrat,control
Tax_Increase,1,1,60,0,5,independent,control
Abortion,1,1,27,1,1,independent,control
Abortion,1,0,67,0,2,democrat,control
Guns_Background,1,1,64,0,1,independent,libtrump
Minimum_Wage,1,1,57,1,1,democrat,libtrump
Tax_Increase,1,1,53,0,3,republican,control
School_Guns,0,1,64,0,5,republican,libtrump
School_Guns,1,1,52,0,1,democrat,control
School_Guns,0,0,54,0,1,democrat,control
Health_Care,0,1,27,0,3,republican,libtrump
Guns_Background,1,1,20,0,5,republican,libtrump
School_Guns,1,1,21,1,4,republican,libtrump
Health_Care,1,1,56,0,1,democrat,control
Guns_Background,1,1,53,0,3,republican,control
Minimum_Wage,1,1,27,0,4,democrat,libtrump
Guns_Background,0,1,43,1,4,republican,control
Iran_Agreement,1,1,48,0,3,democrat,control
School_Guns,0,1,43,0,1,independent,libtrump
School_Guns,1,1,22,1,1,democrat,control
Immigration,0,1,38,1,4,republican,control
Iran_Agreement,0,1,33,0,4,republican,control
Immigration,0,1,63,0,4,republican,libtrump
Minimum_Wage,1,0,59,0,1,democrat,control
Abortion,0,1,51,0,4,republican,control
School_Guns,0,1,60,0,5,republican,control
Abortion,0,1,31,1,5,republican,control
Abortion,1,1,38,0,5,republican,control
Minimum_Wage,1,1,28,0,1,democrat,control
Minimum_Wage,1,1,42,0,4,republican,control
Tax_Increase,0,1,64,0,4,republican,control
School_Guns,0,1,50,1,3,republican,control
Tax_Increase,1,1,28,0,4,republican,libtrump
Tax_Increase,1,1,68,0,1,democrat,control
Immigration,0,1,39,0,3,independent,control
Tax_Increase,1,1,57,1,3,republican,control
Climate_Change,1,1,59,0,1,democrat,control
Planned_Parenthood,0,1,45,0,5,republican,control
Iran_Agreement,0,1,75,0,4,republican,control
Minimum_Wage,0,0,31,0,1,independent,control
Guns_Background,1,1,42,0,4,republican,libtrump
Immigration,0,1,54,0,5,republican,control
Guns_Background,1,1,59,1,5,republican,libtrump
Minimum_Wage,0,0,67,0,1,democrat,libtrump
Iran_Agreement,1,0,38,0,1,democrat,control
Abortion,1,0,30,1,4,independent,control
Guns_Background,1,1,51,0,4,republican,libtrump
Health_Care,1,1,33,1,5,republican,libtrump
Planned_Parenthood,1,0,27,0,3,independent,control
Health_Care,1,0,24,0,1,democrat,control
Health_Care,0,1,63,0,5,republican,control
Guns_Background,1,0,35,0,1,democrat,control
Minimum_Wage,1,1,56,0,4,republican,control
Minimum_Wage,1,1,43,0,5,republican,control
Guns_Background,1,1,67,0,3,republican,control
School_Guns,0,0,39,0,1,democrat,control
Tax_Increase,1,1,72,0,4,republican,control
Tax_Increase,0,1,22,0,3,democrat,control
Tax_Increase,1,1,61,0,4,republican,control
Climate_Change,0,0,30,0,5,republican,control
Health_Care,0,0,63,1,5,independent,control
Minimum_Wage,1,1,63,0,1,democrat,control
Minimum_Wage,1,1,29,0,3,independent,control
Tax_Increase,1,1,61,0,1,democrat,control
Immigration,0,0,60,0,4,independent,libtrump
Immigration,1,1,68,0,2,democrat,libtrump
Guns_Background,1,1,33,0,4,democrat,control
Health_Care,0,1,63,1,3,republican,control
Iran_Agreement,1,1,61,0,1,democrat,control
Abortion,1,1,60,0,5,republican,control
Guns_Background,1,0,47,1,1,independent,control
Iran_Agreement,1,1,63,0,3,democrat,control
Minimum_Wage,1,0,49,1,1,democrat,control
Abortion,1,1,62,1,1,democrat,control
Guns_Background,1,1,85,0,5,republican,control
Immigration,0,0,29,0,3,democrat,control
Climate_Change,0,1,38,0,5,republican,control
Tax_Increase,0,1,45,0,5,republican,control
Immigration,1,0,25,0,4,republican,libtrump
Planned_Parenthood,1,1,39,0,2,independent,control
Planned_Parenthood,0,0,63,1,5,independent,control
Immigration,0,1,28,0,4,independent,control
Health_Care,1,1,44,0,3,independent,control
Health_Care,1,1,26,0,2,democrat,control
Minimum_Wage,1,1,41,0,1,democrat,control
Guns_Background,1,1,19,1,1,democrat,libtrump
Health_Care,1,1,34,0,1,democrat,libtrump
Abortion,0,0,51,0,3,republican,control
Planned_Parenthood,1,1,59,0,1,democrat,control
Abortion,1,0,20,0,3,independent,control
Abortion,1,1,68,0,2,democrat,libtrump
Climate_Change,0,1,83,1,5,republican,control
Abortion,1,0,49,1,1,democrat,control
Climate_Change,0,1,61,0,4,republican,control
Abortion,1,0,37,0,1,democrat,libtrump
Health_Care,1,1,43,0,1,independent,libtrump
Abortion,0,1,64,0,5,independent,control
Guns_Background,1,1,55,0,1,democrat,control
Health_Care,1,1,41,0,1,independent,control
Planned_Parenthood,0,1,61,1,4,republican,control
Tax_Increase,0,0,62,0,5,republican,control
Abortion,1,1,59,0,1,democrat,control
Iran_Agreement,1,1,34,0,1,democrat,control
Planned_Parenthood,1,1,55,0,4,republican,control
Iran_Agreement,1,1,41,0,1,republican,libtrump
Climate_Change,1,1,56,0,1,democrat,control
School_Guns,1,0,62,0,1,democrat,libtrump
Guns_Background,1,1,74,1,5,independent,control
Climate_Change,1,1,31,0,1,democrat,control
Tax_Increase,1,1,30,0,2,democrat,libtrump
Guns_Background,1,1,67,0,1,democrat,libtrump
Abortion,1,0,43,0,1,democrat,control
Planned_Parenthood,0,0,42,0,1,democrat,libtrump
Guns_Background,1,1,64,0,4,republican,control
Immigration,1,1,43,0,5,independent,control
Health_Care,0,1,83,0,5,republican,control
School_Guns,1,1,38,1,1,democrat,control
Tax_Increase,0,1,26,0,3,republican,libtrump
Abortion,1,1,35,0,1,democrat,control
Tax_Increase,1,1,35,1,1,democrat,control
Planned_Parenthood,1,1,71,0,2,democrat,libtrump
Planned_Parenthood,1,1,42,1,2,democrat,control
Health_Care,1,1,60,0,4,republican,control
Immigration,1,1,21,1,1,democrat,control
Immigration,1,1,26,0,2,democrat,control
Iran_Agreement,1,1,70,1,1,democrat,libtrump
Guns_Background,1,0,58,1,5,republican,control
School_Guns,1,1,25,0,3,republican,control
Iran_Agreement,1,1,60,1,1,democrat,control
Immigration,1,1,55,0,4,independent,libtrump
Health_Care,1,1,24,0,1,democrat,control
Iran_Agreement,1,1,67,0,3,republican,control
Planned_Parenthood,1,0,35,0,1,democrat,control
School_Guns,1,0,40,0,1,democrat,control
Immigration,1,0,37,0,1,democrat,control
Guns_Background,1,0,36,0,1,democrat,control
Health_Care,0,1,64,0,4,republican,libtrump
Planned_Parenthood,1,1,37,0,5,republican,control
Abortion,1,1,31,1,1,democrat,control
Tax_Increase,1,1,59,0,1,democrat,control
School_Guns,1,1,76,0,5,republican,libtrump
Health_Care,1,1,59,0,1,democrat,control
Planned_Parenthood,0,0,51,1,5,independent,libtrump
Climate_Change,1,1,68,0,1,democrat,control
Health_Care,0,1,33,0,5,independent,libtrump
Climate_Change,0,1,61,0,3,republican,control
Health_Care,1,1,42,0,1,democrat,libtrump
Abortion,0,0,33,0,3,democrat,control
Planned_Parenthood,1,1,33,0,4,democrat,control
Planned_Parenthood,0,0,62,0,5,republican,control
Iran_Agreement,1,0,22,0,3,republican,control
Minimum_Wage,1,0,22,0,1,democrat,libtrump
Abortion,1,1,48,0,4,independent,libtrump
School_Guns,1,1,42,1,1,democrat,control
Guns_Background,1,0,42,1,3,democrat,control
Guns_Background,1,1,26,1,1,democrat,libtrump
Minimum_Wage,1,1,51,0,4,republican,libtrump
Iran_Agreement,0,0,59,0,2,democrat,control
Minimum_Wage,1,0,25,0,4,republican,libtrump
Guns_Background,1,1,31,0,2,independent,libtrump
Iran_Agreement,1,1,37,0,5,republican,control
Planned_Parenthood,1,0,30,1,4,independent,control
Minimum_Wage,1,1,47,1,4,republican,libtrump
School_Guns,0,0,28,0,1,democrat,control
Guns_Background,1,0,57,0,3,democrat,libtrump
Climate_Change,0,1,57,0,5,independent,control
Climate_Change,1,1,41,0,5,republican,libtrump
Iran_Agreement,1,1,75,0,5,republican,control
Immigration,1,1,20,0,5,republican,libtrump
Immigration,1,1,50,1,1,democrat,control
Guns_Background,1,0,69,0,1,democrat,control
Planned_Parenthood,0,1,58,1,4,independent,libtrump
School_Guns,1,1,57,1,5,republican,control
Minimum_Wage,0,1,57,1,4,republican,control
Immigration,0,0,64,0,1,democrat,control
Immigration,0,1,29,1,4,republican,control
Iran_Agreement,0,0,58,1,5,republican,control
Abortion,0,1,57,0,5,independent,control
Immigration,1,1,20,0,1,democrat,control
Tax_Increase,1,0,56,0,5,independent,libtrump
Health_Care,0,0,25,0,4,democrat,control
Tax_Increase,1,0,62,0,1,democrat,libtrump
Immigration,1,1,32,0,1,democrat,libtrump
Planned_Parenthood,0,0,77,0,5,republican,control
Tax_Increase,1,1,49,0,3,republican,control
Health_Care,1,1,51,0,4,republican,libtrump
Abortion,1,0,30,0,1,independent,control
Tax_Increase,0,1,85,0,5,republican,control
Iran_Agreement,1,1,38,0,5,republican,control
Tax_Increase,1,1,57,0,1,democrat,libtrump
Planned_Parenthood,1,0,28,0,2,democrat,control
Guns_Background,1,1,31,0,1,democrat,libtrump
Immigration,0,1,68,0,5,democrat,control
School_Guns,0,1,46,0,5,republican,control
Abortion,1,0,57,0,1,democrat,libtrump
Planned_Parenthood,0,1,64,0,4,republican,control
Health_Care,1,0,60,1,1,democrat,control
Guns_Background,1,1,59,0,1,democrat,control
School_Guns,0,0,43,0,4,independent,control
Health_Care,1,1,57,0,4,republican,control
Guns_Background,1,1,63,0,1,democrat,control
Planned_Parenthood,0,1,48,0,3,independent,libtrump
Planned_Parenthood,1,1,70,1,1,democrat,libtrump
Planned_Parenthood,1,0,71,0,4,democrat,libtrump
Iran_Agreement,0,0,22,0,1,democrat,control
Immigration,1,1,26,0,1,democrat,control
Guns_Background,0,1,48,0,1,independent,libtrump
School_Guns,1,1,63,0,1,democrat,control
Planned_Parenthood,0,0,28,0,1,democrat,control
Abortion,1,1,31,1,1,democrat,control
Planned_Parenthood,1,1,27,0,5,republican,control
Tax_Increase,1,1,40,0,1,democrat,control
Climate_Change,0,1,58,0,5,republican,control
School_Guns,0,1,67,1,4,independent,control
Planned_Parenthood,0,1,64,1,3,independent,libtrump
School_Guns,0,0,38,0,3,republican,control
Health_Care,0,1,83,1,5,republican,control
Immigration,0,1,38,0,5,republican,control
Immigration,0,0,43,0,1,democrat,control
Health_Care,0,1,62,0,4,republican,libtrump
Minimum_Wage,1,1,25,1,1,democrat,libtrump
Guns_Background,1,1,59,0,1,democrat,control
Health_Care,1,0,33,0,4,democrat,control
Tax_Increase,1,1,46,0,5,republican,control
Health_Care,0,1,74,1,5,republican,control
Guns_Background,1,0,23,0,3,democrat,control
Climate_Change,1,1,68,0,2,democrat,libtrump
Immigration,1,1,51,0,2,democrat,control
Abortion,1,1,71,0,4,republican,libtrump
Iran_Agreement,0,0,43,0,3,independent,control
Tax_Increase,1,1,31,0,2,republican,control
Iran_Agreement,0,1,23,0,5,republican,control
School_Guns,0,1,63,0,5,republican,libtrump
Immigration,1,1,29,0,1,independent,libtrump
Minimum_Wage,0,1,63,0,5,republican,control
Health_Care,1,1,37,1,1,democrat,control
School_Guns,0,1,64,0,4,republican,libtrump
Minimum_Wage,1,1,38,0,5,republican,libtrump
Iran_Agreement,1,1,59,0,3,republican,control
School_Guns,1,1,41,0,1,democrat,control
Planned_Parenthood,0,1,74,0,5,republican,libtrump
Iran_Agreement,1,1,68,0,1,democrat,control
Minimum_Wage,1,1,26,0,2,democrat,control
Tax_Increase,0,1,56,0,3,republican,libtrump
Abortion,1,0,25,0,1,democrat,control
Planned_Parenthood,1,1,61,0,1,democrat,control
School_Guns,0,1,59,0,5,republican,control
Minimum_Wage,0,1,25,0,3,republican,control
Minimum_Wage,1,1,66,1,5,republican,control
Iran_Agreement,1,1,76,1,1,democrat,libtrump
Health_Care,1,0,43,0,3,independent,control
Guns_Background,1,0,62,0,2,democrat,libtrump
Abortion,1,1,53,1,4,republican,control
Planned_Parenthood,0,1,68,0,1,democrat,control
School_Guns,0,0,22,0,3,republican,control
Health_Care,1,1,27,0,1,independent,libtrump
Abortion,1,0,22,1,1,democrat,control
Climate_Change,1,0,38,0,1,democrat,control
Planned_Parenthood,1,1,62,0,1,democrat,libtrump
Health_Care,0,1,31,0,3,republican,control
Planned_Parenthood,1,0,79,0,1,democrat,control
Health_Care,1,1,43,0,5,independent,control
Climate_Change,1,1,64,0,4,democrat,control
Guns_Background,1,1,52,0,1,democrat,control
Iran_Agreement,1,1,42,1,5,republican,control
Tax_Increase,1,1,42,1,5,republican,control
Minimum_Wage,0,1,60,0,4,republican,control
Abortion,1,1,63,0,1,democrat,control
Abortion,0,0,30,0,5,democrat,control
School_Guns,1,1,74,0,5,republican,libtrump
Planned_Parenthood,1,1,30,0,2,democrat,libtrump
Tax_Increase,1,0,73,0,1,democrat,libtrump
Abortion,1,1,62,0,1,democrat,libtrump
Tax_Increase,1,1,27,0,2,independent,libtrump
Iran_Agreement,1,1,59,1,5,republican,libtrump
Immigration,1,1,39,0,3,republican,control
Climate_Change,1,1,41,0,1,democrat,control
Climate_Change,1,1,76,0,5,republican,libtrump
Iran_Agreement,0,1,70,0,4,republican,libtrump
School_Guns,0,1,64,1,5,republican,libtrump
Iran_Agreement,0,1,74,0,5,republican,control
School_Guns,1,1,55,0,1,democrat,control
Iran_Agreement,1,1,36,1,1,democrat,control
Iran_Agreement,1,0,31,0,2,democrat,control
Iran_Agreement,1,0,27,0,2,republican,control
Iran_Agreement,1,1,64,0,5,republican,libtrump
Health_Care,0,1,41,0,1,republican,libtrump
Minimum_Wage,0,1,76,0,5,republican,control
Iran_Agreement,1,0,42,0,2,democrat,control
Health_Care,1,1,48,0,1,independent,libtrump
Iran_Agreement,1,1,21,1,1,democrat,control
Immigration,0,1,76,0,3,republican,control
Abortion,1,1,61,0,4,republican,control
Tax_Increase,1,1,41,0,5,republican,libtrump
Health_Care,1,1,33,0,4,republican,libtrump
Immigration,1,1,64,0,4,democrat,control
Immigration,1,1,48,0,1,independent,libtrump
Immigration,1,0,54,0,1,democrat,control
Planned_Parenthood,1,1,71,0,1,democrat,libtrump
Guns_Background,1,1,50,1,3,republican,control
Minimum_Wage,1,0,59,0,2,democrat,control
Minimum_Wage,1,1,55,0,4,independent,libtrump
Guns_Background,1,1,29,0,5,republican,libtrump
Guns_Background,1,1,25,1,1,democrat,libtrump
School_Guns,1,1,47,1,1,independent,libtrump
Minimum_Wage,0,0,22,0,4,democrat,control
Minimum_Wage,1,0,30,0,5,democrat,control
Iran_Agreement,1,0,53,0,1,democrat,control
Immigration,0,1,25,0,2,independent,control
Minimum_Wage,1,1,63,0,5,democrat,control
School_Guns,1,1,64,0,1,independent,libtrump
Guns_Background,0,1,63,0,4,republican,control
Planned_Parenthood,1,1,67,0,1,democrat,libtrump
Immigration,1,1,24,0,5,democrat,libtrump
Abortion,1,1,70,0,1,independent,control
Planned_Parenthood,1,1,67,0,2,independent,control
Climate_Change,0,1,64,0,4,republican,libtrump
Climate_Change,1,0,33,0,4,democrat,control
Climate_Change,1,0,49,1,1,democrat,control
Immigration,1,1,60,0,5,republican,control
School_Guns,1,1,33,0,1,democrat,control
Immigration,1,1,26,1,1,democrat,libtrump
Climate_Change,1,1,62,1,1,democrat,control
School_Guns,0,0,51,1,5,independent,libtrump
Planned_Parenthood,1,1,53,0,1,democrat,control
Minimum_Wage,1,1,41,0,1,democrat,control
Minimum_Wage,0,1,64,0,5,independent,control
Abortion,1,1,64,0,4,democrat,control
Tax_Increase,0,1,82,0,5,republican,control
Minimum_Wage,1,1,71,0,2,democrat,libtrump
Abortion,1,1,36,1,1,democrat,control
Tax_Increase,1,1,64,0,1,democrat,control
School_Guns,0,1,26,0,2,democrat,control
Immigration,1,1,59,1,1,democrat,libtrump
Tax_Increase,1,1,30,0,5,republican,control
Climate_Change,1,1,40,0,5,republican,libtrump
Climate_Change,1,0,38,0,4,democrat,control
Climate_Change,1,1,59,1,5,republican,libtrump
Iran_Agreement,0,1,59,0,5,republican,control
Guns_Background,0,1,36,0,2,independent,control
Immigration,0,1,50,1,3,republican,control
Health_Care,0,1,63,1,5,republican,control
Immigration,1,1,27,1,1,independent,control
Health_Care,1,1,60,1,1,democrat,libtrump
Minimum_Wage,1,0,43,0,1,democrat,control
Minimum_Wage,1,1,63,0,5,republican,control
Abortion,1,1,57,1,3,republican,control
Minimum_Wage,1,1,72,0,1,democrat,control
Guns_Background,1,0,35,0,1,democrat,control
Guns_Background,1,1,64,1,4,republican,libtrump
Abortion,0,1,27,0,5,republican,control
Tax_Increase,1,1,34,0,1,democrat,control
Guns_Background,1,1,64,0,5,independent,control
Health_Care,1,1,31,1,1,democrat,control
Planned_Parenthood,1,1,59,0,5,democrat,control
Climate_Change,1,0,28,0,1,democrat,control
Health_Care,1,1,52,0,1,independent,control
School_Guns,0,1,47,0,3,independent,libtrump
Abortion,1,1,64,1,1,democrat,control
Guns_Background,1,1,26,0,1,democrat,libtrump
Iran_Agreement,0,1,82,0,5,republican,control
Planned_Parenthood,0,1,82,0,5,republican,control
Abortion,1,1,53,0,1,democrat,control
Iran_Agreement,1,1,48,1,1,democrat,control
Tax_Increase,1,1,20,1,1,independent,control
Immigration,1,1,64,1,3,independent,libtrump
Iran_Agreement,1,1,67,0,1,democrat,libtrump
Iran_Agreement,1,1,43,0,1,democrat,control
Tax_Increase,1,0,30,0,1,democrat,libtrump
Health_Care,0,1,70,0,4,republican,libtrump
Tax_Increase,1,1,25,0,3,independent,libtrump
School_Guns,0,1,34,0,3,republican,control
Health_Care,1,0,65,0,5,republican,control
Tax_Increase,1,1,55,0,1,democrat,control
Immigration,1,1,59,0,5,democrat,control
Immigration,0,1,63,1,5,republican,control
Climate_Change,1,1,60,0,4,democrat,libtrump
Minimum_Wage,1,1,66,0,1,democrat,control
School_Guns,1,1,60,0,2,independent,control
Abortion,1,1,64,0,5,republican,control
Planned_Parenthood,0,1,58,1,4,republican,libtrump
Tax_Increase,0,1,42,0,4,republican,control
Iran_Agreement,0,1,67,0,2,independent,control
Immigration,1,0,23,0,3,democrat,libtrump
Health_Care,1,1,28,0,3,independent,control
Climate_Change,1,1,63,0,5,democrat,control
Planned_Parenthood,1,1,56,0,1,democrat,control
Health_Care,1,0,73,0,1,democrat,libtrump
School_Guns,1,0,34,0,1,democrat,control
Climate_Change,1,1,26,0,1,democrat,libtrump
Immigration,1,1,37,1,1,democrat,control
Guns_Background,1,1,31,1,1,democrat,control
Health_Care,1,1,29,0,1,democrat,control
Minimum_Wage,1,1,60,1,1,democrat,control
Guns_Background,1,1,33,0,4,republican,libtrump
Health_Care,1,1,29,0,5,republican,libtrump
Health_Care,0,1,63,1,5,republican,control
Guns_Background,1,1,53,0,5,republican,control
Guns_Background,1,1,57,1,5,republican,control
School_Guns,0,1,33,0,5,independent,libtrump
Iran_Agreement,0,1,75,0,5,republican,control
Immigration,0,1,35,0,1,independent,control